Date,A,B,C,D,E,F,G,H,I,J,K,L,M,N,O,P,Q,R,S,T,U,V,W,X,Y,Z,AA,BB,CC,DD,EE,FF,GG,HH,II,JJ,KK,LL,MM,NN,OO,PP,QQ,RR,SS,TT,UU,VV,WW,XX,YY,ZZ
2000-01-01,86.72,248.33,165.15,283.22,203.08,218.37,89.03,238.0,174.12,216.79,108.41,61.75,177.25,124.33,307.65,112.98,120.25,124.02,103.48,173.44,58.94,156.27,146.87,115.57,71.15,66.71,87.74,55.15,53.92,283.87,76.94,274.41,82.29,276.82,57.57,295.23,98.48,233.87,145.15,221.58,79.18,92.65,109.66,127.59,204.13,147.64,293.36,294.22,282.16,127.43,73.54,248.89
2000-01-02,86.12,253.7,164.86,284.11,202.95,218.85,87.91,238.74,170.76,215.12,108.88,61.28,176.69,124.36,310.26,111.16,119.41,124.77,102.63,171.4,58.5,155.05,145.81,115.43,70.26,66.4,88.32,55.02,53.12,287.23,77.74,271.16,83.41,275.81,57.4,299.79,97.02,230.4,147.66,219.29,80.41,92.29,111.9,126.82,203.01,147.46,298.0,291.89,279.53,128.77,72.93,248.37
2000-01-03,86.08,256.8,165.32,287.19,204.56,219.2,87.73,239.32,170.32,216.0,109.44,61.06,175.74,124.34,307.04,110.54,119.53,123.8,101.49,171.72,58.47,157.33,143.35,114.51,70.3,66.28,91.06,54.8,52.41,288.9,78.73,269.03,82.89,278.14,56.61,301.56,97.25,230.14,148.13,219.32,79.99,91.01,113.24,126.51,205.09,148.65,299.7,286.01,282.36,128.53,73.05,248.38
2000-01-04,87.19,257.85,168.95,288.07,206.18,221.82,86.37,239.52,173.72,216.06,109.05,59.89,177.88,124.99,308.84,110.05,119.6,124.32,101.25,172.24,58.86,156.19,141.68,113.85,70.6,66.95,91.5,54.03,52.44,291.49,77.69,266.95,83.67,282.95,56.68,303.1,97.0,226.65,146.98,220.42,78.4,90.44,113.67,125.93,201.84,148.76,309.08,290.54,283.9,128.51,72.34,248.77
2000-01-05,84.93,258.34,171.28,289.55,200.42,227.16,86.18,236.66,174.18,215.82,108.56,60.07,176.25,122.4,311.73,110.1,120.4,124.16,101.91,169.41,58.74,156.8,141.82,114.82,70.62,67.51,91.1,54.29,52.6,294.25,76.15,267.5,85.14,278.5,56.04,304.35,96.47,226.01,148.5,220.29,77.74,90.74,113.73,123.82,202.06,149.44,304.74,294.9,281.29,130.19,72.4,248.9
2000-01-06,85.4,256.6,174.4,295.8,203.19,224.08,85.36,237.84,174.87,219.49,107.25,59.48,174.55,121.99,311.69,109.73,119.04,122.18,100.71,170.13,58.61,158.16,141.53,114.75,71.5,66.68,88.92,55.26,52.15,294.26,76.88,266.49,86.61,273.49,56.3,306.93,96.36,223.82,148.58,220.77,78.13,92.36,113.91,125.79,202.26,150.51,301.08,291.08,281.79,130.59,71.91,248.33
2000-01-07,84.54,253.42,172.54,293.59,204.44,226.44,86.57,236.98,176.43,216.1,107.45,59.67,172.59,120.68,310.23,110.14,120.62,121.95,102.08,166.67,58.7,156.74,144.2,116.79,71.16,66.8,88.27,55.92,53.25,296.98,78.37,268.31,86.73,274.43,55.19,308.58,96.45,225.14,148.61,221.98,79.45,91.91,113.62,124.84,203.87,151.39,302.75,290.43,279.5,131.29,71.81,246.66
2000-01-08,83.92,256.88,173.51,293.59,205.91,227.17,87.75,236.34,174.77,217.94,106.68,59.44,170.07,121.79,313.61,107.61,119.7,122.03,101.65,168.48,58.92,155.27,144.74,118.34,70.86,65.83,88.48,55.88,52.39,297.31,79.13,267.88,85.97,275.41,55.82,309.94,94.88,226.18,147.93,220.51,79.13,92.15,114.9,124.25,205.3,152.55,302.52,288.58,282.98,131.14,71.67,245.28
2000-01-09,83.35,256.89,174.4,297.31,209.72,223.3,88.34,239.98,175.46,216.96,107.2,59.91,169.5,121.17,313.8,108.62,120.2,119.65,102.98,169.57,58.14,154.98,144.21,119.39,70.25,66.56,87.25,55.83,51.92,299.83,79.25,269.38,85.23,268.5,54.86,311.03,94.79,226.76,148.17,225.06,78.95,92.08,113.39,123.26,206.92,151.14,299.29,289.17,280.64,130.61,72.23,245.6
2000-01-10,82.51,256.66,174.36,298.88,205.06,225.48,89.4,240.16,172.04,217.45,107.59,60.21,168.11,122.95,317.26,108.86,120.61,120.84,103.23,172.1,58.53,155.28,145.01,120.4,70.13,66.8,87.58,56.14,52.24,300.53,79.33,269.14,86.12,270.47,54.56,311.47,93.55,225.71,150.48,223.28,78.61,92.15,112.94,124.6,208.02,150.03,297.27,288.64,277.32,129.86,71.8,240.15
2000-01-11,82.57,255.67,170.75,300.42,206.24,226.9,89.34,236.49,171.11,217.74,108.97,60.85,170.77,124.73,317.51,107.73,119.82,119.44,102.3,170.88,58.46,156.61,142.64,118.2,69.08,66.63,87.58,55.41,51.23,301.7,79.59,266.96,85.97,271.33,55.64,309.89,93.21,227.7,152.53,222.77,79.4,92.05,111.85,124.86,205.97,150.73,294.54,287.88,276.62,132.08,70.55,239.68
2000-01-12,81.69,254.17,171.1,301.73,211.38,226.27,88.9,235.86,170.97,219.47,108.27,60.69,172.1,123.4,315.98,106.47,119.12,118.61,101.8,169.34,58.76,158.49,143.82,119.68,68.84,66.32,86.51,56.27,51.29,303.85,80.39,267.13,86.44,271.39,55.54,311.06,94.77,230.17,153.44,221.03,78.67,92.61,112.78,123.79,203.14,150.92,296.08,286.67,272.6,131.95,72.27,241.34
2000-01-13,81.19,254.95,172.73,301.95,210.42,227.45,87.18,237.69,172.8,220.47,108.23,61.14,173.57,121.75,317.07,105.84,120.93,117.87,101.47,167.11,58.33,156.11,144.91,121.41,68.98,66.55,87.92,55.81,51.93,301.89,81.16,267.6,86.34,271.14,55.02,307.18,93.39,230.3,152.68,216.92,77.47,94.81,113.23,126.47,203.76,149.34,294.8,290.6,269.22,131.03,72.61,241.75
2000-01-14,81.95,248.62,175.58,295.88,207.58,229.61,88.37,231.04,177.46,220.61,106.13,60.94,170.96,123.62,323.26,107.19,121.36,118.04,101.79,166.57,57.97,151.76,143.5,121.71,68.82,67.73,89.33,55.77,52.07,304.46,81.64,266.0,86.82,272.58,54.5,306.74,94.46,230.33,151.95,217.33,77.22,94.15,113.9,128.62,205.71,150.42,294.48,291.27,265.8,130.37,71.87,244.13
2000-01-15,82.67,253.14,176.05,301.17,209.22,230.54,88.37,230.86,176.81,222.99,105.19,60.94,174.67,125.61,327.08,105.91,123.15,116.61,100.41,167.0,58.78,153.72,141.92,125.05,68.2,66.46,87.9,55.69,52.36,306.38,81.21,268.44,86.01,273.2,53.5,311.64,94.88,229.51,150.37,214.32,76.69,94.91,113.87,127.85,202.05,152.2,295.7,289.8,268.16,130.66,72.72,240.03
2000-01-16,82.0,253.3,175.34,296.83,205.65,230.16,88.12,231.9,175.29,229.42,105.12,60.46,173.21,127.85,325.51,106.1,123.03,118.08,99.25,167.14,58.03,156.96,141.83,124.87,67.51,67.37,87.97,56.38,52.17,307.77,81.17,270.15,83.83,277.48,53.89,308.55,94.96,230.66,149.16,216.29,76.15,93.62,115.29,127.58,202.68,151.6,297.87,292.91,270.72,131.6,73.55,237.37
2000-01-17,81.4,250.8,175.03,299.18,205.26,229.07,88.14,233.19,176.31,225.49,106.07,60.37,171.8,128.91,323.77,105.89,123.11,118.26,98.46,167.22,58.77,156.52,141.11,124.62,67.98,68.12,86.49,55.95,51.81,303.64,81.68,270.79,82.99,278.16,54.93,305.55,94.02,229.58,151.31,219.77,76.51,94.14,116.47,127.8,205.56,152.23,298.03,292.03,273.53,130.24,74.02,239.36
2000-01-18,80.83,250.65,175.31,299.66,203.32,228.08,88.26,230.2,173.91,221.96,107.51,60.0,170.7,130.12,327.28,105.62,124.63,118.71,99.02,168.75,58.25,154.68,141.31,123.36,68.12,67.43,86.4,55.32,51.23,310.5,81.29,269.33,83.94,277.6,55.27,310.24,94.63,226.94,149.12,215.69,77.1,94.53,117.88,126.52,204.72,148.82,300.26,288.74,274.99,130.35,72.66,239.93
2000-01-19,80.7,248.8,174.8,304.45,202.13,227.2,88.38,231.87,171.98,218.64,107.98,60.92,172.15,130.47,323.77,104.84,125.15,119.47,99.35,169.61,57.19,154.47,142.26,123.95,68.69,66.86,86.17,54.82,51.35,314.33,81.85,269.78,86.09,278.27,55.1,306.72,92.64,223.51,149.24,217.51,75.95,94.97,117.13,126.68,202.36,148.77,301.82,285.38,274.64,132.5,72.37,237.5
2000-01-20,79.65,251.78,175.38,305.6,202.96,227.31,88.35,233.0,172.58,219.89,107.7,61.47,173.21,130.64,321.09,104.79,124.24,118.11,99.92,170.01,57.93,151.82,141.76,122.73,68.46,66.79,86.13,54.67,51.71,314.5,82.55,265.63,87.31,280.49,55.04,307.37,94.37,222.36,146.84,217.68,77.98,95.26,117.15,125.13,201.79,149.54,308.08,287.9,273.13,130.0,72.41,235.67
2000-01-21,78.98,250.75,177.91,307.12,203.9,228.88,88.55,233.92,172.58,219.95,108.25,62.21,173.06,129.96,325.73,105.37,123.51,118.67,100.05,167.39,58.27,151.94,141.19,122.76,67.55,67.5,86.12,55.07,50.83,313.74,82.53,264.45,87.16,281.24,56.04,300.92,94.02,222.84,145.59,215.88,76.55,95.97,116.58,123.81,207.1,149.27,314.24,287.85,274.85,128.77,71.76,239.15
2000-01-22,80.64,247.91,175.29,309.45,204.77,227.69,89.26,233.11,171.84,221.69,107.97,61.7,173.26,130.89,328.19,106.21,124.63,119.85,101.31,168.1,58.57,152.67,140.56,122.01,66.46,67.61,87.95,54.76,51.07,312.23,81.79,265.62,86.21,284.66,55.83,299.48,94.85,222.08,143.89,215.92,77.01,95.21,117.08,122.61,206.26,149.42,313.12,286.85,276.71,130.04,70.65,238.22
2000-01-23,81.28,245.82,174.13,309.72,204.59,231.31,88.0,234.67,172.52,217.28,107.84,62.43,177.32,130.8,321.83,106.49,125.44,121.56,99.41,167.92,58.59,155.15,140.75,120.96,66.51,67.4,88.41,54.53,51.54,310.36,81.66,262.51,87.05,282.24,54.53,298.63,94.82,222.6,143.64,213.54,76.48,94.73,114.18,123.09,210.92,149.98,315.31,286.03,279.22,130.63,70.69,237.75
2000-01-24,82.29,242.24,176.83,305.08,205.54,229.96,87.88,236.82,169.48,222.05,108.4,62.11,177.97,129.67,323.87,106.62,123.73,119.88,100.5,169.77,57.81,156.81,140.22,119.75,66.44,66.47,89.02,53.77,50.6,313.24,81.25,262.29,87.44,287.39,55.29,294.21,94.3,221.55,142.4,215.57,75.51,93.32,114.03,121.69,208.24,147.99,316.56,286.6,276.79,129.44,71.12,234.74
2000-01-25,81.94,242.81,178.15,304.53,206.05,228.31,87.88,236.78,168.56,217.69,108.04,61.77,180.1,132.32,320.96,107.48,123.87,118.68,97.87,168.63,58.29,154.71,140.47,120.73,66.81,66.01,89.63,53.38,49.74,310.84,81.09,264.3,87.02,287.14,55.52,294.26,94.73,223.38,143.69,212.85,76.83,91.64,113.66,120.82,208.4,146.14,314.33,282.15,275.75,129.04,70.76,237.96
2000-01-26,83.8,242.95,178.99,308.19,207.65,226.31,87.69,234.7,169.16,216.77,107.67,62.34,180.36,132.74,321.83,107.37,122.57,117.35,96.88,167.83,58.0,154.97,139.13,119.25,66.8,66.39,89.5,53.58,50.06,310.14,82.03,261.8,87.49,289.07,54.93,298.03,94.67,224.72,143.72,215.15,76.89,91.35,114.37,121.15,207.75,147.22,316.99,281.33,273.04,126.75,70.26,242.73
2000-01-27,84.71,242.19,178.29,308.21,205.87,225.72,86.33,231.82,169.8,213.45,105.78,62.48,180.3,133.45,322.21,108.33,122.08,117.95,96.24,169.32,57.52,153.87,140.58,119.83,67.91,65.2,88.3,53.62,50.59,305.72,82.49,262.94,87.23,288.74,54.65,296.52,97.31,227.68,142.14,216.24,77.38,91.87,114.71,120.64,211.86,147.35,316.84,281.71,271.05,125.2,71.46,245.53
2000-01-28,85.68,240.28,175.3,308.1,203.67,227.55,85.9,231.55,168.59,211.29,104.83,63.61,181.17,133.45,323.14,108.09,121.8,118.86,95.5,165.96,56.68,153.51,141.87,120.29,67.54,65.04,88.62,52.72,49.98,306.1,82.54,269.23,87.33,285.6,54.73,299.05,97.89,228.92,144.27,217.15,76.29,91.84,113.62,119.65,211.39,148.1,316.77,279.28,269.57,126.14,70.33,245.35
2000-01-29,87.16,239.2,176.34,306.26,206.43,224.42,84.89,229.09,168.19,209.12,105.53,64.44,180.71,133.3,321.07,106.74,121.22,116.37,95.99,166.52,57.03,155.39,141.63,122.88,66.9,64.58,88.84,52.44,49.75,311.84,84.07,272.85,87.8,288.45,54.87,298.64,96.31,229.96,144.53,217.85,75.37,90.95,115.26,118.74,212.02,149.21,315.39,279.45,267.7,127.56,69.81,249.97
2000-01-30,88.25,240.38,179.02,301.72,205.71,229.66,85.64,227.96,171.74,205.15,106.37,63.84,181.32,133.28,320.79,108.66,121.09,116.57,97.2,169.97,57.34,156.3,140.03,122.52,68.3,65.52,88.63,52.0,49.6,311.94,85.69,274.89,87.86,287.46,53.83,298.13,93.38,230.46,144.91,217.51,76.08,90.11,116.02,121.38,213.58,148.79,316.5,276.27,269.08,128.14,69.56,250.33
2000-01-31,89.27,241.67,182.5,306.88,206.87,226.79,86.12,231.42,171.29,202.79,106.09,62.96,179.25,131.64,321.35,109.44,121.72,115.19,97.58,167.81,58.14,157.93,140.56,122.87,67.89,66.08,89.83,51.61,50.05,312.32,85.93,275.39,87.25,289.17,52.85,298.3,92.97,230.54,146.91,218.11,74.6,88.83,114.04,123.6,215.69,150.55,314.4,278.93,269.7,128.22,69.38,248.71
2000-02-01,87.15,240.74,185.32,310.47,208.54,227.31,87.17,232.3,175.3,203.72,106.91,63.48,179.37,130.41,320.67,110.04,121.11,114.8,96.66,168.46,56.49,158.04,141.42,123.42,68.08,65.96,90.28,52.94,49.61,318.84,86.46,270.6,87.99,286.67,52.68,300.18,93.67,233.37,148.29,222.26,75.29,89.0,115.11,122.13,217.04,149.01,321.84,282.21,264.75,128.67,69.92,245.67
2000-02-02,86.34,243.37,189.24,315.06,205.42,230.23,87.23,231.13,177.48,208.12,106.22,64.42,177.8,130.21,325.39,111.2,120.45,116.36,96.15,168.04,56.17,158.1,141.34,122.56,67.95,65.48,91.6,52.55,49.67,316.02,87.12,267.09,87.34,288.62,52.47,298.52,93.02,232.24,150.27,225.39,75.21,88.32,114.33,122.8,220.61,150.19,324.84,279.05,264.14,127.95,69.94,241.49
2000-02-03,86.71,244.48,188.66,314.92,201.02,231.29,86.92,229.76,176.65,207.14,106.48,64.52,179.28,129.55,322.28,111.97,119.67,115.6,97.28,169.9,55.94,158.46,141.91,123.8,68.75,65.79,93.27,53.16,48.67,314.72,87.88,268.22,86.59,290.57,52.45,301.54,91.58,234.15,151.87,228.34,75.32,88.67,114.46,122.24,222.35,150.01,324.44,279.96,264.1,127.44,69.05,242.99
2000-02-04,86.83,247.54,187.55,317.49,204.41,234.68,87.02,227.92,175.86,209.38,106.33,65.32,180.85,130.1,328.73,112.09,120.3,116.09,98.47,166.7,56.62,158.95,142.73,125.5,68.95,65.24,92.27,53.51,48.6,310.99,88.51,266.8,86.31,286.64,53.2,298.77,92.45,231.31,149.43,226.81,74.63,89.83,114.34,121.15,222.62,149.42,324.61,283.23,262.14,127.19,69.67,245.79
2000-02-05,88.14,245.81,184.59,325.54,205.12,235.27,87.97,227.9,176.91,209.01,108.81,64.82,182.02,130.91,332.46,112.06,120.04,116.5,95.83,170.6,56.84,158.72,145.14,126.79,70.01,65.79,90.89,54.3,47.86,312.72,88.79,268.95,84.72,283.62,53.07,298.09,92.38,231.58,148.44,229.37,74.4,90.59,113.03,120.83,219.2,148.29,327.9,283.71,257.85,126.83,69.01,247.28
2000-02-06,88.14,250.08,185.28,332.22,206.23,235.77,89.8,224.89,175.88,205.18,109.05,65.05,181.24,130.04,332.74,112.95,119.71,116.38,95.4,170.51,57.49,158.08,146.03,127.28,69.41,65.83,90.94,54.69,47.82,313.43,89.49,269.31,84.79,287.77,52.53,294.19,92.76,228.63,149.39,228.72,75.07,89.49,113.99,120.28,221.65,146.94,327.48,280.47,259.34,125.8,69.91,248.77
2000-02-07,87.27,252.06,189.05,331.85,207.54,237.58,91.01,218.79,178.91,204.6,109.4,65.2,179.19,130.39,333.61,114.25,118.69,115.61,96.26,172.46,57.17,161.52,146.45,124.61,68.71,65.97,90.57,54.5,47.9,320.91,90.04,269.26,84.58,286.68,51.63,294.6,91.51,231.6,149.2,227.04,75.09,89.07,113.56,119.19,221.61,144.12,329.39,279.98,256.11,124.73,69.67,245.81
2000-02-08,87.74,253.07,188.5,334.28,207.58,239.4,89.7,218.75,177.3,205.91,109.92,65.68,180.65,129.14,331.11,112.88,119.47,115.13,96.43,172.23,56.55,162.73,145.15,123.56,68.61,65.11,89.33,54.0,47.73,318.5,90.13,271.4,85.17,284.36,51.35,302.63,90.56,231.68,146.86,229.16,75.79,90.1,112.54,119.63,220.24,142.96,328.76,279.95,255.32,124.4,69.49,246.0
2000-02-09,87.46,256.29,190.47,336.57,204.6,236.63,91.03,220.17,176.31,205.45,110.94,65.28,181.22,130.68,335.41,112.22,119.05,114.35,95.66,171.41,56.13,163.43,144.97,124.56,67.97,66.16,88.69,54.34,46.85,320.14,89.02,274.16,84.76,279.44,50.68,299.52,89.89,229.68,145.57,229.63,75.29,91.19,113.38,121.33,219.47,142.48,335.69,284.37,251.99,124.78,69.35,247.24
2000-02-10,88.01,257.49,191.48,333.72,203.84,236.21,92.38,221.36,176.47,206.77,112.09,64.83,184.34,132.55,336.27,112.77,121.06,113.29,95.77,172.58,55.37,163.83,147.13,124.5,69.71,66.91,88.75,54.84,46.7,317.81,89.31,276.77,85.01,278.64,51.64,301.64,89.53,228.13,144.69,227.01,75.37,92.94,113.93,123.6,216.9,141.56,342.03,283.14,251.69,124.56,69.42,247.32
2000-02-11,88.09,260.34,191.94,329.74,204.87,235.88,92.66,223.94,178.52,207.68,110.49,65.76,181.9,132.6,334.26,113.39,118.62,114.86,95.23,171.9,54.29,161.98,145.07,125.1,69.54,67.02,87.71,54.01,46.09,317.66,87.87,276.45,84.78,275.45,51.83,301.94,86.78,225.43,143.17,227.35,76.33,92.96,115.91,123.32,218.81,140.59,340.97,283.75,252.09,124.2,70.19,245.71
2000-02-12,87.69,264.85,193.75,334.11,204.86,237.87,93.66,220.28,175.36,208.24,110.33,64.18,179.8,133.09,331.05,111.55,119.39,116.37,94.32,170.4,54.48,159.27,144.35,126.16,69.34,66.48,87.94,53.71,46.5,316.44,88.02,277.96,85.11,277.48,51.7,302.53,84.92,225.72,143.79,227.7,76.16,92.71,116.99,124.9,217.96,136.66,342.73,282.95,251.19,123.82,70.8,247.86
2000-02-13,88.62,271.54,192.07,332.63,209.74,239.98,93.21,216.85,175.58,211.09,112.65,62.69,178.04,133.38,330.9,111.58,120.21,115.81,93.12,170.11,54.13,160.19,143.06,127.3,69.05,66.45,87.74,53.04,46.11,311.35,87.14,277.5,84.4,279.22,51.22,301.24,84.83,221.12,143.96,227.63,76.51,91.75,117.27,124.15,216.93,138.1,346.32,285.22,253.74,122.37,69.87,244.34
2000-02-14,89.06,269.88,191.97,335.39,210.61,239.74,93.71,216.17,175.24,206.51,111.2,62.28,179.31,134.12,327.53,111.79,121.17,115.84,91.88,170.06,53.23,159.16,141.56,126.37,68.44,65.5,88.49,53.22,44.96,310.64,87.09,278.35,84.05,283.51,51.79,307.39,84.73,219.08,143.92,226.92,77.04,91.73,118.14,123.72,216.38,138.76,342.8,279.57,253.13,122.27,68.9,242.47
2000-02-15,90.2,268.63,194.12,334.61,211.18,242.64,92.4,215.26,175.07,206.51,111.19,62.93,181.21,134.15,321.45,112.32,122.03,116.26,92.16,169.64,53.09,157.34,142.23,123.96,67.66,65.13,88.3,53.63,44.64,315.02,88.26,279.03,85.27,279.34,51.42,304.67,85.41,219.29,144.1,227.11,77.24,91.78,117.37,123.36,217.53,135.7,344.39,278.63,251.52,121.3,69.8,241.56
2000-02-16,89.65,270.97,195.36,333.18,210.65,246.82,92.26,215.62,172.18,207.69,112.53,62.8,183.01,133.38,325.22,111.69,121.18,114.37,93.96,168.39,53.05,155.19,143.59,123.16,67.32,64.83,87.79,54.53,43.98,316.81,88.0,280.0,85.44,282.96,50.52,300.63,85.63,217.38,143.99,228.45,77.24,92.44,120.1,122.58,218.04,135.88,350.53,276.1,253.72,122.67,71.13,241.44
2000-02-17,87.59,270.76,191.9,331.2,209.5,240.96,91.44,216.15,174.11,208.68,112.69,62.73,185.21,132.88,323.41,110.07,119.46,114.48,95.67,167.55,52.98,155.03,143.76,120.36,67.67,64.22,87.51,54.94,44.59,317.22,87.15,284.59,85.05,287.71,49.56,300.04,85.43,217.97,145.16,227.95,77.7,93.99,119.16,123.04,221.11,137.32,354.36,275.1,249.09,122.63,71.42,239.72
2000-02-18,88.25,271.0,192.59,333.7,209.94,245.21,89.9,218.4,173.66,208.13,113.59,63.45,186.64,133.17,330.33,108.48,118.4,116.77,94.97,167.58,52.71,156.1,144.21,121.38,67.96,62.67,87.63,55.3,43.96,313.31,86.67,283.76,85.89,287.85,49.48,303.94,85.98,219.31,144.43,226.61,77.52,93.87,118.75,123.68,221.26,137.02,349.43,277.1,248.45,120.45,72.12,239.55
2000-02-19,87.77,268.33,191.68,332.29,208.15,246.16,91.12,220.54,173.68,211.01,113.1,62.28,185.34,130.93,331.83,107.75,117.26,116.6,94.33,165.69,52.85,157.97,141.73,121.68,68.31,61.7,87.31,54.68,43.66,310.77,86.61,281.18,86.74,290.94,49.31,304.56,85.0,219.0,144.0,224.64,76.48,93.38,119.3,124.56,224.03,137.36,348.8,282.71,247.8,119.53,72.73,242.33
2000-02-20,88.54,266.75,194.52,332.19,204.94,248.3,89.65,222.0,172.43,213.79,114.2,63.63,182.74,133.18,335.02,106.75,117.88,116.83,93.55,166.07,52.66,159.02,142.46,121.32,68.71,62.45,88.24,53.93,44.66,317.44,85.72,284.86,88.82,291.94,48.98,301.73,85.98,220.5,146.59,224.51,78.17,93.21,118.99,125.1,225.62,140.8,346.19,285.98,248.32,119.63,71.82,240.47
2000-02-21,88.01,268.9,195.27,331.67,205.06,251.57,89.47,223.36,174.07,211.72,116.9,63.63,181.83,132.17,340.2,105.45,117.31,114.58,92.77,166.44,53.5,158.69,141.92,119.76,68.31,62.55,88.75,53.59,45.19,316.94,82.96,281.9,87.92,292.43,49.02,304.04,86.86,219.21,147.68,221.92,79.17,92.84,119.81,126.29,226.86,140.36,346.37,288.54,248.89,118.63,71.89,241.8
2000-02-22,89.44,268.45,195.44,331.33,205.53,254.86,89.58,219.03,175.53,214.91,119.07,63.34,181.54,133.25,338.36,106.61,117.86,114.57,92.23,167.14,53.46,157.21,139.69,121.63,68.81,62.96,88.39,53.66,45.46,312.39,81.65,282.29,86.33,292.57,48.22,301.78,87.24,219.89,149.33,224.41,78.99,90.77,118.19,128.26,226.32,140.74,342.89,293.34,254.47,117.23,70.71,240.19
2000-02-23,90.13,269.75,196.22,327.64,208.82,254.68,89.2,219.07,175.06,218.55,118.69,62.76,182.78,132.27,336.44,106.93,118.49,113.36,92.39,167.32,53.49,159.33,140.49,119.55,68.69,62.74,88.54,53.44,45.57,309.43,82.84,281.07,86.68,294.84,47.48,299.64,87.32,219.03,147.59,226.83,79.62,89.48,118.91,129.25,225.6,137.5,347.75,292.46,254.57,116.88,71.17,242.49
2000-02-24,88.99,269.66,195.34,320.28,210.12,254.94,88.85,220.63,175.84,218.29,118.73,62.72,182.65,132.76,343.54,106.44,118.09,113.26,92.79,169.21,51.9,160.22,139.08,118.22,69.28,61.66,88.04,54.43,46.0,305.71,83.25,282.57,88.8,294.7,47.02,298.32,86.96,215.09,147.76,226.59,81.16,91.88,118.89,132.96,226.75,135.05,346.4,290.39,251.58,116.27,71.56,244.92
2000-02-25,89.12,271.35,193.67,320.22,209.05,255.25,87.74,223.51,176.33,217.69,119.73,62.52,181.91,134.1,343.92,107.25,120.23,114.8,92.79,168.97,52.1,159.89,139.52,116.77,69.42,61.68,88.28,54.35,46.24,305.92,83.27,279.0,87.45,296.74,47.45,298.94,85.48,214.96,146.86,228.11,81.78,92.9,118.17,130.95,229.61,133.11,343.01,289.68,252.74,116.76,71.8,245.8
2000-02-26,88.11,268.5,195.37,322.12,212.31,256.75,87.65,223.28,176.7,216.75,119.01,62.38,177.97,134.24,337.86,105.05,119.9,114.62,92.81,168.25,52.15,159.77,141.05,116.04,69.7,61.47,87.08,54.34,46.24,309.4,82.38,279.12,86.4,300.88,47.14,297.31,85.88,213.63,146.7,228.77,81.72,94.82,118.84,130.11,228.55,132.44,344.35,288.56,252.4,116.21,71.72,249.69
2000-02-27,88.08,264.98,197.97,323.07,214.33,262.71,87.91,221.84,173.47,217.08,119.71,62.77,180.02,133.46,341.52,105.65,121.43,116.19,90.89,165.05,52.25,159.97,139.76,117.06,70.93,61.38,87.0,54.52,46.06,311.11,82.42,282.5,87.6,298.02,46.96,296.54,85.08,214.56,145.64,230.45,82.99,94.08,118.03,129.52,227.81,133.08,342.25,290.24,250.8,117.14,72.0,255.94
2000-02-28,89.8,262.33,194.3,328.16,215.62,261.07,87.74,222.63,175.24,216.87,122.17,63.02,180.11,133.77,345.69,105.01,121.27,115.46,89.67,165.91,53.18,160.68,139.37,114.75,70.57,61.19,85.93,54.95,45.75,314.37,82.63,280.47,88.69,296.43,46.75,299.91,84.7,215.74,143.62,228.66,82.85,94.67,120.06,129.89,226.03,133.88,345.8,293.46,251.19,119.42,72.38,255.22
2000-02-29,89.6,262.61,194.29,329.29,214.65,259.42,87.49,222.36,174.69,216.95,122.44,64.02,179.57,133.23,349.95,104.04,120.3,113.39,91.24,168.52,54.08,160.2,137.73,115.8,69.49,60.37,86.03,54.56,45.31,309.65,83.23,279.98,89.61,299.87,46.93,306.13,84.95,216.45,145.81,226.33,82.31,94.88,118.73,129.66,230.17,134.03,351.51,302.24,252.51,118.06,72.16,259.66
2000-03-01,90.55,266.38,194.22,324.77,212.0,258.03,88.42,225.5,173.67,214.9,124.72,64.2,180.66,131.48,353.29,104.86,120.85,113.65,91.37,171.31,53.76,159.51,136.54,116.57,70.03,60.79,85.73,55.25,45.27,308.85,84.2,280.94,89.23,303.58,46.11,309.51,86.98,217.54,142.79,224.22,82.3,94.22,118.72,131.2,230.97,133.75,346.77,303.67,252.93,118.51,71.87,258.5
2000-03-02,89.52,264.74,193.98,324.78,209.5,259.95,89.15,225.97,171.81,214.53,124.98,64.49,180.87,130.84,350.0,103.1,121.53,112.76,91.88,171.96,52.92,161.89,136.14,116.14,70.05,60.54,86.83,55.6,45.55,312.5,84.03,278.48,90.0,301.24,45.47,308.66,87.41,216.8,143.22,225.25,82.78,94.63,117.38,131.28,227.83,134.67,344.44,303.7,249.09,119.81,70.79,258.11
2000-03-03,89.84,261.59,193.4,318.06,211.43,259.42,90.15,230.16,172.37,209.31,126.09,63.3,179.99,130.24,354.72,102.84,123.55,113.72,92.53,167.11,52.99,162.76,133.87,115.52,69.97,59.51,84.86,55.93,45.11,316.24,84.53,278.65,90.91,299.96,46.18,312.68,88.19,215.33,144.99,224.56,82.36,93.91,117.36,132.24,223.54,134.69,345.03,304.03,250.51,119.57,70.89,259.61
2000-03-04,91.38,259.54,195.47,320.1,210.77,265.23,89.92,229.89,172.42,207.97,125.81,64.19,181.54,131.16,355.64,103.9,124.39,113.38,91.71,165.14,52.73,159.16,134.29,114.98,69.99,59.62,83.21,56.17,45.06,314.24,84.27,280.24,90.61,297.94,45.69,309.16,88.15,213.02,144.77,226.03,83.16,95.04,115.78,131.15,222.28,136.6,343.34,299.61,253.29,118.25,71.41,257.96
2000-03-05,91.82,259.23,193.95,322.94,214.12,260.85,89.41,229.53,172.15,209.15,125.1,64.06,179.55,130.86,356.63,103.99,125.26,114.07,91.79,166.14,53.16,156.88,133.68,115.4,69.48,59.55,82.56,56.73,44.64,316.08,85.65,279.92,92.62,297.23,45.26,313.04,88.12,214.85,143.74,228.35,83.26,95.62,115.66,133.53,221.31,137.26,345.66,304.98,251.7,118.24,70.09,257.58
2000-03-06,91.63,264.71,198.17,326.39,217.26,263.92,88.9,231.88,175.56,208.39,125.46,64.14,179.56,132.82,356.37,103.61,126.57,115.76,92.3,165.09,52.51,154.96,134.88,114.86,69.23,59.55,83.48,55.54,44.43,313.83,85.22,276.56,93.23,298.0,45.01,311.24,88.62,219.47,139.65,225.72,82.64,96.25,114.87,135.45,224.32,136.43,346.34,303.61,252.29,117.95,70.84,257.35
2000-03-07,91.37,264.16,198.87,323.76,216.07,262.28,89.57,232.02,177.68,210.44,122.46,64.09,177.13,132.05,354.32,103.65,125.52,116.29,90.95,164.94,52.98,155.62,135.53,115.9,68.49,58.49,84.25,56.03,44.19,311.47,83.85,280.89,93.88,301.31,45.57,314.19,87.83,217.89,137.49,226.97,81.29,97.02,113.53,133.63,221.86,136.51,344.62,302.94,247.52,119.03,71.77,256.92
2000-03-08,91.73,265.5,198.16,325.96,217.31,264.67,87.33,234.87,179.79,210.6,122.71,64.09,176.44,132.37,357.68,105.35,123.43,116.75,90.52,164.42,52.87,154.87,134.87,115.68,68.9,57.92,83.8,56.53,45.01,309.2,83.65,279.76,94.44,301.69,45.44,319.27,87.5,216.81,135.39,228.46,79.74,96.9,113.82,135.17,222.72,139.98,346.64,302.51,249.8,119.81,72.52,253.44
2000-03-09,92.91,267.7,199.84,326.06,218.64,259.15,86.9,231.07,180.38,212.36,122.87,64.43,178.83,132.66,356.66,104.1,122.73,117.01,91.68,160.99,52.85,157.43,134.76,116.9,69.63,57.57,84.82,57.97,45.26,315.67,83.64,276.53,92.35,299.42,45.61,317.84,87.73,219.43,135.68,230.71,80.65,97.97,113.62,136.27,223.85,140.7,349.36,300.37,247.82,119.7,73.18,250.95
2000-03-10,93.62,268.51,202.54,328.32,215.35,259.22,86.79,230.74,179.97,213.14,121.17,63.54,177.63,133.51,355.9,105.52,124.11,115.74,90.17,160.11,52.94,154.99,135.83,117.38,69.03,57.37,84.31,57.28,45.81,317.56,84.02,274.67,91.73,295.55,45.56,311.94,86.01,218.72,133.9,234.42,80.58,97.73,116.73,135.74,220.34,143.77,350.83,303.75,246.12,118.88,73.45,248.38
2000-03-11,92.47,269.01,201.14,333.75,212.4,260.47,86.24,230.75,178.58,209.6,120.76,64.51,179.38,134.02,351.09,104.59,123.44,116.68,90.22,162.46,52.33,155.41,136.48,117.01,69.54,56.8,84.48,57.96,45.9,313.14,83.24,271.97,90.54,290.43,45.62,312.56,85.44,219.7,134.61,238.18,81.39,97.94,116.52,135.7,224.41,143.31,348.81,299.08,248.28,119.91,73.85,249.79
2000-03-12,92.85,262.2,202.08,336.0,211.58,260.72,85.01,229.63,179.52,210.94,120.95,64.48,181.29,132.32,350.26,104.46,125.04,117.57,89.3,161.57,51.97,154.91,134.75,118.11,68.98,56.0,83.79,57.44,46.4,308.43,82.49,271.12,90.44,289.94,45.93,310.53,85.79,221.31,136.56,237.32,81.82,96.84,114.78,132.76,228.63,143.9,350.64,300.56,249.12,121.92,73.44,252.45
2000-03-13,91.52,260.55,201.44,336.53,214.31,261.63,83.87,228.22,178.76,214.26,121.92,64.47,181.38,132.37,353.23,104.79,122.28,116.21,88.67,160.11,51.9,157.93,132.56,119.75,68.61,56.7,84.54,58.17,46.49,304.21,81.06,270.4,90.89,291.25,45.48,312.5,86.24,219.98,137.1,233.54,81.34,95.55,114.13,135.5,229.61,142.47,342.56,305.84,250.71,122.13,74.69,250.15
2000-03-14,92.22,258.13,205.53,336.16,214.18,258.61,83.58,234.36,174.63,214.78,122.84,63.19,182.83,132.31,357.16,105.03,122.81,116.39,89.11,157.56,52.44,154.24,134.35,120.13,68.34,56.58,83.26,58.32,46.21,305.58,80.56,271.82,90.32,292.83,45.93,315.23,86.52,220.1,137.82,234.9,81.73,96.19,114.89,134.44,226.77,143.91,345.5,302.64,251.16,119.77,74.3,250.44
2000-03-15,93.21,258.13,209.08,334.97,214.4,258.37,83.22,232.76,172.32,215.18,121.29,63.35,180.98,135.4,357.63,104.72,123.32,116.44,89.67,157.48,52.92,151.23,135.9,119.02,67.59,56.7,82.52,58.82,46.23,310.46,81.21,270.35,90.72,291.67,45.8,316.85,86.24,221.94,138.3,236.82,83.03,96.5,113.53,136.12,223.78,144.18,348.19,300.07,251.14,118.4,75.24,250.41
2000-03-16,92.98,261.8,206.31,340.11,215.44,260.57,83.51,231.86,171.9,214.98,121.69,62.68,182.35,134.52,363.19,103.88,124.25,117.21,89.0,157.74,54.21,149.12,134.92,118.85,67.58,57.24,82.68,59.27,46.63,308.69,81.26,271.59,90.35,289.22,44.72,320.46,86.89,217.01,139.8,236.64,83.91,95.63,113.92,138.2,227.52,143.29,344.76,300.26,249.95,119.83,75.83,250.15
2000-03-17,93.58,264.46,202.48,342.38,217.91,265.6,84.05,236.18,172.32,216.17,121.31,62.7,184.21,131.11,369.0,102.79,122.8,115.52,90.38,158.02,54.59,150.51,135.21,118.86,67.95,57.92,82.05,59.69,47.36,312.96,80.19,275.79,91.15,292.48,44.32,317.74,87.34,214.2,138.56,235.36,84.38,95.41,113.39,138.12,225.55,143.7,338.32,297.69,252.28,120.81,76.27,248.78
2000-03-18,93.05,268.05,201.52,336.55,218.01,265.6,85.06,233.38,171.12,216.29,121.16,63.37,182.88,132.42,369.03,101.88,125.77,113.67,90.57,158.55,53.32,149.72,133.07,121.11,69.35,58.9,81.42,59.63,47.7,311.15,80.92,277.4,92.32,292.61,44.36,317.22,85.79,214.17,138.17,234.54,83.4,94.88,112.95,137.97,224.3,144.18,342.71,296.14,256.44,120.59,76.73,247.47
2000-03-19,92.52,267.84,194.48,339.95,215.07,266.24,83.99,237.19,168.54,214.0,120.2,63.23,182.12,133.64,366.01,101.72,126.35,111.42,93.38,159.4,52.84,150.75,132.48,121.13,68.44,59.19,82.15,59.98,47.54,312.8,79.8,276.56,92.57,289.94,44.81,315.83,84.59,215.29,138.81,232.7,83.18,94.48,111.72,140.02,226.42,141.72,333.79,299.43,258.19,118.77,76.63,246.18
2000-03-20,92.7,268.83,197.01,335.74,216.0,267.98,83.79,239.28,168.89,215.97,118.56,63.32,185.26,134.18,366.08,102.08,128.0,111.72,93.94,158.59,53.38,152.17,132.37,120.17,69.18,58.5,82.51,59.63,48.39,317.89,79.4,277.15,91.51,291.18,44.79,315.71,84.59,210.25,138.09,237.39,83.26,94.32,109.67,139.45,228.36,140.48,338.31,301.6,256.43,119.25,77.73,245.37
2000-03-21,92.99,269.92,197.34,336.17,215.57,270.36,83.96,240.89,167.71,216.09,116.37,62.36,187.23,133.56,360.44,102.09,130.31,111.82,94.32,160.12,53.47,151.27,131.85,121.4,68.43,59.04,81.94,59.61,47.89,316.28,77.93,280.12,90.47,291.57,44.08,320.93,84.37,210.56,140.81,240.65,83.28,93.24,109.81,140.13,229.19,140.86,334.7,299.33,259.95,119.55,77.28,244.99
2000-03-22,94.44,267.4,195.01,329.45,215.76,272.55,84.89,244.41,169.95,216.71,115.55,62.22,185.83,134.88,357.66,103.51,130.13,109.94,93.6,158.25,52.79,151.04,132.67,121.7,68.78,59.09,81.92,59.28,47.61,312.41,77.79,279.92,90.17,289.44,43.97,320.99,84.81,210.9,142.7,242.64,83.06,93.24,111.36,141.27,234.35,143.29,328.88,301.08,258.83,120.78,77.07,245.6
2000-03-23,94.51,268.51,193.01,330.7,217.09,269.86,85.08,242.3,169.59,214.8,116.33,62.55,187.6,134.44,356.57,103.1,131.51,109.36,94.01,159.86,53.23,150.83,132.73,121.71,68.29,58.61,81.65,58.52,47.9,309.96,77.41,280.58,89.81,288.5,43.65,324.54,87.14,212.36,142.35,241.22,84.39,91.56,112.8,141.64,232.0,142.33,326.65,300.19,258.48,120.3,76.5,245.26
2000-03-24,95.34,267.88,193.44,333.25,217.49,274.76,84.63,244.49,167.94,216.86,116.92,62.48,181.38,133.08,356.46,102.98,130.8,109.06,92.84,159.07,52.76,150.21,132.62,123.41,68.15,58.73,82.16,57.89,47.57,308.93,77.16,279.81,88.95,288.98,43.38,322.55,88.42,210.99,143.44,239.38,85.85,92.16,109.46,142.21,233.65,145.68,326.49,300.68,257.57,117.45,73.76,241.85
2000-03-25,95.51,267.01,192.91,334.52,215.87,280.16,86.73,247.28,168.44,215.45,117.47,62.7,180.42,133.07,353.94,101.76,131.67,110.56,93.15,161.36,52.23,148.45,134.38,123.07,66.94,60.24,82.62,58.61,47.81,311.48,77.52,279.7,90.08,288.64,43.87,320.66,88.82,213.46,141.94,239.3,85.46,92.66,110.74,145.31,231.43,142.99,324.02,298.76,258.49,118.69,72.89,239.76
2000-03-26,94.5,265.29,190.9,334.28,218.74,280.94,87.12,249.13,169.94,215.45,117.31,62.46,178.89,133.4,347.88,100.69,133.0,107.91,93.13,162.43,53.3,147.85,132.16,122.86,67.2,61.01,82.2,59.73,48.45,309.9,76.57,283.38,90.12,287.8,43.81,318.72,89.0,213.71,140.65,238.63,84.71,92.73,110.56,143.6,231.82,141.27,319.92,298.67,258.86,119.32,72.39,240.61
2000-03-27,96.72,269.48,189.7,337.13,220.04,280.75,87.71,248.64,170.77,218.71,115.47,62.56,176.73,132.2,347.75,98.9,132.66,106.18,93.41,164.89,53.86,147.44,131.36,122.46,67.75,61.01,82.86,59.87,49.06,310.96,76.31,280.52,89.95,286.45,43.28,319.62,89.31,213.75,139.68,235.19,85.38,92.5,109.56,142.36,233.91,140.82,328.06,301.76,267.5,116.82,72.24,242.27
2000-03-28,97.62,269.16,190.39,338.3,219.76,281.44,87.49,250.47,169.64,221.28,117.74,62.84,175.3,130.28,349.07,97.73,130.44,105.36,92.17,163.83,53.67,147.09,132.78,123.6,68.01,60.51,83.88,60.06,49.4,310.68,76.37,278.5,88.61,287.87,42.58,322.13,89.53,215.16,141.13,239.51,84.73,92.25,108.68,142.14,234.33,140.71,328.05,306.98,266.2,115.86,71.38,241.11
2000-03-29,97.25,266.63,188.13,338.09,219.48,276.63,87.3,254.26,168.0,219.19,116.96,62.56,176.42,129.86,344.68,98.16,132.24,106.75,92.78,165.55,52.73,145.82,132.42,123.4,68.24,61.31,86.0,59.58,49.85,307.7,76.6,279.71,87.44,284.09,42.69,322.42,89.34,216.26,143.06,239.51,84.56,91.73,109.11,143.22,233.85,140.58,327.44,306.2,263.56,115.87,71.42,244.56
2000-03-30,98.9,271.87,190.09,334.26,219.46,277.46,86.75,254.96,170.28,220.21,117.93,63.31,174.85,131.01,344.19,99.22,129.52,105.78,91.0,167.63,53.26,144.78,133.34,124.0,68.79,62.45,85.77,60.27,49.49,308.6,75.92,286.4,87.92,278.33,43.23,324.96,87.54,219.12,141.41,238.15,82.73,91.88,109.79,142.88,234.89,139.59,327.87,305.95,263.67,116.9,72.71,239.23
2000-03-31,98.35,269.67,191.15,334.2,219.5,275.69,87.68,256.56,169.44,219.19,118.48,63.18,174.58,130.76,341.47,100.89,128.72,105.58,91.31,169.96,54.41,144.2,132.57,125.3,69.39,62.96,85.15,60.9,49.42,308.96,76.17,281.73,87.05,278.73,43.72,325.5,89.52,217.87,143.85,238.3,82.92,90.71,106.61,142.07,236.23,139.36,325.93,304.37,265.21,118.96,73.11,236.91
2000-04-01,98.62,269.7,191.91,330.63,217.55,273.39,87.48,258.54,171.52,216.45,119.62,62.97,175.57,129.34,341.96,101.76,130.73,105.12,90.3,173.29,54.39,143.58,133.54,124.1,69.36,63.43,84.84,60.97,49.63,309.54,76.08,282.86,86.77,274.42,43.55,325.83,89.22,220.21,145.22,237.71,82.88,92.37,107.36,141.29,240.84,139.63,325.39,308.13,268.04,118.93,73.14,239.43
2000-04-02,100.33,269.15,192.65,325.94,218.36,269.89,88.41,255.51,172.78,214.4,117.96,62.83,175.59,131.44,334.99,102.83,129.26,104.58,91.77,173.77,52.87,142.46,134.62,126.16,70.54,63.44,83.91,60.75,48.81,309.54,75.97,287.3,86.11,275.88,42.81,328.74,89.12,218.55,144.83,240.39,82.18,92.46,106.86,141.4,239.27,142.29,321.93,307.59,262.02,118.26,73.69,238.23
2000-04-03,102.87,269.9,191.88,326.68,217.55,271.27,88.96,252.78,172.48,213.28,120.01,62.57,178.89,131.43,335.29,102.55,127.59,102.64,90.32,172.86,54.11,143.49,133.24,126.49,70.47,62.75,84.36,61.18,49.73,309.94,77.14,288.23,85.3,279.99,43.33,330.74,88.76,218.35,144.77,243.1,80.77,94.01,105.13,143.38,235.19,143.42,321.26,303.38,265.14,117.34,73.27,236.88
2000-04-04,104.26,272.78,191.05,329.52,216.95,272.25,88.56,255.5,172.82,215.26,119.85,63.33,177.49,129.2,337.2,101.0,129.39,101.68,88.58,173.32,55.0,141.83,131.84,126.63,71.1,61.87,84.25,61.52,49.46,310.33,77.25,292.89,86.1,277.27,42.5,333.91,90.29,220.53,143.33,238.65,78.83,94.69,105.54,140.91,231.92,144.57,323.94,303.29,269.36,116.17,71.93,235.65
2000-04-05,104.29,275.37,189.83,328.27,214.53,270.88,89.09,253.37,174.02,220.08,119.22,63.42,180.97,128.09,335.64,99.99,128.41,99.77,88.75,173.54,55.27,141.0,132.72,126.27,70.69,62.74,83.46,61.04,49.71,314.09,77.82,283.67,86.55,277.2,42.56,334.4,90.15,223.14,142.91,236.82,78.53,96.55,104.22,141.11,231.53,143.75,321.86,296.45,270.47,116.94,71.71,233.99
2000-04-06,104.02,279.88,189.67,330.64,215.57,273.92,89.18,250.55,171.03,219.35,117.63,64.19,181.07,127.7,331.79,99.6,126.55,101.61,88.07,174.52,55.12,143.24,135.1,126.39,71.06,62.53,83.36,61.75,50.01,315.59,76.55,281.46,86.17,277.39,43.19,336.41,88.31,223.33,144.78,239.25,79.28,95.54,103.97,140.7,229.07,144.39,322.21,295.81,269.28,117.07,72.53,231.59
2000-04-07,105.16,276.65,192.57,335.49,221.72,277.46,88.27,247.58,170.58,224.52,116.8,63.57,185.52,125.81,335.32,99.65,124.92,100.58,87.69,172.47,54.63,144.39,135.81,124.88,70.5,63.1,83.46,62.03,49.73,316.59,76.26,281.45,86.55,280.8,43.13,329.03,88.01,220.35,147.12,238.67,80.08,97.04,105.01,142.73,225.71,144.41,328.74,297.36,268.65,116.99,71.99,228.91
2000-04-08,105.3,278.48,190.73,336.92,225.14,276.63,88.75,247.82,171.83,224.16,116.33,62.67,186.36,124.42,331.62,98.53,124.16,101.06,87.12,172.52,55.01,144.13,134.27,125.15,69.93,63.44,83.86,62.32,49.92,313.31,77.13,284.73,87.67,282.14,43.76,327.27,89.58,217.75,148.18,243.56,80.56,97.92,104.79,142.32,225.05,143.94,331.49,302.26,268.09,117.71,72.11,226.6
2000-04-09,103.67,279.99,191.6,336.44,220.16,278.28,88.83,248.35,173.9,224.79,116.61,61.77,186.57,123.03,334.53,98.48,126.56,102.26,87.77,171.81,54.54,144.63,132.01,125.45,70.89,62.17,83.2,62.08,48.82,312.94,76.58,287.57,87.98,283.57,43.5,323.41,88.99,222.13,146.46,248.51,80.76,96.3,104.66,144.17,225.62,144.22,335.37,301.97,267.86,117.95,72.06,226.48
2000-04-10,105.53,273.53,188.7,337.78,219.26,274.14,88.35,250.72,172.75,230.2,117.27,61.65,189.33,121.67,336.09,98.36,125.92,101.57,86.01,171.34,54.4,146.23,131.27,125.06,70.68,62.73,83.15,61.34,49.02,312.42,76.78,285.86,88.3,286.14,43.46,321.27,89.23,224.08,149.44,250.38,81.85,95.95,106.81,143.05,224.1,146.51,332.57,304.01,269.74,121.37,72.75,230.81
2000-04-11,106.67,278.82,190.31,337.29,219.14,278.39,89.9,252.58,170.03,233.46,118.23,61.62,188.9,120.55,337.64,98.88,126.94,101.6,86.18,171.69,54.72,145.22,130.38,123.63,70.4,62.8,85.13,62.36,49.61,314.58,76.57,283.89,87.72,287.01,43.24,324.8,90.71,225.19,149.82,254.89,81.98,94.04,107.21,142.74,224.83,146.06,328.15,302.86,268.05,119.93,73.9,228.77
2000-04-12,106.25,280.91,190.66,342.08,215.9,281.53,90.82,254.63,173.11,232.89,118.24,60.73,186.79,119.99,338.42,101.0,126.28,99.85,85.99,171.52,54.87,145.67,129.0,123.02,70.89,62.33,85.15,62.03,49.41,317.97,75.77,283.77,88.59,286.55,42.85,321.42,91.35,221.87,151.3,255.66,83.64,94.78,105.89,142.6,226.9,148.14,323.54,300.65,271.82,120.45,73.51,231.63
2000-04-13,105.66,282.3,191.39,339.35,213.08,278.39,90.9,257.56,172.3,234.29,119.15,60.45,191.56,120.63,343.43,102.17,125.84,99.7,84.97,169.91,54.99,146.26,129.56,123.24,71.06,61.49,84.98,62.19,48.73,314.93,75.71,285.26,89.5,289.34,43.19,323.18,93.22,220.51,150.38,256.4,84.51,95.46,105.96,141.29,228.58,149.1,325.09,298.32,270.83,121.01,72.84,235.74
2000-04-14,106.54,280.69,191.01,345.8,212.25,277.93,92.47,253.94,172.73,234.65,118.79,60.1,189.45,122.44,347.27,101.52,126.11,100.06,86.59,167.18,53.88,146.47,128.48,120.85,70.14,60.63,85.71,62.29,48.98,313.51,75.03,284.42,89.59,286.76,43.38,323.59,93.13,221.14,151.77,257.44,85.45,93.81,105.44,141.68,229.75,151.03,326.6,298.49,273.34,121.13,72.66,234.18
2000-04-15,106.37,281.41,190.52,349.51,217.12,279.77,92.16,254.14,173.26,239.23,118.43,60.61,188.26,121.93,352.79,101.48,126.58,100.71,86.83,168.13,53.18,146.84,127.42,119.91,69.91,61.21,86.44,61.56,49.5,315.74,73.92,285.52,89.99,283.6,43.92,322.44,93.77,218.47,151.47,258.17,85.48,92.08,103.71,140.77,227.07,151.07,328.91,301.74,275.7,120.07,72.6,229.28
2000-04-16,105.37,279.32,191.96,358.7,218.88,282.87,92.29,256.02,173.73,240.25,119.73,60.73,187.44,122.89,353.94,103.28,126.1,99.13,87.36,171.32,53.14,148.87,127.75,119.73,70.45,61.68,85.43,62.74,49.54,312.41,73.6,280.57,88.66,287.41,43.47,323.03,93.66,218.66,150.44,258.24,85.76,92.23,103.14,139.47,231.09,152.93,331.24,304.81,276.5,119.4,71.06,232.06
2000-04-17,104.92,279.03,193.58,360.39,218.65,284.47,92.63,253.59,171.63,236.72,118.49,59.87,187.81,123.98,355.7,104.0,126.43,99.3,87.45,172.94,53.81,149.41,127.81,121.06,70.26,60.94,85.78,62.49,49.78,312.98,73.33,279.51,90.06,285.98,43.12,328.46,93.41,220.52,148.48,263.08,84.72,91.49,103.23,139.63,231.54,153.0,331.08,305.58,272.98,119.43,71.74,233.2
2000-04-18,104.59,282.57,195.4,365.39,221.17,283.35,91.89,254.88,171.15,236.33,118.83,58.95,190.71,123.04,354.58,104.49,125.56,99.92,86.78,169.47,53.48,148.87,125.92,120.83,69.25,60.38,85.82,61.84,50.41,314.53,72.99,283.03,88.94,289.84,42.94,326.6,92.07,224.05,151.28,267.22,84.48,92.1,105.25,140.87,229.33,152.59,329.79,301.51,272.49,117.78,72.27,235.33
2000-04-19,104.76,279.9,197.67,363.88,222.43,277.6,91.04,261.88,171.42,233.7,119.13,58.56,189.37,123.31,359.36,103.73,123.53,98.63,86.47,170.93,53.87,147.22,126.84,118.39,69.72,60.4,86.64,61.25,50.77,314.49,74.54,288.25,89.36,291.71,43.41,329.18,92.55,224.64,153.25,265.4,85.02,91.76,106.57,141.25,224.6,153.66,329.67,310.31,272.03,118.25,72.14,238.92
2000-04-20,104.35,277.77,197.09,356.78,224.45,279.21,91.44,266.25,171.17,233.61,116.45,58.33,189.22,123.41,358.08,102.77,122.22,97.05,85.87,168.47,53.92,147.83,125.27,118.09,70.73,60.76,85.89,60.97,51.33,314.28,73.93,289.56,87.51,290.92,43.46,323.25,91.46,226.38,152.48,266.11,84.11,94.35,105.91,140.52,218.62,152.67,333.1,306.52,273.58,117.75,71.75,241.09
2000-04-21,103.72,279.37,198.31,354.57,224.91,276.68,91.14,267.39,172.2,231.18,115.87,58.98,191.1,124.08,360.88,101.86,124.03,94.59,86.63,171.95,54.53,146.03,125.56,118.43,71.2,60.84,85.78,60.35,51.61,318.11,73.42,288.23,89.78,288.11,43.78,326.97,92.48,229.54,153.13,266.29,83.18,95.73,106.18,139.16,218.18,152.64,328.91,306.41,268.9,118.01,71.85,246.34
2000-04-22,103.99,280.75,199.27,356.89,222.86,271.42,91.97,266.77,175.19,228.34,115.06,59.71,190.07,120.63,362.17,100.02,123.6,93.13,86.96,170.43,54.5,145.25,126.19,118.93,70.82,62.55,84.5,60.75,50.52,317.84,74.75,289.63,90.5,291.33,44.51,330.35,93.49,228.85,152.47,267.81,83.03,95.41,104.78,139.56,220.55,152.54,326.9,309.07,270.35,114.6,71.73,242.43
2000-04-23,105.32,282.67,197.49,363.45,220.77,270.22,90.04,270.76,175.57,230.84,114.92,59.84,191.5,120.37,362.58,101.37,123.53,93.4,86.38,171.95,55.0,144.56,126.72,118.29,70.29,62.9,85.47,60.67,50.61,316.59,74.99,286.56,91.31,293.28,43.76,328.87,94.39,225.19,149.84,268.26,82.71,96.24,103.98,138.8,226.84,151.33,321.97,311.53,273.71,113.82,70.51,240.51
2000-04-24,105.3,279.23,200.01,366.21,219.11,269.14,89.04,269.0,172.77,232.97,114.63,59.04,193.37,120.46,364.35,101.04,125.04,93.84,84.99,170.08,55.44,144.61,127.4,119.38,69.22,62.61,85.48,60.25,50.09,309.19,74.31,287.48,92.53,293.31,43.44,329.68,94.57,222.92,150.82,270.59,82.55,97.31,104.65,139.64,227.14,150.49,324.71,310.97,277.8,115.66,70.71,238.19
2000-04-25,104.7,280.26,199.75,367.9,218.7,269.62,89.73,270.04,169.12,230.09,112.99,58.53,192.38,121.65,367.03,100.44,127.07,92.98,85.56,167.05,56.47,146.21,126.68,119.96,68.75,62.3,85.08,58.89,49.57,307.7,74.69,287.89,90.04,296.75,43.26,334.71,94.19,222.72,150.54,270.59,82.39,97.28,105.09,142.98,230.94,150.65,328.25,312.8,280.14,115.62,70.69,239.98
2000-04-26,104.79,278.84,199.85,366.36,213.44,270.84,88.95,268.3,169.31,232.61,113.99,59.3,191.45,122.81,359.72,101.11,124.15,92.03,85.47,166.79,56.59,146.52,125.99,121.15,68.49,62.95,86.88,58.7,50.2,308.65,74.57,286.75,89.79,294.2,42.48,341.9,92.44,222.52,149.63,273.72,81.95,96.89,106.71,143.51,230.34,152.33,324.88,311.67,280.92,115.95,70.58,242.61
2000-04-27,107.29,277.41,202.62,358.36,212.98,269.34,88.34,270.02,169.88,234.86,113.86,60.43,190.62,122.43,359.25,102.78,124.22,92.42,85.23,169.29,57.32,146.37,125.82,123.64,67.82,63.56,87.43,58.9,49.38,313.97,74.01,281.8,90.11,300.2,42.38,346.37,93.08,224.07,149.08,275.3,81.73,95.46,106.7,142.79,229.82,151.35,327.1,307.9,282.54,116.59,69.5,245.48
2000-04-28,108.37,280.52,206.23,353.79,216.71,266.16,89.79,270.41,168.8,233.08,113.23,61.31,190.48,119.51,359.45,103.6,124.95,94.12,86.41,170.93,58.16,146.04,126.56,123.08,67.56,63.98,87.09,59.26,48.93,311.85,73.63,280.89,91.06,306.4,42.67,344.69,93.08,226.5,148.2,276.23,82.35,95.65,105.31,144.32,232.3,148.82,327.37,312.93,280.33,117.22,70.25,239.97
2000-04-29,107.77,276.02,207.84,352.3,217.51,264.95,90.36,269.24,171.1,237.56,114.88,61.19,185.19,120.19,360.83,103.68,124.61,94.53,85.88,173.74,58.42,145.81,127.03,123.1,67.18,64.66,85.74,59.24,48.17,316.04,74.61,281.22,90.12,307.56,41.71,344.41,93.91,232.56,148.16,280.44,82.31,95.69,102.74,145.45,230.39,150.08,331.4,315.1,279.68,117.6,68.73,241.3
2000-04-30,109.16,276.23,207.24,351.09,221.14,262.08,91.01,269.4,170.77,239.61,113.65,61.39,181.14,122.64,363.65,106.04,126.59,94.71,85.18,174.64,57.36,146.0,126.58,125.22,67.33,64.47,84.6,60.6,48.51,312.34,73.77,280.31,90.09,301.8,41.09,339.34,93.42,235.64,149.84,280.52,82.43,94.89,103.25,144.9,228.67,152.13,326.51,309.11,280.83,118.17,68.57,241.0
2000-05-01,108.46,275.22,212.05,352.24,223.85,262.9,90.5,268.23,172.17,238.89,113.11,61.95,177.15,123.99,369.33,105.71,127.51,94.25,84.24,176.1,58.08,147.24,127.12,127.29,67.2,63.87,84.64,61.4,48.59,310.0,73.64,282.06,89.79,306.07,40.99,343.07,94.13,235.86,151.77,279.11,82.49,94.63,103.61,144.64,227.65,152.55,319.7,309.35,283.59,118.64,69.13,244.62
2000-05-02,108.39,275.19,213.56,354.12,221.97,265.02,88.86,268.32,173.06,239.31,112.45,61.72,177.7,125.41,377.22,105.8,125.84,94.27,84.2,175.73,58.26,146.12,127.83,127.49,67.38,63.99,85.56,61.59,48.18,311.51,72.75,280.21,89.46,306.66,40.22,344.68,94.68,231.51,154.41,280.0,83.02,94.11,104.42,145.13,226.44,152.8,319.96,308.49,284.52,120.8,69.7,239.51
2000-05-03,110.07,269.44,211.55,357.52,222.04,262.08,87.69,270.37,171.41,241.39,111.68,61.33,177.93,128.13,370.98,104.14,126.19,93.06,84.2,175.06,58.0,147.52,127.92,127.79,66.55,64.52,85.03,60.52,47.97,308.01,72.56,275.37,88.75,305.11,40.42,344.21,93.88,229.86,155.33,276.37,82.07,96.29,103.64,147.97,227.41,152.7,320.51,308.35,289.18,118.29,70.27,238.99
2000-05-04,110.4,270.63,207.72,359.99,222.77,261.78,87.64,265.6,172.28,244.76,111.95,61.48,175.88,126.2,369.92,105.39,125.82,93.16,84.54,175.96,58.34,144.95,124.84,127.09,67.87,65.85,84.93,60.58,48.24,305.76,73.4,278.28,90.14,303.15,40.25,341.46,92.17,228.64,153.85,281.42,82.8,96.4,103.39,148.39,229.2,152.85,322.22,307.02,291.73,117.61,70.22,240.38
2000-05-05,108.3,268.91,204.89,362.03,222.2,257.74,88.24,263.62,173.07,248.52,111.68,60.3,177.27,127.68,371.96,105.3,129.16,92.79,82.61,175.59,58.36,144.18,128.25,124.47,68.73,66.33,86.01,60.66,48.11,302.05,74.13,277.04,90.01,300.27,40.19,342.05,90.12,229.42,151.15,281.45,83.29,97.99,103.2,152.11,229.51,154.35,320.98,305.37,291.92,117.74,70.26,241.82
2000-05-06,107.1,269.56,204.13,362.84,227.48,255.53,88.43,264.08,172.36,250.51,110.64,60.19,173.77,126.95,365.66,106.06,128.28,93.08,81.71,172.29,57.88,144.45,128.32,124.24,69.36,66.09,85.73,61.06,47.75,298.53,72.17,272.62,90.6,295.59,40.05,339.66,89.75,230.08,152.56,283.72,83.77,97.87,103.29,153.8,227.8,154.78,322.04,306.99,299.27,117.61,69.09,242.5
2000-05-07,108.63,268.65,201.61,364.69,227.44,258.74,87.09,263.04,169.7,246.94,110.08,59.58,172.24,127.87,365.12,105.71,127.51,94.71,81.99,172.61,58.77,142.84,128.39,125.2,68.63,65.87,85.47,60.32,46.56,297.17,72.44,277.3,90.83,292.51,39.51,339.18,89.02,229.75,151.32,280.87,83.84,97.6,103.69,155.61,224.4,156.0,317.34,306.77,298.65,118.39,70.38,243.1
2000-05-08,108.63,267.12,201.61,359.73,230.22,258.91,87.22,265.91,170.17,245.08,109.12,59.78,172.61,126.87,366.34,105.91,126.77,95.75,81.32,171.29,59.22,143.91,128.58,123.45,67.92,64.5,85.12,60.32,46.83,302.78,72.6,280.88,91.05,288.49,39.38,339.83,88.78,232.09,148.72,280.8,83.05,98.08,104.65,153.63,224.12,154.55,314.37,308.82,301.45,119.11,70.24,241.5
2000-05-09,108.91,269.39,198.42,358.15,227.45,257.1,87.3,262.51,172.47,242.7,109.48,59.43,171.87,125.31,370.27,105.23,127.42,97.19,81.7,171.99,59.18,146.03,128.43,123.73,68.23,64.93,85.24,59.88,46.67,306.16,71.51,283.94,88.09,286.77,39.34,344.91,88.87,229.95,148.24,280.18,83.65,98.87,103.45,152.37,224.7,157.32,315.0,307.47,305.37,120.8,69.3,244.81
2000-05-10,110.87,266.69,199.51,365.13,224.37,257.5,87.67,262.81,172.9,241.88,108.55,58.62,169.63,125.23,372.15,107.59,128.22,95.27,81.43,173.9,58.55,145.53,129.15,123.06,66.65,66.12,85.5,59.87,46.56,305.62,71.73,280.89,89.78,285.76,39.89,345.49,89.28,230.31,148.1,279.73,83.07,97.84,102.74,152.99,225.24,156.32,317.84,307.76,307.49,121.48,70.14,245.43
2000-05-11,112.58,265.77,204.11,362.85,228.46,256.78,87.43,261.87,172.32,241.27,109.97,58.16,168.64,125.27,372.22,107.27,128.64,95.55,81.32,174.38,60.03,143.17,127.16,123.3,67.15,65.1,84.82,59.27,45.6,310.11,72.6,287.78,89.43,279.9,40.07,348.48,88.37,228.35,146.79,280.8,84.0,96.82,103.32,149.88,225.78,156.36,313.99,305.88,310.22,121.78,70.38,244.73
2000-05-12,113.62,263.98,201.09,358.64,227.16,258.94,86.95,264.37,173.48,240.36,110.12,58.31,168.55,126.3,373.66,107.09,128.07,96.63,81.72,174.44,59.89,142.21,127.87,121.62,66.79,63.36,86.44,58.9,45.6,308.29,71.74,281.63,89.85,280.73,40.87,348.41,88.74,229.78,149.29,286.15,83.57,96.23,103.93,148.12,221.69,156.15,313.72,308.23,312.04,122.22,71.27,246.5
2000-05-13,113.57,264.58,201.5,354.32,224.12,259.72,86.98,268.7,170.71,241.26,110.08,58.7,166.24,124.87,372.53,106.73,126.41,97.15,82.26,175.43,60.41,143.05,126.86,123.84,67.62,62.0,87.35,59.04,46.09,306.96,71.3,286.55,90.14,282.78,40.99,346.47,90.01,226.92,148.13,284.62,82.56,95.29,102.16,149.28,222.49,157.95,318.97,312.63,314.31,122.64,70.29,240.49
2000-05-14,113.74,258.59,200.97,354.16,223.75,261.91,88.15,269.14,169.92,241.55,110.0,59.37,165.99,125.06,365.75,107.49,127.35,96.35,81.99,173.95,61.01,140.82,127.52,122.65,67.79,63.6,85.76,59.38,46.34,304.9,71.41,291.23,90.69,285.96,41.25,346.53,90.98,225.31,147.55,282.64,81.07,94.07,101.97,149.73,217.22,156.98,324.31,307.14,312.04,123.94,68.97,239.44
2000-05-15,113.05,257.03,201.24,354.39,224.57,260.51,87.97,263.93,169.38,242.61,111.61,59.12,165.89,125.82,368.48,105.42,127.49,96.02,81.73,170.26,61.44,141.04,126.62,121.79,67.22,63.24,85.7,60.05,46.93,305.64,71.81,288.41,91.11,282.93,41.15,347.65,92.34,224.59,147.52,280.11,81.17,93.19,102.4,150.14,214.8,159.9,331.57,308.38,315.14,125.38,68.35,238.24
2000-05-16,114.49,260.47,201.96,348.74,226.34,263.32,88.34,264.54,172.51,241.98,111.27,60.73,165.55,123.95,365.49,105.39,126.98,94.82,82.61,172.01,60.59,141.38,127.97,124.38,67.39,63.87,85.69,60.11,46.55,301.63,72.52,288.52,91.29,284.69,40.79,346.67,91.84,223.14,145.9,276.12,81.38,93.64,104.5,149.57,215.52,160.09,327.98,311.01,318.91,125.58,68.94,240.52
2000-05-17,115.02,259.22,202.77,348.75,223.75,267.12,87.58,267.87,171.49,239.44,110.73,61.24,165.06,122.12,361.76,106.03,125.39,94.6,81.65,173.63,60.58,141.75,125.65,125.02,68.41,63.52,85.12,60.86,46.82,293.14,72.24,291.28,91.25,281.94,40.45,348.75,92.02,221.91,146.21,276.32,81.62,93.29,104.12,150.46,217.01,158.81,328.85,312.95,323.49,124.81,68.3,241.18
2000-05-18,115.64,259.49,204.16,348.57,225.98,264.96,87.52,267.57,171.87,241.38,111.16,60.44,164.03,121.16,358.91,105.03,125.31,94.92,82.86,172.59,60.22,142.94,125.22,126.48,67.81,63.49,85.13,61.28,46.77,292.42,71.22,294.02,90.5,286.6,40.5,347.36,91.05,220.53,145.14,277.89,81.67,93.06,103.08,151.16,215.37,156.63,320.79,309.82,321.74,125.84,68.08,242.74
2000-05-19,113.97,260.82,204.82,342.68,230.03,264.98,86.69,266.96,169.78,236.91,109.48,59.49,164.57,120.92,357.5,105.76,124.1,94.58,81.93,169.56,60.04,144.63,123.45,127.58,68.55,64.37,85.69,62.58,46.82,293.16,71.76,293.28,91.73,285.74,40.42,350.08,90.14,225.29,149.16,276.7,81.42,93.88,102.76,152.59,211.66,156.33,322.03,312.71,315.08,126.72,68.3,240.92
2000-05-20,114.0,259.43,207.16,341.46,230.63,262.52,86.32,269.54,170.35,235.45,111.47,59.31,161.7,120.75,363.56,106.16,125.52,94.75,82.71,171.24,60.22,144.28,121.68,127.89,67.53,65.27,85.75,62.6,46.8,293.92,72.11,296.73,90.94,286.91,40.6,354.97,92.1,225.23,149.78,275.64,81.66,94.43,104.39,149.97,210.31,159.27,320.07,311.54,318.78,126.29,68.14,246.19
2000-05-21,113.64,259.63,207.59,340.98,231.5,262.01,85.81,272.42,170.6,233.63,114.37,60.22,163.8,121.31,358.21,105.41,125.49,96.3,82.47,172.52,59.57,145.22,123.95,129.18,67.66,64.24,86.25,62.9,47.21,297.0,72.3,296.01,90.82,281.89,40.42,357.42,91.63,226.45,150.14,277.9,81.95,94.21,103.98,149.88,212.82,156.56,317.34,311.89,315.65,125.33,68.95,248.07
2000-05-22,112.8,258.17,205.13,343.01,233.13,259.92,85.77,274.05,171.63,236.29,114.12,59.1,164.98,121.16,367.05,104.87,123.19,96.16,83.94,172.82,60.17,145.59,123.91,130.0,67.26,63.68,86.21,62.34,46.94,298.13,72.48,293.96,90.9,280.67,40.44,362.62,90.95,225.87,152.5,279.75,83.25,94.36,105.05,148.56,213.77,158.36,313.68,313.41,315.21,123.97,68.55,250.27
2000-05-23,112.73,259.24,205.79,344.43,234.44,266.67,84.35,278.78,169.03,239.86,113.04,59.82,163.68,121.36,361.34,105.32,123.57,96.67,83.97,170.67,61.21,146.31,124.29,129.42,67.06,64.19,85.39,63.0,46.96,298.02,72.93,296.72,90.78,282.05,40.25,363.51,90.4,222.27,152.0,279.86,82.51,93.3,105.57,146.75,214.75,158.57,315.92,315.0,312.04,124.42,68.37,251.29
2000-05-24,112.29,257.29,206.97,346.61,235.97,270.5,84.45,278.47,170.63,235.65,112.01,60.06,164.48,119.82,357.94,105.34,125.18,97.07,83.51,171.34,60.74,145.63,125.21,132.51,67.43,63.71,85.85,63.94,47.33,296.62,72.66,293.19,89.45,285.21,39.71,364.52,89.33,223.96,152.51,277.84,82.11,95.37,104.87,149.02,215.63,160.09,311.29,314.37,310.89,123.97,67.27,252.92
2000-05-25,112.31,257.79,209.24,349.35,241.82,272.41,84.38,278.04,168.91,230.94,112.76,60.52,164.45,120.85,351.87,105.42,125.45,96.73,83.82,172.14,61.57,143.77,126.42,132.71,68.48,63.16,85.58,63.22,48.46,293.68,72.36,291.8,88.98,282.77,40.03,362.69,90.15,224.35,152.87,274.06,81.45,93.09,103.38,147.78,215.16,159.15,314.18,311.22,312.0,122.51,66.77,254.85
2000-05-26,113.09,257.74,210.7,342.59,245.54,271.81,84.05,280.17,166.61,231.13,114.51,60.89,164.37,121.62,347.76,105.47,126.3,95.23,83.36,172.66,62.0,143.52,126.78,133.44,67.44,63.54,84.75,63.02,48.31,293.24,72.21,290.28,87.78,280.72,39.73,363.58,90.6,226.45,150.02,280.75,80.89,93.24,104.71,145.5,214.5,159.51,313.25,311.12,310.69,123.78,67.23,257.23
2000-05-27,112.14,256.99,214.0,345.33,244.19,270.49,85.48,284.37,166.59,229.71,112.94,61.04,165.86,121.8,346.37,104.36,123.31,95.47,83.65,171.45,63.23,144.81,124.54,133.65,66.63,62.47,86.11,62.76,47.52,292.87,69.75,283.99,90.33,282.04,39.17,370.05,90.19,224.82,149.09,281.01,81.17,93.03,104.95,147.95,215.52,159.97,316.24,316.39,309.95,123.13,68.59,258.34
2000-05-28,112.85,254.15,213.89,348.82,242.35,271.03,84.47,280.91,163.85,228.07,113.53,61.55,165.42,121.91,346.36,105.86,123.0,94.42,83.24,171.1,63.78,147.0,124.1,132.3,65.56,62.31,87.14,62.36,48.56,291.81,69.62,288.12,89.29,281.55,38.64,368.67,91.12,225.01,148.37,275.62,81.32,93.03,106.3,148.55,214.0,159.33,317.84,316.46,309.97,123.1,69.5,255.22
2000-05-29,111.73,248.27,214.83,347.91,247.29,272.34,85.35,286.49,162.55,229.79,113.02,61.97,164.06,122.31,340.43,105.39,125.23,94.74,81.97,168.93,63.87,146.06,121.47,132.33,65.02,62.44,87.45,62.19,47.61,291.77,70.03,291.54,88.97,284.77,38.77,368.5,91.55,221.73,150.51,270.79,81.04,94.65,105.35,149.89,212.86,159.63,325.53,317.33,307.45,124.11,68.33,256.46
2000-05-30,109.37,249.48,216.78,349.59,249.36,269.65,85.62,288.73,161.29,231.83,112.28,62.85,163.04,123.83,338.41,104.97,123.42,95.48,81.46,167.64,63.54,145.76,118.61,131.62,65.42,62.55,87.28,61.95,47.8,289.97,69.47,289.4,89.42,288.82,39.12,370.06,91.88,225.24,151.19,265.32,81.52,94.12,105.3,148.78,212.67,159.5,325.53,318.49,308.77,122.86,68.75,255.58
2000-05-31,109.72,254.51,217.88,350.79,253.71,268.66,86.27,287.41,161.0,226.05,113.35,63.96,167.33,125.16,340.05,104.7,122.62,94.49,80.81,166.0,64.63,146.41,117.14,132.48,66.14,63.81,86.24,62.23,48.51,288.96,68.91,288.74,88.29,283.09,39.89,369.64,93.14,225.52,152.21,265.41,83.27,95.49,103.41,150.24,214.11,157.7,317.17,321.28,307.09,122.64,68.79,254.32
2000-06-01,112.35,255.01,217.15,342.98,257.48,263.08,86.56,287.36,159.44,226.55,113.44,63.69,165.65,126.19,337.91,104.76,121.61,94.02,80.69,167.21,64.76,148.72,118.3,130.97,66.05,64.28,85.76,62.63,48.62,289.47,68.03,289.63,89.11,281.81,40.09,366.23,92.85,227.19,153.71,266.0,82.85,95.92,103.74,149.22,212.73,161.46,318.7,324.13,308.87,121.82,68.97,250.7
2000-06-02,111.42,257.95,213.24,340.96,255.72,263.43,86.63,290.13,158.06,224.4,112.5,62.81,165.68,123.62,337.44,106.18,121.11,95.5,80.57,168.03,64.63,150.91,117.55,130.05,65.98,64.24,85.85,62.94,47.93,293.44,67.55,289.31,87.66,282.54,39.93,368.77,92.41,230.27,155.58,267.88,83.38,95.99,103.79,147.25,213.21,161.44,317.28,325.21,311.35,121.03,70.2,251.76
2000-06-03,111.23,260.61,210.59,346.85,256.42,263.72,86.47,295.54,158.48,223.94,112.52,63.04,162.05,121.26,338.56,105.7,118.85,93.95,79.39,167.07,65.67,152.55,117.93,129.83,65.78,64.1,86.12,62.04,47.74,292.46,67.39,289.41,88.58,284.4,39.75,371.84,92.19,229.06,154.7,264.32,83.29,97.15,102.06,151.0,213.66,161.09,319.25,323.47,310.98,119.82,69.39,248.21
2000-06-04,111.7,266.7,212.19,347.84,256.78,262.26,86.51,296.93,156.97,224.55,114.43,62.09,163.0,121.67,341.41,103.54,119.45,93.59,80.82,167.94,65.17,154.54,117.38,128.94,66.08,64.36,85.06,60.51,47.44,292.49,66.58,287.93,89.31,288.46,39.4,374.62,92.08,230.88,152.97,264.61,84.4,97.13,101.87,151.33,212.75,161.08,324.3,325.06,306.07,119.12,68.89,249.69
2000-06-05,110.78,264.46,212.86,346.18,254.57,257.41,87.3,298.48,160.39,221.36,112.89,62.53,162.2,120.38,336.37,105.17,120.26,93.97,80.82,166.05,63.74,154.22,117.26,128.2,65.92,64.5,85.69,61.02,47.02,290.97,65.19,294.01,89.85,291.16,39.03,374.01,92.38,230.13,156.31,262.66,83.83,97.49,102.68,152.24,212.97,161.69,324.33,325.73,306.18,119.14,68.9,250.99
2000-06-06,110.05,261.36,213.28,344.17,256.07,260.72,89.36,298.95,160.92,222.41,113.15,63.26,164.33,121.47,332.29,105.74,118.75,94.38,80.02,166.05,64.41,154.06,119.73,127.55,65.39,65.14,86.15,60.57,47.01,293.98,64.89,290.57,90.01,299.27,39.24,375.09,91.34,233.32,155.4,266.42,83.06,97.2,102.12,150.21,215.27,160.26,324.97,330.35,302.95,119.21,68.69,252.06
2000-06-07,110.73,258.32,216.06,342.28,257.25,258.48,90.59,298.78,160.34,222.07,110.99,64.0,165.84,121.57,325.57,105.86,119.43,94.73,81.04,165.36,62.79,151.78,119.39,127.11,66.13,64.36,85.92,60.25,47.76,297.03,64.75,289.46,90.39,299.38,38.82,382.87,90.34,234.74,152.38,261.71,82.77,97.99,101.92,150.77,214.66,161.84,319.56,326.97,301.28,119.3,68.84,253.4
2000-06-08,110.07,258.75,216.29,344.98,255.81,263.4,91.03,297.81,159.67,221.73,110.48,64.59,169.71,121.38,319.31,104.4,119.74,95.47,81.28,168.66,62.19,150.58,119.57,125.6,65.72,64.05,85.02,60.14,48.3,297.17,63.57,291.56,89.84,302.99,39.18,384.53,90.42,237.07,152.27,260.67,82.29,97.19,102.76,148.56,212.09,164.28,324.99,329.57,302.3,118.16,68.83,253.41
2000-06-09,109.88,262.32,210.91,346.15,253.6,261.26,91.01,300.41,158.75,224.43,109.6,64.46,171.31,122.32,318.08,105.4,118.86,95.91,80.72,170.18,62.05,148.98,120.78,124.48,65.15,64.07,85.27,60.58,48.37,297.96,63.78,287.85,90.15,306.21,38.76,383.15,90.76,239.62,154.05,261.28,82.56,99.15,102.57,147.71,209.98,164.6,322.14,323.97,301.96,118.34,67.94,257.97
2000-06-10,110.86,262.49,211.86,346.38,252.4,260.79,91.72,303.89,158.95,224.07,108.72,65.8,173.97,121.37,319.31,106.58,120.41,94.42,80.61,169.16,62.73,151.81,119.92,126.02,64.71,64.03,85.53,60.86,49.36,296.27,63.96,288.11,90.11,303.88,38.46,386.06,90.72,243.03,154.9,262.03,82.2,99.78,103.58,145.36,210.33,163.59,319.0,325.66,302.46,119.96,68.13,255.56
2000-06-11,107.4,260.18,210.74,336.22,250.36,262.51,91.31,307.7,159.24,222.78,108.91,65.47,174.73,120.71,325.8,106.78,118.22,94.04,80.51,166.81,62.18,151.63,120.54,128.4,64.63,63.92,86.43,60.19,49.74,299.31,63.25,290.42,89.31,304.71,38.34,384.42,90.02,239.45,156.42,262.23,81.96,99.18,105.56,144.9,214.0,164.07,315.26,323.67,299.92,117.08,68.23,252.11
2000-06-12,105.3,260.61,208.01,336.8,250.9,258.23,90.55,304.74,159.24,223.4,109.68,65.81,175.81,119.47,331.41,107.76,117.14,94.12,80.5,168.13,62.78,151.28,120.89,127.93,64.74,64.18,85.73,60.12,48.9,293.7,63.98,287.22,89.63,301.39,38.08,379.64,91.92,241.0,156.09,263.77,82.65,98.77,105.68,142.4,213.74,164.37,318.65,321.49,300.51,115.3,66.62,254.43
2000-06-13,104.41,259.72,208.65,334.79,250.45,256.53,90.08,309.01,159.14,221.52,109.23,65.39,172.16,121.52,332.04,106.4,118.68,94.55,80.24,170.12,62.29,152.09,119.48,127.05,65.33,64.3,87.02,61.05,49.68,290.92,64.42,282.51,91.09,297.88,38.42,380.64,93.33,241.09,157.99,265.13,83.48,97.85,105.55,143.26,216.93,161.94,312.75,319.87,301.18,114.44,66.88,257.44
2000-06-14,103.52,261.46,210.43,332.84,255.54,254.95,90.47,305.7,159.4,221.02,108.92,64.14,172.68,118.92,333.74,106.56,117.86,93.9,80.57,168.69,62.84,151.93,119.83,126.88,65.12,63.15,86.9,60.98,50.06,290.05,63.13,282.97,90.67,295.75,38.36,381.92,93.4,241.85,159.41,268.27,82.15,98.98,106.18,144.89,215.65,158.41,312.66,317.08,303.18,114.85,66.56,259.96
2000-06-15,104.26,256.85,209.61,329.25,254.38,255.5,90.83,305.59,160.14,219.19,109.47,63.1,170.02,118.87,328.26,107.43,118.83,93.19,81.23,169.72,62.68,152.07,119.32,125.97,65.92,62.9,88.25,61.3,49.84,290.32,63.24,281.24,90.19,296.44,38.36,381.14,92.74,241.18,162.54,267.87,80.66,100.17,105.27,144.97,216.76,157.94,314.22,315.74,299.57,115.74,66.43,256.81
2000-06-16,104.73,254.7,207.67,325.49,254.3,257.44,90.75,298.27,157.76,218.75,110.11,62.36,164.9,117.2,326.32,106.77,120.85,93.31,81.12,171.29,62.36,150.99,118.42,125.4,66.41,63.02,87.08,61.64,49.89,286.74,63.4,280.01,87.77,302.46,37.95,372.01,92.68,241.15,163.45,269.23,80.77,100.39,104.04,144.58,217.91,159.86,311.99,317.22,299.19,115.04,66.29,255.46
2000-06-17,105.53,251.51,207.57,327.37,255.75,256.31,91.45,297.08,158.51,218.83,110.69,62.59,162.05,116.07,331.58,106.43,123.98,96.12,81.82,169.95,62.28,148.12,119.13,126.09,66.26,62.42,86.56,61.45,50.43,290.2,63.1,281.57,86.46,305.48,38.11,369.12,92.1,242.65,165.09,270.64,79.63,100.13,102.96,143.57,218.91,159.93,311.78,322.24,299.35,113.96,66.02,251.6
2000-06-18,105.37,253.97,207.89,330.56,250.18,259.63,91.9,301.38,158.13,218.1,109.06,62.99,159.08,114.9,334.95,105.98,123.07,96.36,81.27,169.54,62.37,146.16,121.12,124.63,66.91,62.73,87.48,60.79,50.68,290.03,64.35,278.95,86.35,306.31,38.14,372.2,92.63,239.91,167.6,269.43,79.2,100.05,103.79,141.96,219.48,157.14,307.74,321.93,303.01,114.24,65.83,251.47
2000-06-19,106.53,254.38,211.21,331.73,245.73,259.69,91.57,299.56,161.24,213.78,109.53,62.05,159.53,115.76,336.38,106.93,121.97,97.2,80.03,169.27,61.6,144.69,122.67,124.34,67.39,61.91,88.02,60.71,51.38,283.43,65.59,277.58,85.23,305.61,38.23,371.47,93.54,239.41,166.67,272.5,80.37,100.61,103.04,144.09,217.69,158.67,309.35,320.06,301.33,113.28,66.51,252.58
2000-06-20,105.57,255.67,209.55,331.42,245.24,262.54,91.71,294.66,162.73,209.26,109.09,62.6,159.77,114.71,334.62,107.23,122.77,96.27,79.54,169.13,60.72,143.47,123.55,126.39,67.56,61.75,90.22,60.15,51.44,284.09,65.55,272.44,85.9,306.2,37.54,371.37,94.16,241.62,163.0,272.96,80.29,102.34,104.03,144.33,218.6,159.21,312.29,320.51,303.4,111.45,67.55,250.37
2000-06-21,105.79,251.27,208.04,333.89,248.61,262.38,91.42,291.22,161.73,209.25,106.89,62.14,163.4,115.7,331.47,106.67,121.66,98.01,78.31,169.03,60.71,140.31,121.42,124.86,68.02,61.9,89.65,60.56,51.48,285.2,66.2,274.65,86.47,309.57,37.14,371.64,92.0,242.07,163.6,271.21,80.22,102.11,104.68,143.91,215.11,160.02,313.89,320.54,299.93,111.33,67.49,244.13
2000-06-22,104.43,250.26,204.88,330.2,253.38,256.8,92.02,288.45,164.87,213.14,108.64,62.73,161.96,117.12,336.87,106.53,122.46,98.16,79.11,167.59,60.43,140.31,120.59,125.06,67.73,61.7,89.73,60.21,52.02,283.86,66.46,273.6,85.81,307.78,37.06,367.17,91.86,244.38,163.92,268.52,80.02,102.35,103.19,144.54,215.32,159.5,316.0,317.21,300.85,111.18,68.35,240.45
2000-06-23,102.56,249.02,203.02,328.7,251.97,258.65,91.23,285.87,164.91,215.49,108.06,62.03,160.53,115.05,334.43,105.23,122.54,97.88,79.49,168.68,59.99,140.92,122.0,124.7,67.69,62.72,88.32,59.65,51.56,283.09,67.34,272.06,85.06,304.58,37.01,359.2,92.93,243.63,163.09,270.19,79.3,101.37,104.11,144.36,213.46,159.83,313.36,316.6,301.14,109.78,67.74,240.45
2000-06-24,101.28,248.64,204.07,325.4,252.42,262.48,90.12,286.63,164.73,215.59,107.27,61.96,160.23,116.59,327.93,104.51,122.08,97.82,78.65,169.81,60.21,143.27,124.88,124.46,67.01,63.59,88.18,60.0,50.53,287.32,67.49,274.88,83.85,305.21,37.13,359.29,92.83,243.56,162.22,268.14,80.22,101.18,102.44,145.07,213.59,159.8,310.14,314.1,295.95,110.21,67.02,242.07
2000-06-25,101.73,245.05,201.42,328.68,254.22,262.3,89.9,290.04,165.19,215.34,105.53,61.82,158.33,114.45,329.92,103.73,123.31,96.14,78.89,171.57,60.29,141.99,123.98,124.74,67.1,65.17,87.35,61.08,49.41,289.65,68.31,277.22,83.68,309.1,36.29,361.94,93.61,240.94,161.82,269.82,79.74,99.63,101.97,147.21,213.53,161.53,306.35,313.44,295.81,109.23,67.45,238.88
2000-06-26,100.54,249.51,201.31,331.93,253.53,266.36,89.63,292.78,164.81,213.79,101.99,62.05,156.3,113.23,328.76,103.22,122.79,95.36,78.87,170.66,59.79,141.14,122.7,122.51,67.52,66.21,88.51,62.01,49.22,287.72,68.03,278.04,83.61,311.77,36.41,360.77,94.94,243.45,163.1,269.87,79.09,99.32,102.7,146.52,213.32,162.06,309.62,308.32,295.48,111.88,68.39,238.56
2000-06-27,101.43,251.43,202.84,334.18,252.01,266.55,90.32,298.59,165.88,212.05,101.2,62.69,156.31,113.71,329.2,101.05,123.82,95.13,77.61,169.37,60.39,141.46,124.56,122.95,66.54,66.33,88.52,62.29,49.86,285.43,67.66,278.6,83.5,317.33,36.17,359.91,94.65,240.79,162.9,270.13,78.77,99.41,103.03,146.19,211.32,163.15,310.84,312.29,293.75,112.58,69.97,240.82
2000-06-28,101.5,250.79,204.17,339.66,252.53,266.67,91.57,302.01,164.31,214.52,102.48,63.65,154.9,114.64,325.49,100.87,124.4,94.15,78.07,172.01,60.72,141.05,122.39,123.41,66.35,65.68,86.8,63.1,49.84,286.04,66.99,274.77,84.05,320.57,36.78,358.63,94.89,236.34,163.2,271.39,78.76,98.75,102.66,148.55,215.1,165.4,311.25,314.49,295.92,113.66,70.36,238.57
2000-06-29,102.12,250.61,206.22,337.09,249.39,268.84,90.02,302.11,165.22,214.85,101.76,63.12,156.28,112.52,323.51,100.25,122.58,93.5,77.23,173.7,58.94,141.31,123.86,124.22,66.27,66.47,87.38,63.62,50.68,282.92,67.0,269.49,85.15,318.39,36.59,354.66,94.97,235.78,162.79,275.93,77.71,97.36,101.7,149.76,212.91,162.29,312.92,313.11,295.89,114.94,69.62,240.81
2000-06-30,103.34,250.43,207.37,335.13,244.87,265.08,90.1,306.9,162.92,215.02,100.79,62.8,156.77,113.17,323.95,98.87,122.32,94.31,77.25,176.53,59.9,139.33,122.3,124.9,65.91,65.99,86.76,63.46,50.19,287.33,67.41,270.02,86.78,325.74,36.79,359.87,94.67,238.47,164.72,276.56,76.58,97.81,101.74,150.13,214.2,163.93,312.07,316.55,295.88,114.3,68.83,244.06
2000-07-01,103.87,251.62,206.96,335.79,245.35,267.15,90.47,310.91,163.44,215.06,101.23,63.36,157.85,110.98,321.75,98.21,119.22,93.6,77.3,174.85,60.43,140.47,122.09,124.43,66.18,65.71,87.4,63.86,50.94,284.57,67.51,271.54,86.93,328.84,36.85,363.83,96.53,238.47,166.4,275.81,76.35,95.85,102.08,149.11,214.92,165.81,316.71,315.21,290.68,115.34,68.92,244.74
2000-07-02,103.57,255.72,209.97,337.11,245.14,269.08,88.52,309.64,166.31,217.45,102.55,62.93,160.28,114.56,319.65,96.52,118.46,93.61,77.42,175.62,60.98,139.15,118.85,125.02,66.1,66.07,87.74,63.91,50.98,285.89,67.18,268.16,87.8,331.6,36.74,365.6,96.35,238.34,163.43,273.07,76.62,97.79,102.91,150.12,215.59,163.35,317.07,315.85,293.27,114.71,69.47,245.9
2000-07-03,101.15,252.35,209.93,334.74,248.13,271.05,88.76,307.93,167.42,213.46,102.64,63.83,162.79,114.5,317.53,95.85,117.95,95.07,77.8,178.88,61.18,140.34,117.88,125.75,64.99,65.48,88.03,64.21,51.57,286.37,67.56,268.78,86.93,328.8,36.39,370.09,96.51,238.15,161.82,274.7,75.83,98.06,102.41,149.88,219.35,165.19,319.92,318.51,295.26,114.12,70.62,245.51
2000-07-04,101.0,253.33,213.31,328.11,250.76,269.77,88.27,308.15,168.61,212.38,101.37,64.05,165.29,117.19,315.87,97.07,119.06,95.88,77.6,181.24,60.98,139.52,118.24,125.81,64.75,66.31,88.53,63.02,51.55,290.6,67.3,271.18,87.76,329.38,36.41,370.78,95.15,235.06,162.31,273.87,76.39,98.47,101.17,149.92,216.46,165.42,320.52,318.11,293.7,114.72,71.42,241.65
2000-07-05,101.72,253.27,210.76,333.29,249.76,273.56,88.51,306.69,169.68,211.8,99.84,64.52,165.0,117.76,310.72,98.89,118.82,97.15,77.21,183.92,62.05,140.76,120.38,126.66,65.3,65.88,89.36,62.1,50.71,289.41,67.19,272.72,88.01,333.16,36.43,373.54,95.89,233.67,162.76,269.16,76.02,100.53,102.09,149.1,212.97,163.76,325.79,320.74,289.46,114.26,69.82,240.91
2000-07-06,100.52,253.15,211.94,330.86,250.67,277.48,86.59,304.2,171.4,209.94,99.12,64.78,166.7,118.06,309.56,98.56,120.61,98.32,77.15,183.64,61.42,138.16,120.55,126.38,65.65,66.53,89.21,60.87,50.19,288.97,68.0,274.28,88.6,332.34,36.75,373.53,95.2,236.82,162.82,267.66,76.28,101.58,102.81,149.32,213.27,165.2,324.18,322.72,285.95,115.09,69.99,241.55
2000-07-07,99.63,248.59,211.0,328.89,251.46,279.61,85.38,306.28,169.48,209.35,98.53,65.61,165.7,119.82,310.77,96.75,119.35,98.0,75.66,183.33,62.62,137.16,121.99,126.67,66.02,66.49,89.07,60.74,49.71,286.82,67.63,268.43,88.96,333.63,36.35,367.1,94.52,237.35,161.36,270.37,78.33,101.02,103.75,149.28,213.94,165.26,328.61,323.17,287.95,115.26,70.07,242.97
2000-07-08,99.14,251.18,209.57,328.05,248.72,277.36,85.46,304.3,166.66,212.12,98.36,65.8,167.08,118.29,314.33,96.67,118.42,97.87,74.79,182.21,62.71,137.95,121.74,126.77,65.86,65.81,89.45,59.94,48.69,284.26,67.38,270.51,89.7,339.82,36.54,368.42,93.83,233.61,159.66,272.88,78.68,101.24,103.87,149.72,211.2,166.48,336.56,322.69,279.8,115.25,71.16,244.06
2000-07-09,98.38,256.61,208.46,325.35,246.83,276.45,86.07,305.37,165.7,210.1,98.86,66.63,166.87,119.48,312.13,95.22,117.33,97.91,74.49,182.74,62.85,137.76,119.42,123.92,66.02,65.66,89.6,58.92,48.99,282.72,67.33,269.95,91.95,343.85,36.53,366.18,93.75,231.09,158.28,277.69,78.18,100.88,104.57,148.59,208.94,167.9,338.71,323.81,279.57,115.6,71.43,243.08
2000-07-10,99.32,256.59,207.44,321.8,242.88,276.23,85.67,304.19,163.1,212.41,98.35,66.64,167.33,117.76,306.64,94.41,116.76,97.49,73.94,182.78,62.99,140.7,119.45,121.59,65.46,65.06,88.41,59.29,48.25,281.81,67.5,270.47,92.76,340.37,36.18,369.39,94.86,232.06,158.6,281.76,79.35,99.09,102.87,149.96,209.69,165.33,341.29,317.17,273.06,115.5,71.57,239.31
2000-07-11,98.23,257.49,207.66,322.04,237.28,274.56,84.69,306.3,161.46,213.76,97.76,65.42,167.27,116.23,303.32,94.93,116.59,97.83,74.6,182.6,63.73,140.18,119.72,122.61,65.15,64.27,88.05,59.46,48.4,281.14,68.38,263.55,92.29,346.0,36.31,366.19,92.81,231.1,157.75,283.29,79.5,99.72,102.28,149.05,209.74,161.77,336.05,317.16,270.44,115.65,70.88,234.31
2000-07-12,99.2,251.48,207.86,320.39,240.75,274.18,84.59,305.3,161.73,214.1,97.27,64.96,168.29,118.24,298.33,94.55,116.35,99.75,75.19,184.89,64.3,138.85,121.44,123.46,65.8,62.65,88.28,58.81,48.4,281.92,67.38,264.03,93.2,350.93,36.22,365.03,92.79,230.27,157.28,277.41,80.49,100.54,101.57,148.42,209.21,160.33,332.6,312.43,272.29,116.85,70.27,232.94
2000-07-13,99.91,250.03,211.29,320.51,243.31,278.41,84.29,309.01,162.56,216.21,97.94,64.47,166.28,117.05,293.78,95.56,115.98,99.91,75.56,184.72,64.65,137.87,120.04,123.23,64.69,62.45,88.64,58.43,47.79,287.4,66.94,262.34,93.17,350.3,36.45,364.05,91.15,231.38,154.74,280.45,82.35,101.39,100.66,147.73,209.93,160.85,320.18,309.49,269.95,116.72,69.74,236.72
2000-07-14,98.84,250.16,212.86,322.54,242.97,278.4,84.11,307.34,165.88,215.35,97.41,65.41,164.43,116.99,295.03,97.63,116.17,99.57,75.28,184.2,64.87,136.03,119.58,123.28,66.31,61.93,88.56,58.52,47.57,284.79,67.2,263.54,93.35,352.74,36.44,365.62,91.2,230.13,155.88,274.61,82.88,100.22,100.63,147.77,213.82,159.71,325.6,311.36,267.05,117.71,70.62,235.87
2000-07-15,99.23,246.39,211.24,320.52,242.31,282.43,84.22,308.72,169.38,215.54,97.65,63.84,164.13,118.41,298.3,97.28,116.89,100.14,75.71,186.73,65.18,134.44,119.78,123.39,66.59,61.83,87.55,58.51,47.13,287.01,68.17,265.56,93.2,357.53,37.22,363.74,90.13,233.37,155.17,271.83,81.91,99.8,101.8,148.18,214.83,159.25,325.8,309.67,267.12,115.84,70.24,237.76
2000-07-16,100.87,247.44,214.08,316.5,243.37,283.3,82.53,312.87,169.3,210.54,96.7,63.8,167.27,117.51,300.26,97.7,116.12,100.49,75.61,187.14,64.94,132.97,117.97,121.09,67.98,61.52,87.1,58.68,47.43,287.79,68.21,265.26,92.83,358.5,35.94,356.44,91.66,230.29,155.51,271.12,81.74,98.98,102.76,146.92,212.26,156.6,321.61,302.37,266.94,115.83,69.66,236.79
2000-07-17,101.68,250.4,212.15,320.61,240.62,288.01,82.34,313.3,167.44,207.65,95.55,63.88,168.0,116.3,300.83,98.12,113.37,100.36,75.34,187.1,65.88,129.16,117.43,121.18,67.38,61.44,87.3,58.38,47.77,282.57,67.66,262.4,91.34,356.93,36.06,355.15,90.49,230.12,158.47,278.77,81.7,99.73,103.54,144.45,207.98,153.83,324.93,305.37,262.52,115.14,69.57,237.39
2000-07-18,101.55,252.28,209.14,323.75,242.97,285.12,83.32,311.92,166.55,211.41,95.65,64.42,168.78,117.1,301.91,96.98,114.3,99.45,75.16,190.09,65.68,129.28,116.46,120.87,67.15,60.75,88.47,58.21,48.06,284.26,67.56,262.96,91.53,356.03,36.37,355.39,91.66,226.47,159.2,279.45,81.04,99.28,102.85,141.81,209.03,152.89,324.93,299.92,261.84,116.91,70.08,236.74
2000-07-19,102.41,252.51,209.5,326.18,239.91,288.77,83.68,322.64,165.58,214.9,96.12,65.62,166.04,118.04,304.14,98.43,114.95,99.88,74.8,188.8,65.61,129.65,115.93,119.19,67.27,61.6,88.07,57.95,47.46,286.31,67.83,260.43,90.8,362.58,35.81,356.5,93.13,229.26,159.5,275.44,79.77,101.29,102.99,140.96,211.05,152.72,330.1,301.25,263.22,118.46,70.49,238.74
2000-07-20,102.29,251.5,208.95,322.88,236.8,291.61,82.24,324.26,163.2,213.81,96.08,65.53,164.32,118.43,297.58,100.65,113.98,98.69,74.36,190.53,64.74,126.52,113.34,119.18,67.52,61.25,87.35,58.48,48.14,285.73,67.56,262.46,90.45,363.76,35.32,359.63,92.23,228.14,162.06,272.07,78.53,101.29,102.56,140.57,213.26,153.16,324.16,304.69,261.19,118.4,70.28,237.44
2000-07-21,102.54,252.98,207.67,329.47,233.42,285.24,83.26,319.57,163.03,211.52,95.34,65.94,164.47,118.07,297.5,102.38,113.31,97.99,72.62,192.44,64.5,124.48,112.22,117.52,67.67,61.35,87.18,58.78,48.36,282.47,67.42,258.38,90.65,354.7,36.31,352.69,92.62,230.87,161.97,269.56,78.98,100.91,103.68,141.38,215.98,153.11,326.39,304.46,264.18,116.2,70.82,236.37
2000-07-22,100.5,249.16,213.02,329.82,235.96,291.38,82.04,325.51,166.7,206.79,93.6,65.4,164.83,117.73,302.36,105.19,114.9,97.41,72.1,192.59,65.45,124.73,112.75,116.26,68.39,60.36,87.47,57.86,48.81,280.96,67.71,258.93,89.77,351.96,36.11,349.58,92.81,231.71,162.54,267.6,78.44,100.34,104.29,140.12,218.49,154.72,322.45,296.83,260.64,115.43,71.15,239.6
2000-07-23,101.7,247.5,217.36,328.1,236.01,288.42,82.94,319.35,167.51,205.83,94.72,64.99,166.6,118.0,301.22,105.78,113.5,96.53,71.67,190.78,65.22,124.83,112.88,118.14,67.82,60.36,88.65,57.58,49.17,280.74,67.21,257.59,88.99,347.93,36.18,352.84,92.96,234.56,162.84,264.77,78.16,100.63,105.81,140.02,216.01,153.32,327.32,301.23,264.37,115.15,71.66,236.73
2000-07-24,102.32,247.03,215.56,321.68,236.21,287.83,83.07,325.12,166.72,205.85,94.28,65.63,165.87,116.02,303.01,104.22,113.09,96.59,71.83,193.12,65.15,125.95,112.32,118.97,67.46,60.6,88.85,57.75,48.63,279.83,67.09,264.5,88.51,345.59,36.23,350.65,92.41,232.52,164.28,269.57,78.1,101.06,104.49,140.69,214.46,152.42,331.37,304.3,264.53,115.56,70.55,234.53
2000-07-25,101.63,246.81,215.72,321.2,235.09,288.0,82.42,322.6,168.56,202.86,94.22,65.47,163.63,114.49,302.45,103.66,111.95,96.19,71.78,195.08,65.05,123.96,114.09,118.62,67.11,61.1,88.59,57.57,48.93,281.77,67.52,268.02,88.55,346.72,35.78,354.12,91.72,235.73,167.48,270.02,77.35,99.65,104.98,140.94,214.39,151.44,332.18,307.37,265.61,115.72,70.69,233.35
2000-07-26,103.42,250.88,215.62,318.48,235.62,287.96,82.79,322.7,166.98,204.88,93.35,65.56,159.86,114.86,301.89,105.23,112.12,97.55,72.41,194.33,64.4,124.53,114.29,120.26,67.14,61.02,86.91,56.66,48.42,286.42,67.33,261.64,88.6,346.39,36.38,359.91,90.03,237.87,166.54,271.73,78.0,99.9,102.29,141.52,219.94,149.73,332.19,305.02,268.84,115.53,70.52,228.18
2000-07-27,101.65,252.05,210.92,321.17,236.07,290.98,83.08,319.44,168.0,204.89,92.52,65.86,158.32,114.61,296.17,104.33,114.84,97.37,72.74,193.34,63.66,126.98,112.27,121.23,68.38,61.68,85.75,56.56,48.59,285.51,67.79,263.97,88.66,344.88,36.88,352.52,90.2,237.28,166.68,270.68,78.81,100.82,103.29,139.87,222.68,148.5,335.12,308.64,271.84,114.36,70.62,233.21
2000-07-28,101.33,248.43,210.46,321.94,235.26,292.43,82.78,324.32,167.03,206.82,91.7,65.61,155.34,112.06,296.87,104.01,116.7,96.71,72.15,190.21,63.52,127.34,112.86,123.25,68.35,61.12,84.01,55.89,48.59,289.25,68.03,265.77,88.49,344.91,37.38,346.55,90.56,236.78,166.95,273.38,79.23,99.8,102.33,138.43,224.72,147.96,334.32,310.36,267.58,113.83,72.86,234.82
2000-07-29,102.59,249.07,212.26,321.25,239.38,290.53,82.3,324.23,165.28,206.11,91.98,65.88,154.93,112.77,292.66,103.23,116.91,97.29,72.62,190.32,63.65,124.59,111.59,121.12,68.22,61.06,85.28,55.7,48.71,292.38,67.7,264.04,89.51,343.96,37.86,346.12,91.4,234.71,167.38,274.1,79.81,99.59,101.41,140.9,224.43,147.33,339.47,304.01,267.55,114.45,73.54,237.05
2000-07-30,104.29,249.83,216.62,323.55,242.61,290.6,80.6,326.91,166.25,203.86,92.27,66.27,153.53,111.12,294.84,103.72,116.56,95.17,73.4,193.29,63.8,124.04,111.63,123.23,68.28,61.5,86.41,55.34,48.16,288.79,68.0,264.56,89.85,345.25,37.68,343.41,90.93,235.23,163.84,278.18,80.96,100.09,102.11,138.43,221.08,148.43,342.54,309.25,265.43,114.82,73.4,234.76
2000-07-31,104.81,249.51,215.32,326.59,241.03,291.66,81.17,324.11,168.27,199.5,91.1,66.26,154.32,110.38,295.94,105.09,117.88,95.29,73.28,193.54,63.09,123.79,111.56,125.1,68.35,62.11,86.71,55.54,47.7,286.13,68.38,265.57,90.13,351.47,37.51,343.35,90.57,233.4,166.78,275.89,80.58,98.83,102.93,138.2,219.28,149.32,338.58,311.5,258.35,114.68,73.14,234.79
2000-08-01,104.56,245.12,211.97,323.55,240.59,293.21,81.58,330.84,164.73,198.19,92.09,66.15,154.52,110.59,296.52,105.87,119.18,94.58,73.66,191.98,62.36,126.07,113.19,125.35,66.79,61.49,86.1,54.91,46.58,283.94,69.49,263.13,89.59,355.69,37.67,342.79,91.41,235.23,167.17,277.2,80.44,97.5,102.0,138.19,219.78,150.31,341.16,307.97,254.29,115.57,72.85,235.58
2000-08-02,103.78,243.88,214.71,326.3,239.22,298.15,81.5,334.68,167.56,198.23,92.88,65.51,154.72,109.66,298.37,106.2,119.45,95.39,72.73,190.81,61.85,127.38,113.9,125.81,67.37,61.79,85.4,54.73,46.58,287.56,70.92,264.5,89.09,361.35,38.2,344.44,90.61,236.45,168.89,274.79,81.81,99.15,101.67,139.13,215.94,150.72,340.76,310.36,251.74,115.48,73.56,238.97
2000-08-03,104.15,242.21,214.58,327.5,241.62,293.83,82.03,333.23,169.64,195.3,93.61,65.4,152.22,110.52,294.22,105.58,120.55,95.79,71.62,187.96,62.14,127.87,113.83,126.48,65.38,61.73,83.68,54.75,46.86,288.6,70.02,262.64,88.52,359.17,38.26,340.56,90.72,239.32,167.07,274.59,81.32,100.31,101.89,137.56,215.6,153.6,338.82,306.84,255.05,116.55,72.83,237.23
2000-08-04,106.12,241.05,213.75,329.75,243.25,293.36,82.57,332.8,169.21,190.99,91.09,64.51,150.67,109.16,291.68,106.68,119.58,94.93,72.24,189.1,61.87,128.8,111.06,125.62,64.69,62.2,83.52,54.88,46.87,292.3,69.94,258.59,87.42,368.37,37.93,340.44,89.66,240.53,166.9,277.31,82.24,100.14,101.74,139.09,215.98,153.78,338.5,302.35,255.05,116.38,74.23,234.33
2000-08-05,107.0,245.54,212.65,330.28,239.97,287.97,84.69,327.86,170.5,192.5,90.81,66.15,150.48,108.54,291.56,106.52,118.86,95.39,72.96,186.99,61.63,129.35,110.17,125.49,65.02,63.19,83.57,55.29,47.52,292.48,70.26,256.15,86.81,377.84,37.54,342.53,88.97,240.49,165.92,282.36,80.37,100.0,101.83,140.22,215.1,154.78,333.83,297.44,254.81,118.05,73.95,238.47
2000-08-06,107.16,247.46,209.67,334.65,239.18,290.58,85.83,329.48,171.17,194.43,91.05,65.83,150.37,110.53,289.65,107.27,118.65,94.58,72.48,187.98,61.16,129.98,109.08,124.91,65.0,62.92,82.85,56.16,47.56,291.51,69.37,256.1,87.33,379.58,37.7,341.58,88.62,237.24,167.3,278.52,80.26,100.98,103.1,142.83,217.58,153.97,330.8,298.4,260.13,116.54,74.39,235.62
2000-08-07,106.87,245.72,207.99,334.75,240.19,288.96,86.57,326.75,169.57,196.44,91.45,65.28,153.53,110.13,288.65,106.07,118.44,96.16,71.38,185.88,60.22,131.03,108.18,124.33,65.69,63.23,82.24,56.69,47.41,291.41,69.28,256.25,88.31,377.98,37.83,344.08,88.4,236.01,165.01,281.16,79.44,101.26,104.35,142.93,215.55,150.93,339.4,297.21,258.74,115.52,74.88,234.94
2000-08-08,107.03,246.82,209.48,337.57,237.02,291.58,86.2,328.66,169.01,199.05,94.32,63.8,155.47,110.21,291.31,105.33,117.4,96.23,70.92,181.97,60.11,130.97,108.79,124.35,67.06,63.75,82.65,57.43,47.36,296.4,69.45,255.14,87.4,374.87,37.8,351.79,87.64,235.72,164.54,281.18,78.65,100.81,104.83,142.8,214.9,149.53,338.61,297.66,261.33,116.58,75.81,235.91
2000-08-09,105.53,243.31,211.2,337.74,236.8,291.74,86.57,330.07,169.18,198.1,96.39,64.19,155.95,112.17,290.11,105.53,117.14,96.71,70.97,183.36,60.43,130.63,108.29,125.71,66.55,64.26,82.51,57.2,47.22,293.31,70.34,258.7,88.56,375.36,37.99,359.47,87.8,238.01,164.61,282.72,79.25,100.26,103.91,143.73,216.47,148.8,333.22,300.23,260.83,115.92,76.12,230.44
2000-08-10,103.69,241.69,214.13,336.78,238.32,293.11,85.89,328.85,168.53,198.83,96.21,62.92,156.56,111.72,292.53,105.13,116.93,98.75,71.95,180.93,59.93,130.89,108.64,125.13,66.66,64.01,84.56,57.51,46.53,290.26,71.11,256.08,88.18,373.94,38.34,350.36,88.58,238.51,164.25,284.92,78.54,100.2,106.4,143.62,218.38,146.7,337.22,304.66,259.89,115.27,75.89,224.58
2000-08-11,102.27,241.3,213.49,338.38,240.58,288.75,83.0,330.02,165.27,199.02,93.19,63.31,157.14,112.28,292.37,102.68,118.72,99.03,70.92,180.46,59.3,131.47,111.01,125.53,67.39,64.06,86.12,58.33,46.41,290.46,72.03,252.63,88.02,371.6,38.25,346.77,88.39,239.67,165.29,287.39,79.05,100.21,105.56,142.33,213.32,148.62,334.95,307.29,257.58,115.27,76.07,223.52
2000-08-12,100.5,242.6,213.39,337.31,238.33,290.73,82.55,333.87,164.76,197.93,94.49,62.81,155.84,112.04,288.81,99.84,117.4,99.5,71.27,178.82,59.72,131.48,109.82,127.81,67.01,64.51,86.86,58.5,46.35,290.13,71.52,253.86,89.62,380.42,38.03,343.52,87.78,233.48,166.09,287.61,79.66,100.69,104.28,141.09,211.19,148.49,340.66,304.9,253.01,116.07,76.3,219.36
2000-08-13,99.91,244.21,213.99,341.36,237.88,293.65,81.17,329.97,165.01,195.38,93.85,62.61,156.7,112.11,284.47,98.97,117.73,98.9,70.28,181.71,59.88,134.0,110.47,127.64,66.73,65.44,87.44,58.84,46.58,288.29,71.07,256.99,89.13,374.28,38.42,343.9,87.2,233.48,168.92,285.8,79.03,99.0,104.37,142.95,207.87,151.25,335.43,307.42,251.69,116.71,75.36,218.95
2000-08-14,101.22,242.09,211.49,335.98,240.77,292.96,81.19,328.48,163.47,195.65,94.91,62.33,156.19,110.96,282.06,96.96,118.92,101.08,71.6,182.84,59.84,135.45,114.05,127.37,66.2,65.78,86.17,59.0,47.11,288.22,71.29,254.81,89.24,370.16,38.36,334.4,86.42,231.84,166.2,282.29,78.38,98.61,105.1,142.91,206.86,151.28,338.55,305.84,252.59,116.71,74.53,214.72
2000-08-15,100.21,240.52,212.07,338.98,239.9,291.55,81.12,324.76,161.04,194.84,93.98,61.48,155.99,109.9,282.63,94.99,119.26,101.72,70.21,180.38,60.37,132.46,112.51,129.05,66.41,65.65,85.17,58.86,47.35,283.39,70.68,254.75,89.07,373.98,38.52,335.17,86.34,231.48,169.48,281.99,79.31,97.79,104.8,145.38,202.91,149.67,337.94,306.24,251.42,116.54,75.57,213.61
2000-08-16,99.41,243.82,210.26,345.47,236.28,291.17,81.17,322.84,162.67,193.31,93.72,61.83,156.36,110.8,282.79,94.26,118.16,100.92,70.18,179.15,59.31,131.34,113.82,127.41,66.69,66.53,85.4,60.02,47.19,283.53,69.75,258.97,89.38,371.74,38.17,333.75,86.21,236.67,171.1,276.56,79.99,97.02,103.21,146.75,203.86,149.58,340.53,308.91,251.83,115.93,75.56,216.43
2000-08-17,97.73,242.66,209.65,346.16,235.2,295.42,82.36,328.44,162.58,196.07,94.41,62.66,154.93,110.42,282.4,93.9,121.06,100.95,69.21,181.75,60.07,132.23,114.17,127.95,66.7,66.43,84.97,59.85,47.41,288.33,69.86,258.73,89.53,368.53,37.46,330.04,87.59,234.86,171.04,278.81,79.9,97.09,105.11,148.41,203.45,148.71,344.01,306.68,252.72,115.98,75.54,220.21
2000-08-18,97.31,247.69,209.54,349.25,236.87,293.55,83.15,327.82,160.42,193.67,93.18,62.01,153.32,109.15,282.91,94.55,121.8,100.66,70.52,185.68,60.36,130.38,113.18,128.82,67.21,66.73,84.29,59.78,47.79,286.15,68.55,256.95,90.6,370.37,37.6,330.01,87.65,234.82,167.62,278.9,80.11,95.44,104.07,147.75,201.51,148.52,343.13,309.8,254.9,113.49,75.57,217.51
2000-08-19,96.76,250.73,208.02,351.23,240.09,296.16,83.69,324.61,161.13,194.31,92.65,61.95,151.45,108.62,282.44,93.95,121.5,99.69,70.9,187.06,60.46,132.24,113.53,128.92,67.15,68.3,84.06,60.01,47.59,279.7,70.3,254.04,91.28,369.86,37.3,323.56,88.4,237.28,167.28,283.24,80.01,95.97,104.4,148.85,201.1,148.14,348.75,308.79,253.24,115.28,75.69,216.54
2000-08-20,95.93,247.31,205.92,356.67,233.11,299.97,83.03,322.6,159.89,193.67,92.68,62.12,149.87,107.27,279.59,93.06,123.42,99.05,70.73,186.55,60.12,132.32,113.05,128.01,67.15,67.76,84.74,58.9,47.63,282.95,70.6,255.77,91.81,366.27,37.37,320.81,87.87,240.1,167.0,282.01,78.11,96.33,103.69,146.27,200.26,145.02,345.27,306.88,250.94,114.96,76.61,220.16
2000-08-21,96.68,249.18,207.18,356.69,232.88,299.94,83.43,322.34,160.94,190.35,94.91,62.27,149.81,107.91,282.53,95.33,124.9,100.08,70.25,188.82,61.17,132.31,114.23,127.67,68.09,67.55,83.96,58.44,46.81,280.68,69.62,261.36,92.41,364.49,37.08,317.0,88.1,246.0,168.21,280.65,77.35,96.17,103.42,145.58,200.35,148.11,347.5,300.9,246.65,113.41,75.85,221.12
2000-08-22,97.76,246.39,208.27,357.11,232.55,294.81,82.85,322.07,161.17,191.21,94.96,61.09,150.94,107.38,279.28,95.84,123.58,100.45,69.92,192.71,60.5,133.88,113.37,129.66,69.44,66.44,85.02,59.61,46.29,280.5,69.42,264.65,91.62,361.75,36.37,319.15,88.46,249.38,169.51,279.6,76.9,96.58,103.85,147.48,201.95,146.65,348.83,296.7,246.37,113.73,76.57,215.59
2000-08-23,97.09,246.81,207.5,348.64,233.66,296.74,83.04,316.5,162.31,189.68,96.08,62.94,148.53,108.67,275.26,96.39,125.16,100.68,69.01,191.99,61.72,135.09,114.98,129.76,69.44,66.03,85.32,59.59,45.81,280.22,69.17,266.83,92.08,360.73,36.33,318.62,87.24,244.95,170.06,283.06,77.85,97.15,104.18,149.45,200.93,145.67,348.61,303.02,245.54,113.01,77.03,218.15
2000-08-24,97.09,248.62,206.57,347.96,236.45,301.58,81.53,314.11,157.95,186.54,94.7,61.78,148.53,108.85,278.75,98.54,126.09,103.14,69.64,193.54,62.01,133.42,114.85,129.87,68.98,66.15,87.08,59.35,46.2,276.76,69.39,265.35,92.87,362.23,36.98,323.06,87.12,241.12,169.84,283.01,78.0,94.85,105.07,150.01,202.67,143.91,354.32,299.04,242.74,113.14,76.82,216.83
2000-08-25,96.05,248.28,209.86,344.5,238.74,301.05,81.24,313.26,159.56,188.19,95.15,61.26,146.62,109.24,281.04,98.27,127.76,101.81,69.84,194.04,62.53,134.05,114.62,130.76,68.36,66.33,88.17,58.74,46.11,278.04,68.91,266.97,95.07,362.23,37.03,324.12,87.11,242.65,166.49,280.82,77.41,94.92,103.46,152.26,202.73,145.3,350.68,300.71,237.14,114.45,75.67,211.91
2000-08-26,94.97,250.08,208.93,341.34,236.41,305.44,82.03,316.66,161.65,190.05,95.04,61.25,145.76,109.57,282.69,98.86,128.54,101.68,68.45,193.76,62.8,132.59,116.5,131.12,69.06,66.67,89.17,59.26,45.66,277.46,68.22,269.43,95.14,355.53,37.28,325.86,86.22,241.3,164.63,282.61,78.11,94.62,103.05,150.81,203.41,145.14,351.9,301.06,241.71,114.8,75.44,212.12
2000-08-27,95.47,247.75,210.16,340.94,234.18,296.71,82.05,318.61,160.21,193.06,93.34,60.69,144.67,109.98,283.6,97.31,129.59,100.31,68.76,194.88,63.8,129.65,115.38,129.75,69.36,67.43,88.26,59.12,45.13,279.16,67.92,272.67,96.73,353.71,37.39,321.19,86.99,237.39,163.96,277.39,78.04,94.23,102.99,152.54,205.58,146.42,353.38,298.29,241.29,114.3,75.17,209.7
2000-08-28,94.53,243.0,210.75,342.87,236.1,297.43,82.52,315.24,159.54,195.83,91.35,60.44,143.98,112.84,285.49,97.47,130.9,101.19,68.22,195.6,64.46,128.35,115.59,130.98,68.52,67.0,88.37,59.17,46.16,278.67,68.54,274.07,94.75,353.99,37.18,322.02,87.14,234.14,167.3,278.46,78.91,93.57,102.52,152.62,204.23,147.75,347.86,293.89,237.58,115.14,76.02,209.23
2000-08-29,94.59,240.36,211.55,339.54,235.03,299.18,83.73,317.49,158.91,192.72,90.95,60.18,145.28,113.29,278.33,97.23,132.79,100.67,68.39,194.87,64.62,128.49,115.82,130.06,68.38,67.82,85.84,58.9,46.03,277.58,68.66,276.54,95.02,349.43,36.66,322.29,85.9,234.86,166.13,277.23,78.42,93.15,102.51,152.46,202.93,146.31,356.15,295.48,237.31,114.99,76.11,209.24
2000-08-30,95.79,243.12,208.6,344.97,233.93,298.25,82.31,317.32,158.79,192.94,89.28,60.88,144.86,112.84,279.98,97.72,133.58,101.05,67.97,196.13,66.28,131.65,115.8,130.61,67.39,68.76,86.73,59.44,46.62,272.51,69.01,274.29,94.88,354.42,36.7,328.91,85.61,233.98,164.05,272.29,78.41,93.26,102.57,153.32,206.48,144.76,356.13,298.13,234.22,115.12,75.7,209.39
2000-08-31,96.18,242.09,207.85,344.86,234.74,294.31,81.84,312.63,158.75,195.65,89.3,60.29,143.71,112.25,285.97,98.33,131.92,99.59,67.49,192.28,66.88,132.42,115.86,127.93,67.09,68.49,86.61,59.25,46.74,271.14,69.68,270.7,93.28,358.63,37.03,327.67,85.01,235.59,162.55,276.47,79.98,92.18,102.06,153.25,204.92,144.67,357.42,297.39,236.25,116.85,74.38,206.77
2000-09-01,96.99,241.74,209.72,341.6,236.78,289.87,82.59,314.94,157.41,196.94,89.23,59.42,145.47,112.36,282.58,99.01,132.61,98.91,66.7,193.39,67.92,134.01,117.8,127.01,67.58,69.09,85.11,59.32,47.19,264.31,69.2,266.39,92.6,359.16,37.08,332.42,86.7,235.69,163.84,279.56,80.3,89.82,102.18,154.48,203.55,147.36,360.31,294.54,233.78,115.8,74.39,207.22
2000-09-02,97.2,240.12,207.04,339.17,240.6,292.42,83.33,311.8,156.86,196.41,90.8,59.48,145.13,112.89,283.55,98.68,131.99,101.02,65.97,192.88,68.0,135.76,117.2,128.15,67.95,68.88,85.15,59.84,46.78,265.49,69.5,268.34,93.27,358.58,36.76,335.72,84.84,231.08,164.64,281.95,79.14,91.42,100.69,156.66,207.05,147.96,355.4,297.31,235.84,117.38,74.03,211.54
2000-09-03,98.77,236.64,207.98,339.59,239.98,291.48,82.83,313.09,157.4,199.53,90.06,59.39,146.89,112.35,287.25,99.61,132.23,100.57,66.36,195.32,68.06,135.32,116.83,126.61,67.55,68.92,84.32,59.83,46.1,260.16,70.33,269.86,92.94,363.39,36.69,337.46,85.64,229.48,166.92,281.38,80.2,90.49,100.32,156.18,210.05,149.63,356.32,299.78,235.6,116.2,74.43,207.75
2000-09-04,100.04,239.4,210.2,346.48,241.38,293.68,82.9,312.52,156.58,194.95,90.45,60.12,147.76,111.4,288.42,100.49,132.45,99.76,67.07,194.28,67.54,135.08,117.84,127.6,67.15,68.46,84.8,59.39,45.71,259.61,69.39,268.75,92.69,370.45,36.51,338.1,84.85,228.71,166.66,284.33,79.41,91.4,100.27,155.78,212.33,150.65,358.95,296.79,238.08,114.63,74.4,207.82
2000-09-05,98.5,241.48,213.65,345.99,239.01,292.1,82.25,314.83,154.28,195.62,90.45,59.79,146.02,111.74,289.3,99.49,134.82,101.7,67.0,190.34,66.39,135.09,116.76,128.24,67.76,68.77,83.93,59.55,45.92,255.38,69.38,274.26,93.21,369.17,37.63,336.16,85.38,227.53,166.68,287.43,80.65,91.78,101.06,154.01,209.89,149.4,362.85,294.11,239.79,113.67,72.41,207.95
2000-09-06,100.11,242.89,213.98,348.91,242.99,292.88,83.13,316.73,153.62,196.94,90.99,59.77,145.78,109.98,291.01,98.08,134.74,103.7,66.74,190.76,65.96,136.44,115.71,130.93,67.42,69.38,83.47,58.9,45.87,254.0,69.42,275.77,92.22,366.77,37.03,337.05,84.2,230.9,165.47,287.5,81.44,92.85,98.77,154.86,210.14,148.99,363.96,295.69,241.98,112.79,72.51,206.62
2000-09-07,99.02,242.42,209.94,353.03,243.98,295.54,82.3,311.53,156.34,197.08,90.27,59.98,144.12,109.24,291.89,97.5,135.07,103.16,66.12,190.09,65.59,136.05,113.89,131.31,67.44,69.98,84.17,59.6,45.2,249.79,70.05,272.14,92.25,361.5,37.42,337.71,84.33,234.24,167.35,290.98,81.4,93.93,99.42,155.52,211.28,149.13,358.72,295.29,241.92,112.43,71.59,205.03
2000-09-08,98.95,240.57,207.81,353.02,241.84,300.42,82.76,309.78,155.18,195.83,89.88,59.76,142.55,109.07,293.66,98.35,135.47,102.17,67.44,186.47,65.16,136.9,113.77,131.01,67.96,70.74,85.85,59.51,45.26,250.36,69.94,271.07,91.91,365.48,37.35,339.67,83.65,236.98,166.54,293.1,82.2,94.66,98.08,157.49,211.94,148.03,362.79,297.79,240.92,113.76,71.86,205.75
2000-09-09,99.14,244.68,207.98,351.07,245.37,299.99,81.52,311.65,153.73,195.48,90.08,60.68,141.09,108.55,293.84,97.29,135.31,102.43,67.35,186.93,64.42,137.28,110.83,128.25,69.09,70.64,85.68,60.31,45.64,248.59,69.8,270.79,91.09,360.45,37.27,342.78,83.2,233.46,164.87,300.17,82.12,94.66,99.65,158.84,215.18,146.07,354.35,292.75,236.62,113.83,72.59,204.27
2000-09-10,98.13,242.96,207.07,348.41,243.5,302.04,81.25,316.71,156.16,196.2,90.35,59.98,140.68,109.14,298.51,96.26,135.41,101.33,67.0,184.82,64.74,137.08,108.65,126.71,69.52,70.72,85.63,59.9,45.06,248.28,69.12,275.92,90.39,358.07,37.18,345.46,82.13,234.86,166.49,299.57,82.82,95.77,99.22,160.41,214.11,146.62,353.27,293.37,233.87,114.43,73.17,203.74
2000-09-11,97.4,242.41,203.25,352.58,241.89,302.41,82.37,316.27,154.63,197.61,89.43,60.47,138.77,107.91,296.29,96.31,134.41,100.78,66.25,183.24,64.52,137.3,110.27,126.18,68.78,69.41,85.48,60.52,44.96,246.17,69.98,275.71,90.28,353.46,37.23,344.48,81.47,234.01,166.22,300.03,82.63,95.07,99.8,158.25,215.36,146.3,354.85,291.36,234.92,115.8,72.91,204.85
2000-09-12,96.71,240.66,201.58,348.57,239.71,305.04,84.01,315.72,157.86,198.92,90.43,60.75,138.21,109.08,300.76,94.64,134.93,101.04,66.9,184.63,63.79,138.38,110.26,126.25,68.98,68.45,85.53,60.78,45.47,246.65,69.76,275.42,89.97,356.24,36.93,350.33,81.92,232.72,166.99,298.87,81.92,94.57,98.85,159.67,214.23,145.1,355.09,289.62,236.13,115.04,72.73,204.98
2000-09-13,96.24,239.74,200.19,351.28,244.68,308.0,83.74,310.78,157.86,197.43,92.12,60.91,136.06,109.73,301.96,93.81,133.98,100.71,67.57,183.08,63.71,138.0,106.81,125.0,69.39,68.09,85.08,60.39,45.52,244.19,70.31,277.54,89.56,352.18,36.99,349.74,82.75,232.75,171.53,299.15,81.47,94.1,100.25,158.48,213.49,144.84,358.49,287.32,232.77,114.32,73.44,210.6
2000-09-14,96.13,241.85,198.16,354.32,243.71,307.33,83.43,307.25,158.32,198.73,91.33,61.82,135.26,109.56,303.86,94.68,133.9,100.79,67.88,181.02,63.44,138.61,105.67,124.53,68.28,68.36,84.25,60.25,45.52,242.26,71.37,276.69,90.32,347.7,37.15,352.23,83.78,233.37,172.87,294.65,80.71,91.67,98.68,159.41,212.7,143.63,354.94,292.25,233.0,114.35,73.76,212.92
2000-09-15,96.46,244.57,197.37,354.44,243.66,303.95,82.93,305.96,158.41,198.23,90.71,60.82,136.78,109.2,303.15,95.14,136.21,101.64,67.77,177.35,64.04,141.79,106.27,124.87,67.61,68.48,84.37,60.78,44.94,240.84,71.59,275.8,89.42,349.92,37.1,353.36,82.66,233.77,173.3,294.59,81.3,91.04,99.76,159.36,212.56,143.77,359.4,292.86,234.34,113.88,74.55,212.71
2000-09-16,96.08,245.14,198.4,353.4,244.9,297.88,83.27,309.94,160.36,200.46,90.84,61.67,136.56,110.03,302.83,95.79,134.94,103.39,66.84,181.26,64.43,143.6,108.02,123.82,68.3,69.41,84.93,60.15,44.83,240.38,71.08,273.21,88.44,350.94,37.04,351.56,81.43,230.32,172.18,296.57,80.83,93.03,101.47,160.35,212.68,142.53,359.34,290.7,232.83,112.23,72.9,213.27
2000-09-17,98.06,241.82,199.67,359.26,245.74,301.0,83.28,307.81,160.06,200.24,92.29,61.68,136.63,111.65,306.56,93.94,135.76,101.25,66.51,176.82,64.42,142.74,108.5,125.75,68.44,69.5,85.04,59.75,44.44,239.4,70.01,271.89,90.05,348.69,37.64,355.45,81.01,231.17,171.48,298.77,80.5,90.95,100.58,159.22,212.05,143.69,360.05,287.93,235.59,110.83,71.83,211.79
2000-09-18,98.76,241.58,197.5,357.45,240.64,302.19,83.59,300.93,159.24,200.48,92.15,61.71,138.97,109.65,307.13,94.58,135.97,99.93,68.58,174.93,64.1,142.79,107.09,126.57,67.93,69.54,85.46,60.03,45.11,239.4,70.42,269.97,90.15,347.99,38.06,354.33,81.0,233.27,174.05,298.69,81.04,90.11,101.57,159.3,212.58,145.23,361.67,287.81,227.68,110.23,70.81,211.44
2000-09-19,97.59,242.0,198.59,352.51,244.76,306.63,83.67,298.42,157.63,202.02,92.78,61.41,138.18,110.24,305.1,95.11,136.83,99.79,68.86,175.39,64.59,141.05,108.06,123.65,67.53,70.38,84.93,59.25,44.83,242.25,69.31,268.9,89.9,347.49,37.86,354.92,81.91,237.12,172.63,300.04,81.76,89.41,101.0,158.27,214.38,146.8,357.46,286.52,225.82,108.96,72.07,209.67
2000-09-20,97.17,245.22,199.79,350.48,248.51,308.39,84.05,297.88,158.27,205.3,93.87,60.55,137.91,110.25,303.75,94.34,134.2,101.48,67.87,172.6,64.77,140.3,107.26,121.1,67.63,70.58,84.87,59.41,44.56,242.69,68.44,267.0,87.72,350.64,38.07,357.69,81.32,238.63,174.41,298.79,81.32,90.34,103.27,160.83,216.83,147.14,354.7,285.17,220.76,107.76,73.31,208.25
2000-09-21,96.64,244.4,202.02,357.05,245.37,310.35,84.53,301.82,160.43,204.26,94.55,60.21,137.9,111.52,299.39,93.62,133.63,100.04,66.29,175.22,64.43,140.31,107.34,121.11,66.94,70.75,83.44,59.41,44.56,242.16,67.99,265.79,86.97,352.89,37.32,353.36,81.87,235.55,175.76,293.15,81.83,90.97,103.16,157.63,217.61,145.88,352.46,289.33,220.93,109.7,73.2,210.67
2000-09-22,96.18,241.2,203.77,357.01,240.83,309.07,84.32,305.56,161.04,204.95,95.3,61.28,139.74,110.95,297.32,92.9,133.51,100.64,66.8,175.65,64.16,138.84,106.33,119.23,67.76,71.16,83.88,59.27,44.08,239.36,68.66,270.97,85.94,350.78,37.47,353.15,80.86,235.59,176.57,290.0,81.69,90.17,105.14,153.08,218.87,146.85,352.34,293.15,220.68,113.93,72.29,208.91
2000-09-23,95.72,241.42,205.65,360.81,243.36,310.2,85.32,305.79,161.06,204.49,96.33,60.66,139.07,109.99,299.14,93.21,133.94,102.1,66.97,177.0,63.84,138.66,105.15,118.66,67.52,70.9,84.72,58.69,44.14,240.84,69.01,270.36,85.78,350.31,36.43,353.31,82.5,234.21,176.88,293.13,82.17,91.45,104.32,151.81,215.51,148.8,351.8,294.22,219.03,114.96,72.97,208.77
2000-09-24,94.06,243.11,208.45,358.45,242.98,311.25,85.87,304.02,161.58,203.35,96.61,60.34,138.43,110.47,298.92,93.82,134.49,100.05,67.49,176.32,64.57,138.91,106.92,117.14,68.79,70.43,84.31,58.06,44.54,241.33,68.74,271.52,85.54,350.91,36.12,356.5,83.62,231.12,175.6,286.96,80.9,92.12,103.18,151.48,214.24,148.61,350.42,298.56,217.21,113.87,72.2,207.89
2000-09-25,92.73,241.72,208.88,357.88,241.26,310.1,87.4,303.86,161.07,200.46,96.97,60.61,142.02,110.05,304.16,94.28,136.36,98.9,68.0,178.95,64.48,138.95,105.32,114.53,69.64,70.5,83.99,57.58,45.05,238.77,69.63,267.22,85.47,357.5,36.27,357.3,83.7,227.35,173.9,289.59,81.58,93.11,103.67,149.68,215.77,149.21,350.07,295.48,214.68,112.3,71.92,205.55
2000-09-26,91.77,239.82,209.82,353.35,239.45,313.61,88.14,304.92,159.62,202.15,96.97,60.83,141.74,108.9,301.16,94.06,136.81,97.05,68.06,178.37,63.34,139.47,104.53,113.88,70.64,69.16,84.08,57.94,45.15,241.16,70.14,267.71,86.74,357.3,36.17,360.66,83.46,225.64,173.41,291.07,79.92,92.69,103.47,150.38,214.17,151.93,345.07,293.73,213.32,112.92,70.85,204.31
2000-09-27,92.36,239.41,208.5,352.33,241.6,315.51,88.45,301.49,160.39,202.92,97.13,60.37,143.76,107.85,301.05,96.61,136.17,96.85,67.96,180.38,63.37,140.59,103.38,114.08,70.18,70.21,83.92,57.98,45.36,242.3,70.3,265.77,86.37,363.51,36.67,356.66,81.88,224.44,175.37,293.72,80.48,91.98,103.3,152.7,215.69,151.9,346.11,292.98,211.89,112.89,70.91,206.4
2000-09-28,92.81,236.89,206.99,355.92,243.26,311.78,88.64,297.94,159.05,201.51,98.1,60.53,143.6,109.73,302.22,95.67,134.58,98.93,67.42,181.0,64.21,139.16,103.31,111.85,69.02,69.75,85.81,58.23,45.39,246.7,69.07,264.67,86.2,364.85,36.95,360.57,82.16,223.34,175.3,291.51,81.17,93.32,103.59,154.73,213.52,154.85,348.86,296.37,210.44,113.32,70.19,204.29
2000-09-29,92.88,235.32,207.99,355.21,243.9,312.38,88.79,294.4,158.74,202.4,98.46,61.07,144.91,110.65,309.75,96.18,133.85,98.19,67.58,181.12,64.22,137.99,103.0,110.33,69.1,69.84,86.1,57.5,45.34,245.37,69.48,266.83,84.32,359.78,36.7,360.77,82.16,221.09,174.83,296.23,81.29,94.58,103.8,155.57,212.97,154.32,350.17,296.51,210.36,112.55,70.76,203.68
2000-09-30,93.41,235.51,205.03,350.49,246.06,317.46,88.93,292.37,162.28,205.29,98.6,61.95,146.67,111.67,307.89,97.03,132.83,98.79,66.99,179.44,63.8,136.58,102.64,111.34,69.05,69.53,85.37,56.82,45.39,247.43,69.46,267.35,85.15,361.27,36.63,361.04,81.73,220.57,175.89,300.15,80.37,96.06,103.05,155.42,212.0,156.27,346.0,297.48,211.6,114.87,70.31,204.28
2000-10-01,94.62,236.43,205.87,349.45,248.79,312.5,89.25,291.91,161.45,207.54,98.31,60.64,147.65,110.36,306.48,96.85,134.85,100.16,66.61,183.22,63.87,134.63,103.83,109.37,68.56,68.86,85.43,55.08,45.49,244.61,69.85,268.25,85.26,357.29,36.75,350.98,82.91,220.33,175.0,304.9,81.19,95.9,104.59,153.65,208.95,155.22,343.6,296.23,211.79,113.39,69.95,204.84
2000-10-02,93.46,240.86,208.29,347.22,249.94,313.94,90.61,292.52,162.12,207.22,97.42,60.89,149.75,110.51,304.73,96.35,136.12,101.53,67.13,182.09,63.97,133.23,103.66,110.58,70.31,68.71,84.94,55.3,45.08,242.94,69.8,264.99,85.66,357.72,36.65,350.45,83.3,216.63,171.94,305.19,79.3,95.26,103.72,152.9,211.15,154.86,336.95,301.98,211.49,111.83,70.25,204.95
2000-10-03,92.06,240.64,205.9,347.33,247.94,312.98,90.94,295.25,163.51,205.42,99.24,60.49,149.65,109.2,302.66,97.21,135.97,99.54,67.23,182.64,64.17,133.67,103.96,109.76,69.45,67.67,85.1,56.33,45.76,245.93,68.92,264.63,85.5,356.28,37.17,350.25,83.68,217.04,174.39,308.0,80.23,94.03,102.33,156.1,208.53,155.6,331.85,306.82,211.58,110.23,70.94,203.36
2000-10-04,91.66,240.56,202.53,346.42,251.25,310.62,91.05,301.41,163.59,206.03,99.09,60.62,151.22,109.64,303.29,97.39,136.3,101.14,67.41,180.25,64.62,133.29,103.96,110.94,69.87,68.12,84.99,56.87,45.39,240.47,68.84,269.05,86.36,364.9,37.11,352.49,83.74,220.33,174.2,305.57,80.73,94.14,101.88,154.21,208.15,155.77,330.24,304.28,209.27,110.68,71.08,204.81
2000-10-05,92.21,239.56,202.31,338.04,253.08,318.08,90.05,305.79,162.13,204.55,99.34,60.85,151.91,109.15,298.42,98.41,134.85,100.76,66.64,185.0,64.68,132.79,104.24,111.06,70.3,67.65,84.92,56.49,45.47,242.41,69.51,268.0,86.99,364.5,37.5,351.62,83.73,218.86,175.3,306.58,80.49,94.32,100.65,154.26,206.83,157.12,326.18,308.9,200.59,109.82,71.28,204.8
2000-10-06,92.05,240.0,203.63,342.41,251.41,319.02,89.36,303.66,160.19,206.24,97.4,61.44,154.35,110.5,298.34,97.04,134.73,100.58,66.71,184.34,64.26,131.46,104.32,111.21,69.86,67.11,85.1,56.78,44.27,242.23,70.1,264.58,87.4,359.87,38.08,353.95,83.86,218.65,174.54,305.73,80.0,93.93,100.93,153.13,206.35,158.31,326.15,308.48,198.0,112.28,69.06,205.84
2000-10-07,92.15,242.5,204.59,339.43,250.23,319.25,90.43,303.04,155.77,203.43,97.5,60.22,153.65,107.23,295.14,95.84,134.86,101.16,67.64,184.85,63.78,130.03,104.99,109.73,70.25,66.69,84.88,56.04,44.38,243.2,70.18,262.59,87.57,359.17,38.09,358.9,83.75,221.43,169.66,310.1,79.64,93.91,101.07,153.12,204.25,159.57,324.85,310.49,199.6,112.45,70.33,205.9
2000-10-08,93.19,242.01,204.66,338.85,251.78,321.63,91.55,299.13,155.67,202.18,98.62,60.68,154.45,106.77,294.53,96.36,134.3,102.26,68.82,185.68,63.35,128.28,104.61,111.32,69.03,66.89,85.41,56.01,44.54,240.45,69.93,262.23,89.24,353.08,38.7,359.01,84.3,222.05,169.81,313.83,79.76,92.8,100.89,152.96,202.07,157.81,322.05,308.87,198.09,112.55,70.12,206.37
2000-10-09,93.04,240.75,206.83,338.8,251.59,321.19,90.97,299.69,152.54,205.14,98.28,59.99,153.78,106.61,292.47,96.0,136.38,102.33,68.36,189.24,62.71,127.8,106.36,109.72,69.79,67.04,85.97,54.87,44.76,241.4,70.47,260.14,89.2,354.24,38.69,361.74,83.73,223.98,169.38,314.29,80.54,93.39,101.44,153.76,204.92,157.92,323.08,315.63,196.04,111.69,71.01,207.07
2000-10-10,91.81,240.52,205.18,339.27,251.72,325.0,91.52,301.02,153.14,201.46,98.27,60.02,153.45,106.58,293.88,97.21,138.63,102.27,67.91,187.53,62.96,128.28,104.66,107.39,69.75,66.84,86.56,55.45,44.23,242.25,71.81,261.66,89.83,350.37,38.86,361.84,84.57,220.32,168.85,313.97,81.29,93.45,100.79,152.88,204.54,160.91,321.26,318.67,195.53,111.41,71.28,207.17
2000-10-11,92.93,241.65,206.8,346.59,254.3,319.9,91.91,298.44,152.61,206.17,98.52,60.43,151.91,106.0,294.49,97.81,140.88,103.15,66.85,188.72,63.3,127.92,104.23,107.42,70.33,66.4,87.53,55.23,44.1,239.29,71.95,263.39,90.57,348.98,39.92,359.08,84.79,220.27,169.65,318.05,81.29,94.98,100.64,153.97,205.84,160.83,322.33,320.06,197.68,110.95,71.7,204.41
2000-10-12,92.26,242.98,206.1,347.43,255.97,318.98,92.42,297.35,155.69,205.89,99.69,59.87,151.51,105.84,292.75,99.3,142.22,102.21,67.41,187.64,63.5,129.19,103.8,105.41,70.0,65.89,85.95,54.7,44.74,242.39,71.59,268.42,90.07,350.03,40.09,359.87,85.51,218.12,166.95,320.92,80.95,94.58,100.16,153.44,205.23,163.07,321.01,317.63,202.18,108.92,72.24,203.23
2000-10-13,92.17,242.04,202.64,351.76,258.97,319.06,91.7,294.88,153.85,203.79,101.04,58.76,152.54,107.01,286.38,99.54,140.62,103.07,68.23,188.25,63.91,130.58,102.88,105.68,70.27,65.89,86.88,54.37,45.19,242.57,71.56,272.24,90.1,348.06,40.53,362.77,85.24,219.49,165.54,320.93,81.69,93.33,100.22,152.44,204.38,163.76,314.04,314.07,200.72,109.12,71.96,202.68
2000-10-14,92.76,240.43,200.27,344.43,256.1,316.45,90.69,301.32,153.22,206.9,98.49,58.95,150.6,106.96,285.61,100.37,138.35,105.12,67.81,185.9,64.4,129.36,101.8,106.67,70.62,66.34,85.05,54.94,45.04,238.65,71.97,276.09,91.34,350.36,40.08,369.55,85.14,218.18,167.92,324.96,80.59,91.69,100.4,152.85,205.47,163.9,314.17,318.77,202.07,109.65,72.51,201.55
2000-10-15,92.57,242.59,203.66,342.92,252.43,316.0,90.9,303.39,151.05,205.19,99.86,59.71,152.88,107.04,284.16,101.53,140.01,106.75,67.86,188.37,64.21,129.8,101.26,108.48,70.87,66.33,85.18,55.43,45.21,236.61,72.73,277.22,91.15,346.57,40.01,363.6,86.52,219.63,168.67,323.72,79.6,91.1,100.34,150.42,205.71,165.73,316.03,319.36,202.35,110.4,71.82,203.1
2000-10-16,91.95,242.86,206.54,342.55,250.5,311.94,92.04,304.93,152.58,202.44,100.53,60.81,153.82,107.21,284.43,102.88,139.5,107.9,68.23,186.11,64.71,129.72,100.97,109.61,69.53,65.94,84.02,55.83,45.73,236.22,73.99,283.83,90.97,344.9,39.6,360.37,87.64,219.82,169.04,321.75,79.73,92.03,101.71,149.5,205.59,166.11,316.63,316.98,202.35,111.97,71.61,203.83
2000-10-17,89.47,246.01,206.49,340.37,252.58,314.35,90.38,305.05,155.18,205.4,100.81,61.08,152.51,107.21,285.71,102.52,141.43,108.62,68.07,184.32,64.44,127.29,101.32,109.89,69.99,67.17,85.22,56.19,45.37,233.07,75.11,285.16,91.05,342.36,39.09,359.17,88.15,223.42,166.96,317.82,80.03,92.61,100.89,150.37,207.54,163.43,313.99,318.52,201.93,111.96,71.61,207.96
2000-10-18,89.73,248.71,206.53,338.61,253.93,317.59,91.1,303.32,155.59,210.4,99.07,61.41,152.42,108.51,286.15,102.5,140.93,106.6,69.05,185.68,65.19,126.61,103.21,108.21,69.63,67.54,85.46,56.55,45.14,233.97,75.65,288.07,92.27,343.62,39.19,354.06,87.9,224.38,165.74,321.9,79.4,92.08,101.41,150.07,203.15,160.29,314.58,313.64,198.25,111.41,70.8,202.51
2000-10-19,89.0,251.15,204.87,339.46,252.88,317.2,91.04,303.64,157.73,209.31,97.49,61.11,153.03,108.63,287.06,101.98,141.58,107.41,69.21,185.17,65.31,126.01,105.7,109.26,69.7,68.86,87.0,57.46,46.07,230.69,76.14,290.71,92.13,348.17,39.16,354.32,87.06,222.12,164.84,320.67,80.04,91.67,101.1,147.92,203.1,157.49,314.82,317.47,197.32,111.74,70.09,204.42
2000-10-20,87.99,249.74,206.66,337.07,252.0,314.04,91.38,301.04,157.39,209.06,96.63,61.28,151.43,109.36,281.86,102.93,141.27,107.45,68.39,186.58,65.72,125.78,106.91,107.96,69.35,68.98,87.84,58.3,46.37,231.27,75.24,294.99,93.52,348.83,39.25,353.13,85.84,219.61,162.15,324.33,80.18,90.48,100.9,147.16,202.43,158.83,317.34,317.44,198.26,112.43,70.11,207.44
2000-10-21,87.77,249.76,207.2,338.9,254.95,315.77,91.9,298.81,156.64,211.43,96.8,62.29,150.12,108.04,282.14,103.43,141.35,108.06,67.36,186.8,66.29,126.24,105.33,107.32,69.93,68.7,86.96,58.59,46.79,227.35,75.69,295.79,94.51,355.91,39.07,349.63,86.64,220.14,164.43,325.67,80.87,89.78,101.77,146.07,204.77,162.06,311.31,316.9,199.95,112.99,69.96,210.82
2000-10-22,88.31,248.05,206.24,336.47,253.75,308.47,91.13,300.67,156.97,212.93,96.78,61.56,150.46,108.44,285.56,104.46,142.0,108.83,67.61,187.95,65.62,129.37,105.83,108.44,70.0,69.85,87.02,58.28,47.19,228.89,75.08,296.61,96.16,356.12,38.96,358.09,87.09,221.11,163.19,325.71,81.53,90.66,101.04,145.86,206.61,162.39,314.78,314.84,199.24,113.77,68.56,212.42
2000-10-23,88.38,250.2,206.47,335.2,253.53,307.33,90.3,298.86,155.37,209.72,97.97,61.33,150.03,106.45,282.61,104.34,142.88,108.87,67.34,187.32,64.6,129.14,106.82,108.99,70.39,71.09,86.04,58.21,47.88,229.62,76.25,299.09,96.88,353.56,38.47,365.03,88.34,217.91,158.9,327.15,81.08,90.41,101.12,143.69,206.48,162.23,317.99,313.06,199.78,113.87,68.23,209.94
2000-10-24,88.27,251.89,207.98,339.18,255.35,301.89,91.93,300.25,154.51,208.72,98.16,60.52,148.56,106.05,282.67,105.41,141.9,107.96,67.76,188.66,63.9,129.39,104.6,110.77,71.18,70.52,86.07,57.31,47.84,230.86,76.38,298.04,95.87,350.16,38.31,362.35,86.32,218.08,156.91,322.95,81.96,90.84,103.0,145.99,208.54,162.39,323.87,314.23,199.23,113.54,68.9,210.26
2000-10-25,87.75,249.7,208.52,338.37,258.66,305.55,92.04,301.79,152.16,209.29,97.38,61.4,146.26,107.31,281.93,107.7,140.72,108.34,69.13,186.08,63.84,129.46,104.42,111.02,71.02,70.33,87.4,57.46,47.23,229.31,76.55,297.62,96.57,346.06,37.96,362.85,86.86,218.0,158.74,323.25,81.84,90.35,102.34,145.32,208.36,162.37,330.29,318.43,197.39,112.75,69.89,209.43
2000-10-26,87.55,250.66,208.41,335.71,258.61,310.41,91.84,301.41,154.41,210.9,97.35,60.3,148.14,105.19,282.32,107.74,140.0,109.35,68.54,188.71,63.48,129.41,102.57,111.56,71.93,71.63,88.36,57.74,46.66,226.33,76.44,301.53,96.42,343.47,37.91,363.21,86.78,219.8,159.45,320.39,81.31,90.34,103.31,146.05,207.26,163.17,330.89,315.37,193.7,114.85,70.5,208.07
2000-10-27,87.41,251.59,205.65,339.06,262.14,314.98,91.27,298.67,152.22,209.49,98.19,60.31,148.61,104.16,288.5,109.19,142.85,109.12,69.38,190.53,63.24,130.68,101.65,110.42,72.04,72.57,88.85,58.63,46.98,224.35,76.39,296.75,96.92,341.4,37.73,363.49,86.3,221.88,160.0,317.85,79.68,91.59,102.27,146.48,205.09,163.5,325.15,315.16,195.39,115.62,70.69,209.43
2000-10-28,88.39,245.79,206.98,344.34,257.46,311.79,92.06,297.59,149.36,208.08,97.06,61.72,149.06,105.52,290.73,111.75,144.27,107.74,68.68,188.64,63.26,132.05,102.25,110.19,72.22,72.33,88.13,57.66,46.39,226.62,76.94,293.93,95.55,335.83,37.72,368.58,85.73,219.48,161.18,315.92,77.45,90.6,103.1,145.97,206.11,165.6,324.93,313.98,192.71,115.12,70.91,210.61
2000-10-29,88.99,245.67,204.58,346.45,256.84,311.65,91.26,295.82,150.38,213.76,98.7,60.94,147.99,108.2,292.17,111.96,144.19,107.52,68.76,189.96,63.18,133.63,101.95,109.14,72.82,71.81,89.15,57.23,46.26,225.08,76.92,295.28,97.8,340.14,37.45,372.34,86.4,220.12,163.11,317.45,79.37,91.23,101.52,142.15,208.48,165.45,323.38,313.63,187.17,114.9,70.01,210.46
2000-10-30,89.55,252.01,208.11,345.9,259.67,313.77,91.86,296.99,149.52,210.88,96.52,60.38,146.63,110.0,292.93,113.04,143.07,107.21,69.34,190.18,63.19,132.69,101.05,109.26,72.49,71.19,87.57,57.92,45.84,224.62,76.09,299.08,98.88,338.28,37.26,366.26,86.61,218.33,163.28,317.68,80.51,91.03,100.59,141.28,208.8,164.32,324.51,314.53,186.74,116.61,71.19,209.27
2000-10-31,90.38,249.79,207.75,341.72,257.9,309.61,92.31,298.2,149.69,213.28,99.15,60.48,147.59,110.73,292.99,112.89,141.87,105.47,70.13,191.36,62.81,132.51,100.84,110.33,72.83,71.64,87.95,57.76,45.88,227.09,76.56,300.33,98.09,346.14,36.88,369.64,86.12,219.22,162.98,319.18,80.55,91.39,100.23,143.88,204.39,166.47,330.62,321.32,187.5,115.59,71.0,208.57
2000-11-01,91.33,248.03,204.96,341.0,254.79,308.2,91.16,294.31,147.41,212.79,99.21,60.61,147.62,110.27,290.83,113.2,140.42,104.83,69.95,192.76,63.62,133.97,100.39,109.23,73.27,71.09,87.26,57.98,45.13,225.0,76.18,299.66,98.75,341.61,37.07,372.01,85.82,221.31,162.58,318.08,80.39,91.05,101.05,144.6,205.2,165.33,326.46,321.68,185.02,116.33,70.41,204.38
2000-11-02,90.95,249.96,203.0,340.77,253.94,306.29,90.56,293.79,145.85,215.17,98.18,59.74,147.34,109.3,292.72,113.75,141.63,104.41,69.45,190.69,63.21,136.75,98.3,108.38,72.97,70.48,86.01,58.17,45.16,222.77,75.81,298.51,98.32,338.75,37.55,373.11,86.6,219.06,162.71,319.88,80.33,91.62,102.01,144.5,205.28,163.52,328.63,319.56,184.61,116.28,71.07,203.51
2000-11-03,90.92,250.25,201.79,336.99,256.2,305.98,89.52,291.62,144.13,212.3,98.65,60.62,148.33,107.39,296.94,114.67,139.75,107.39,69.1,191.95,63.37,140.03,97.53,108.46,72.06,70.63,86.33,59.44,45.6,221.22,77.21,297.16,97.67,346.18,37.01,373.25,86.87,217.4,164.99,322.74,80.62,91.68,102.4,144.14,203.51,163.35,326.03,315.09,182.7,115.01,71.42,202.45
2000-11-04,91.34,252.51,203.96,337.94,260.5,304.56,89.57,294.57,146.96,210.21,98.51,61.17,147.85,107.79,300.28,114.58,140.88,106.64,69.41,191.37,63.67,139.84,95.9,107.81,72.07,71.08,86.69,60.15,46.63,222.83,76.78,296.4,98.3,343.38,37.3,382.21,86.57,215.3,163.99,325.95,80.46,88.76,102.61,144.76,203.77,163.15,331.26,317.85,180.93,113.89,71.19,201.25
2000-11-05,89.98,254.58,205.43,341.14,259.32,303.66,91.04,297.94,147.49,210.85,98.9,60.78,145.4,109.2,297.22,114.28,142.11,105.62,69.95,190.75,64.57,141.1,96.57,105.84,72.09,71.36,86.75,61.12,46.62,220.87,77.08,296.44,97.0,345.29,37.03,382.6,86.88,215.9,163.44,324.71,80.27,88.61,103.14,144.15,200.69,162.55,334.68,319.34,181.72,114.77,71.29,200.13
2000-11-06,91.01,252.41,208.79,345.57,256.37,301.57,91.43,296.48,147.14,212.01,98.21,62.03,145.64,106.93,302.3,113.6,141.28,107.42,69.55,191.01,65.18,141.01,94.85,106.7,72.9,70.39,86.2,61.58,46.77,220.64,77.37,293.88,96.43,349.76,37.15,375.82,87.29,215.54,164.08,320.93,80.74,89.57,103.11,144.72,201.16,162.28,333.86,318.25,180.38,117.11,70.54,203.66
2000-11-07,91.42,255.94,204.95,336.6,254.84,295.02,92.01,296.26,147.99,214.61,98.7,61.88,146.73,106.08,304.45,114.52,141.22,106.99,69.22,191.63,65.26,141.85,95.4,108.45,73.34,69.86,86.21,61.45,46.92,216.85,76.77,291.45,95.48,349.79,37.2,376.78,87.4,216.82,162.1,321.41,81.85,90.45,104.02,144.96,202.4,160.93,332.06,323.48,179.85,117.08,70.12,202.82
2000-11-08,91.44,256.79,207.59,330.3,248.41,293.65,90.85,293.27,147.57,215.98,99.11,61.56,146.1,105.13,303.84,114.04,141.41,106.24,68.77,190.12,66.77,140.92,95.65,108.61,72.76,68.59,85.15,61.41,46.31,216.24,77.12,290.14,94.98,354.36,37.66,378.56,87.02,214.92,162.61,320.08,81.5,89.49,105.75,146.86,202.18,161.22,329.12,318.2,179.01,118.04,70.62,203.21
2000-11-09,90.12,259.34,207.35,334.08,247.19,291.39,88.56,293.15,147.89,212.89,99.06,61.88,144.99,104.15,302.8,115.42,142.4,104.27,68.79,191.39,66.83,138.58,95.12,109.1,72.71,67.75,84.34,61.26,47.25,218.13,76.35,290.26,94.25,354.65,37.5,379.06,85.72,217.71,161.39,327.73,82.02,87.27,106.54,144.58,204.25,161.6,331.28,318.38,178.43,118.95,72.07,200.95
2000-11-10,89.34,266.73,205.92,330.55,250.58,291.13,87.97,297.14,145.84,211.79,100.64,61.57,144.18,104.07,302.58,116.76,141.54,104.24,69.4,187.5,67.22,141.64,94.78,107.81,72.97,67.08,85.04,62.86,47.27,216.49,75.96,292.72,94.07,363.82,37.7,381.63,85.29,220.89,163.42,333.87,81.83,87.35,106.98,142.59,205.68,162.81,326.24,317.77,179.68,118.05,72.67,197.76
2000-11-11,89.99,268.21,203.95,329.32,253.61,291.01,86.91,297.26,143.71,212.71,101.25,62.64,144.26,104.18,301.15,116.43,143.28,105.09,69.03,185.54,69.43,141.1,94.19,106.82,73.4,68.15,85.3,62.91,48.22,216.68,76.22,291.01,93.73,365.46,38.03,387.26,86.06,223.14,163.04,333.93,83.14,86.64,108.18,142.18,206.88,162.09,321.95,323.91,178.85,120.44,71.38,198.11
2000-11-12,88.47,269.05,205.66,327.15,252.12,294.98,86.02,300.21,141.95,209.49,102.78,63.58,142.76,106.12,304.76,116.58,141.74,105.87,68.69,185.62,70.42,139.75,94.33,107.01,73.37,68.67,85.62,62.81,48.33,218.1,76.95,291.51,94.55,370.11,37.83,392.01,84.44,224.11,163.31,336.46,83.56,86.95,106.92,143.83,203.3,163.75,320.6,316.55,180.42,119.86,72.26,196.26
2000-11-13,88.9,278.39,205.31,320.7,253.58,296.37,85.48,303.24,140.29,210.96,102.68,63.61,145.5,106.93,302.14,116.4,143.84,104.58,69.28,187.37,70.13,139.81,95.15,106.15,74.54,68.5,85.68,63.9,47.44,217.51,76.74,287.65,94.32,368.71,37.88,391.07,83.19,224.48,164.25,341.25,83.03,86.3,107.07,143.45,204.04,161.41,326.93,319.6,179.62,118.71,72.46,198.57
2000-11-14,88.1,278.48,206.69,318.95,248.85,294.75,85.59,302.15,138.37,209.98,100.72,62.46,145.87,107.98,305.07,114.5,145.35,105.01,69.15,185.55,70.83,141.52,93.68,105.7,74.12,67.85,85.99,63.35,46.9,215.39,78.18,286.58,92.72,367.97,37.6,384.97,82.67,224.52,162.71,341.79,84.77,85.87,106.48,143.3,204.31,162.96,330.47,318.14,181.62,117.3,72.04,197.11
2000-11-15,87.08,278.41,206.85,317.51,244.72,295.84,85.4,297.82,139.59,208.87,101.52,62.29,146.38,105.75,306.19,114.4,146.13,106.45,67.94,186.53,70.46,141.78,93.66,105.81,72.8,67.95,86.18,63.19,46.71,213.9,78.33,287.82,91.04,363.86,37.34,381.69,84.28,224.77,162.51,346.76,84.27,86.39,107.26,144.66,203.69,161.98,323.8,322.22,179.41,116.58,73.18,197.18
2000-11-16,87.57,271.51,208.46,319.64,242.81,298.56,84.66,299.87,139.33,208.1,102.04,62.1,148.7,104.87,304.58,114.17,146.18,105.25,67.36,185.4,71.05,141.67,94.28,104.8,72.67,67.24,87.08,62.74,46.57,216.35,78.22,292.25,91.75,360.68,38.17,381.86,83.21,222.18,162.93,344.72,84.4,86.81,107.86,145.34,201.82,161.93,329.43,318.76,180.67,117.27,72.85,200.12
2000-11-17,88.29,270.94,210.09,320.64,244.67,297.61,84.81,296.22,139.66,209.74,102.32,62.37,146.65,105.41,300.03,115.03,145.4,105.11,67.26,181.77,70.72,141.21,94.33,104.56,72.8,66.8,85.97,61.82,45.87,212.56,77.74,287.15,92.98,352.01,38.2,383.81,81.78,221.84,163.17,342.46,83.7,86.28,107.64,145.81,200.61,165.4,332.09,319.77,180.49,117.86,72.48,196.54
2000-11-18,90.14,271.35,213.17,314.62,248.25,298.97,85.15,297.48,136.52,204.41,102.73,63.63,145.17,105.96,296.65,113.32,145.52,105.29,67.78,181.86,70.48,139.29,93.06,105.08,73.13,66.65,87.05,62.3,45.47,213.31,77.87,287.55,92.84,354.03,37.82,386.71,82.48,221.58,161.95,342.93,81.95,85.77,106.59,144.2,198.05,169.14,339.22,314.33,183.06,116.37,72.73,196.61
2000-11-19,89.99,268.37,214.4,316.3,247.42,300.26,85.46,294.92,138.11,205.8,103.18,63.56,146.65,107.22,297.28,112.95,143.5,107.16,67.6,185.93,69.86,138.58,92.39,105.24,72.41,67.11,86.59,62.77,44.91,213.2,77.15,283.78,94.18,356.23,37.8,386.14,83.67,222.46,157.02,342.81,81.26,86.13,105.62,141.06,197.75,167.64,337.02,313.6,184.08,114.21,73.51,195.59
2000-11-20,90.12,267.74,213.88,321.53,247.43,302.39,86.68,291.36,139.33,205.13,103.37,64.15,144.49,108.3,296.62,113.98,139.9,107.28,68.29,184.1,69.85,136.79,93.76,106.16,72.06,67.42,86.55,62.82,45.56,210.93,77.05,288.87,93.62,364.5,38.15,388.81,81.18,219.96,159.54,347.51,80.97,86.56,106.13,140.6,197.71,167.42,334.84,311.95,184.82,114.05,73.16,194.62
2000-11-21,90.5,267.88,215.23,322.91,246.31,303.58,85.95,294.66,139.38,205.14,104.34,64.1,143.55,108.67,295.72,113.91,136.61,108.5,68.86,182.97,69.54,136.46,93.28,104.97,71.8,68.71,87.47,63.53,44.96,213.08,77.48,293.85,94.48,367.35,37.5,381.77,80.56,221.14,159.64,347.29,82.25,88.77,107.65,139.75,198.57,167.98,332.15,310.65,184.84,114.02,73.75,194.33
2000-11-22,89.84,267.24,209.69,319.98,250.07,307.56,85.83,294.13,139.43,205.51,103.64,65.29,143.36,108.24,296.03,112.89,138.05,109.92,68.28,183.02,69.61,137.89,93.7,104.94,72.05,67.94,87.92,63.43,45.24,210.98,77.49,297.47,94.27,367.28,37.53,381.68,80.39,221.03,158.4,347.78,82.28,87.71,105.68,138.73,200.56,168.02,333.28,312.17,183.92,112.15,75.3,194.01
2000-11-23,91.17,269.7,207.45,323.82,249.71,309.11,85.14,296.44,139.76,202.94,103.51,65.77,144.55,108.08,295.7,112.27,138.28,108.42,69.0,181.78,69.65,139.9,93.69,106.67,71.54,68.37,88.07,62.67,45.64,214.45,76.37,302.62,93.81,373.09,37.84,385.52,81.14,218.52,158.14,342.6,84.18,88.48,105.82,137.43,201.56,169.04,331.28,313.97,183.14,112.97,75.46,194.66
2000-11-24,89.44,268.86,204.36,326.28,251.2,306.1,86.33,302.92,140.59,201.55,106.27,66.79,144.71,107.5,298.73,111.37,138.66,108.17,69.23,182.59,69.86,141.11,93.67,107.56,70.93,68.55,87.09,63.84,45.57,215.77,75.95,304.59,93.41,381.82,38.19,384.9,79.34,217.15,153.85,345.12,85.48,88.65,103.25,136.2,202.7,169.61,325.85,314.15,182.71,112.44,74.89,198.41
2000-11-25,90.22,264.5,207.48,325.76,253.37,304.75,87.5,304.15,141.97,203.52,104.76,67.02,145.85,107.18,304.61,112.23,137.85,107.47,69.07,188.68,69.65,138.9,94.37,108.34,70.2,67.87,86.25,64.71,44.92,212.53,77.09,303.6,95.14,377.74,38.57,379.38,79.38,218.83,152.59,344.07,84.75,88.93,104.41,136.1,199.77,172.58,327.91,308.21,185.09,113.37,74.61,199.86
2000-11-26,89.9,267.76,211.1,325.29,252.47,310.25,88.38,305.95,143.43,201.67,103.42,66.41,147.88,107.32,304.86,112.93,137.02,108.06,68.94,187.53,68.13,138.38,93.41,108.23,70.68,67.55,84.7,64.04,44.25,213.82,77.3,302.23,95.77,380.29,38.97,382.28,80.25,220.22,152.75,336.86,84.88,88.31,104.26,137.04,200.29,173.53,334.07,306.28,188.11,112.64,75.1,198.21
2000-11-27,90.93,264.87,207.78,320.96,254.26,314.5,87.17,307.6,146.77,200.5,103.23,67.03,148.87,107.67,296.55,112.95,138.89,108.39,68.48,186.98,68.3,138.91,91.75,106.9,68.68,67.27,84.0,63.89,44.21,213.29,77.74,306.52,95.74,383.24,39.09,379.61,81.42,217.92,155.93,338.95,85.56,88.68,103.77,137.48,202.65,173.83,335.72,308.26,190.99,114.64,74.63,200.4
2000-11-28,90.54,265.41,207.31,322.61,258.95,313.75,87.59,309.03,148.07,197.35,104.38,66.93,148.65,107.43,297.59,113.06,139.09,108.57,68.33,184.62,67.59,137.02,91.68,107.7,68.09,68.24,84.62,63.53,45.13,211.83,77.13,309.19,94.64,382.77,38.8,379.21,80.24,218.65,154.24,335.97,85.69,88.73,104.98,134.52,203.45,174.06,334.98,306.97,193.49,113.88,73.5,201.48
2000-11-29,90.86,265.63,206.81,319.14,258.11,319.15,87.34,307.82,149.88,196.66,103.77,66.18,149.14,110.02,298.41,111.53,139.72,109.88,67.63,182.71,67.93,138.0,92.12,107.45,68.86,67.75,85.84,64.01,44.79,215.48,76.42,304.76,94.05,384.89,39.41,380.32,81.01,222.04,156.33,335.89,86.74,87.79,107.56,135.04,202.79,173.99,337.15,308.79,191.94,113.69,75.39,201.85
2000-11-30,90.44,262.28,209.72,319.81,260.1,317.89,88.72,307.24,150.77,193.56,104.11,65.39,146.25,110.67,300.35,110.49,140.9,110.35,67.42,180.52,67.65,135.94,93.11,106.44,68.9,69.14,85.68,63.38,45.0,217.89,75.46,305.04,93.61,380.21,39.71,376.48,80.14,225.52,155.69,331.0,87.22,88.34,109.03,133.98,203.97,176.48,335.81,306.04,192.59,114.44,75.84,203.24
2000-12-01,89.96,261.01,206.17,320.69,260.68,320.43,89.6,312.42,150.97,192.28,103.44,65.55,146.9,113.06,303.44,112.16,141.41,109.82,68.17,179.26,67.76,138.03,94.56,106.11,70.47,68.92,85.43,63.62,45.67,218.7,74.81,303.09,93.81,380.96,39.85,376.83,79.23,226.58,155.43,329.94,86.14,89.07,106.47,135.21,207.53,177.0,335.34,304.83,193.74,112.75,76.86,203.2
2000-12-02,89.46,265.44,204.01,324.49,261.46,326.86,91.11,313.31,150.87,191.8,104.79,65.27,146.8,113.63,300.66,111.69,140.09,111.58,69.14,181.52,69.09,139.2,94.37,104.94,70.31,69.89,83.47,64.87,45.27,215.91,74.44,305.69,92.88,378.09,39.66,375.75,79.66,226.94,155.76,329.84,86.18,89.52,106.47,134.27,208.01,176.8,334.08,299.8,194.55,113.21,76.89,201.96
2000-12-03,90.52,262.73,202.16,320.84,264.37,323.37,90.18,311.37,148.97,188.72,106.26,64.65,148.36,112.8,301.25,112.6,140.32,109.94,69.25,182.03,69.65,138.6,94.8,104.99,69.35,69.18,83.22,64.79,46.05,210.74,75.21,303.02,92.35,380.19,39.15,382.04,80.02,231.86,156.1,330.97,86.01,88.39,107.12,133.07,210.8,174.21,332.27,296.66,194.58,113.47,75.64,203.09
2000-12-04,89.78,260.43,200.54,323.77,263.09,322.53,89.82,317.82,149.7,191.68,105.81,65.24,146.62,113.01,303.77,112.61,137.46,110.89,70.71,178.6,70.23,141.75,96.4,105.6,68.73,68.65,83.24,65.42,46.23,210.17,76.3,303.07,91.28,382.32,38.52,386.17,79.74,230.02,153.57,327.43,84.39,88.15,107.87,134.16,210.18,172.51,339.75,297.41,193.52,114.36,75.93,202.9
2000-12-05,90.12,262.69,197.23,323.13,267.14,320.27,89.67,320.15,150.05,190.77,103.54,66.26,148.28,114.31,311.11,112.9,138.43,112.28,72.01,180.15,68.39,142.22,95.51,105.62,68.84,69.1,83.23,65.49,46.82,210.92,74.96,301.73,91.08,382.55,38.41,387.23,79.76,229.58,155.51,324.26,85.38,89.21,106.81,132.22,212.16,173.25,335.24,296.7,194.4,113.78,76.08,202.67
2000-12-06,90.87,264.42,197.8,320.71,268.43,324.25,90.3,313.56,151.01,190.01,104.46,66.19,147.78,112.61,308.68,113.08,138.19,111.73,72.66,177.2,67.99,142.83,94.88,106.12,69.29,68.36,82.64,64.39,46.5,210.92,75.41,300.8,91.82,376.01,39.19,389.55,79.17,234.14,154.96,319.47,85.73,88.87,105.63,132.35,211.65,175.32,338.3,296.28,194.38,114.28,76.02,203.64
2000-12-07,90.84,260.29,194.52,325.46,268.7,324.52,90.04,313.6,150.21,190.01,105.6,66.19,147.39,113.03,311.25,112.78,136.57,111.61,72.98,176.3,67.15,145.89,95.5,106.41,69.64,68.66,84.14,63.13,45.67,213.15,74.9,301.21,92.57,380.63,37.92,391.85,79.62,238.22,154.44,315.28,86.41,87.05,105.61,134.93,213.2,174.55,335.73,303.56,194.95,114.65,76.41,207.19
2000-12-08,91.09,259.83,195.52,322.85,266.06,322.07,91.27,314.99,149.29,189.39,106.92,65.91,149.68,111.63,314.75,110.6,135.66,112.15,71.93,175.88,66.61,147.36,96.07,107.81,69.84,68.49,84.04,63.0,46.22,216.5,74.07,298.17,93.19,377.58,37.71,396.05,79.33,237.59,154.08,311.31,86.86,86.87,106.21,131.92,214.46,173.49,329.81,303.18,193.75,113.97,76.05,209.48
2000-12-09,90.25,260.15,195.59,325.86,262.11,324.06,91.2,319.91,147.44,190.58,105.93,65.9,148.75,110.54,312.94,110.73,134.81,111.76,71.11,176.96,67.94,148.44,96.52,107.87,70.78,67.7,83.69,63.07,45.96,216.14,73.61,296.67,93.76,380.67,37.75,402.18,79.47,236.49,155.09,310.23,87.19,87.3,107.88,132.43,214.53,173.39,326.22,300.32,198.92,113.86,73.97,210.05
2000-12-10,88.42,259.95,195.69,326.55,257.94,323.92,90.37,325.9,147.68,193.01,105.57,65.43,147.76,110.86,310.23,112.49,134.54,111.1,71.55,175.63,68.22,149.94,96.73,106.54,70.23,68.14,83.52,61.62,45.49,212.42,73.32,298.53,92.51,385.27,36.99,406.39,80.29,240.69,153.26,315.84,87.95,88.71,109.15,134.7,215.22,171.83,328.35,298.97,199.89,115.39,74.19,210.4
2000-12-11,88.91,255.21,194.16,328.24,258.52,323.59,89.56,322.57,149.86,195.53,105.76,64.87,146.79,113.28,310.08,113.55,133.89,111.83,71.37,173.81,67.29,149.34,95.8,105.71,69.52,68.42,84.11,60.88,46.01,213.85,72.23,298.1,91.8,389.96,36.64,397.79,80.48,241.29,153.45,311.41,87.53,87.86,108.1,132.71,216.26,172.81,332.21,295.69,201.59,115.04,74.27,211.23
2000-12-12,87.52,255.41,195.74,335.18,261.03,321.83,89.72,324.22,147.64,194.76,107.41,65.26,146.62,113.64,312.7,113.6,135.23,111.96,71.66,174.43,66.13,150.13,94.81,107.14,69.91,68.7,83.67,60.96,45.4,212.66,72.47,300.18,90.87,387.92,35.4,395.02,79.95,245.54,151.71,314.02,86.29,88.38,109.07,133.04,213.67,174.53,332.81,293.08,199.87,115.27,72.7,209.22
2000-12-13,86.03,257.03,195.77,333.37,264.26,317.36,90.64,320.47,145.29,192.87,107.93,66.3,147.8,114.56,307.62,111.75,135.13,112.22,71.66,178.8,67.26,149.1,94.72,105.96,69.54,70.06,83.1,60.95,45.42,213.28,72.74,303.77,93.29,388.73,35.86,393.73,80.92,249.94,152.27,315.44,85.97,88.04,108.85,133.77,212.86,171.99,330.87,287.44,198.68,116.6,72.51,207.77
2000-12-14,86.57,253.26,195.57,329.56,265.68,323.54,90.63,321.14,146.05,194.33,106.11,67.46,146.91,114.1,306.22,112.07,134.62,110.13,71.57,177.85,67.33,150.33,94.71,105.76,70.14,69.92,83.42,61.9,45.62,212.29,71.53,297.49,92.59,385.05,36.35,390.06,79.97,249.67,152.72,312.36,86.46,87.38,110.31,133.37,215.83,172.69,327.69,290.47,200.45,115.51,72.1,206.56
2000-12-15,85.85,254.59,194.62,336.67,264.93,324.23,90.6,327.03,148.12,194.47,106.08,67.13,149.53,113.53,304.45,113.5,133.04,109.01,71.62,175.55,66.96,147.84,94.72,106.68,69.54,71.47,83.7,62.15,44.45,212.64,71.31,302.8,91.61,382.82,36.98,391.24,80.9,251.86,153.29,310.79,86.73,87.03,111.47,134.76,214.96,172.04,329.94,284.49,198.21,114.81,72.15,211.56
2000-12-16,85.65,254.01,194.41,339.53,261.81,323.13,90.32,324.92,149.25,194.59,106.08,66.99,151.23,113.93,301.82,114.19,133.53,109.77,72.46,175.41,66.27,148.28,93.33,106.07,69.43,72.24,85.23,62.47,44.5,212.32,70.47,302.29,91.77,381.92,37.42,390.8,80.2,257.55,152.83,310.04,86.14,86.83,111.46,135.35,212.91,172.13,332.46,290.37,198.85,116.25,72.04,208.26
2000-12-17,85.83,260.44,191.84,337.31,261.13,326.15,90.15,319.17,148.51,193.1,106.16,66.79,151.35,114.02,302.98,113.94,132.53,110.82,72.96,177.08,66.58,149.31,93.16,104.07,70.44,72.09,85.67,61.83,44.47,212.13,70.55,302.76,90.83,378.3,36.83,392.45,80.47,258.53,154.11,305.51,86.35,85.95,111.94,133.13,210.05,172.56,331.05,290.72,196.81,116.61,71.97,208.2
2000-12-18,85.67,255.62,191.34,337.22,261.75,325.89,89.05,315.94,149.84,192.73,106.0,67.12,151.6,114.94,296.22,112.39,132.86,109.99,71.38,178.19,66.79,147.5,92.01,102.58,71.05,71.47,86.6,60.28,43.77,214.33,70.1,303.96,90.45,381.41,36.77,396.73,80.28,259.54,151.92,301.62,86.61,86.59,111.14,133.62,206.7,172.18,327.48,292.74,193.94,118.09,72.5,210.81
2000-12-19,85.4,256.32,187.44,338.04,259.29,323.53,89.17,316.32,148.96,194.19,106.68,66.28,151.44,114.4,294.73,113.27,132.82,110.73,71.55,177.94,66.71,145.55,93.96,101.49,70.71,71.46,85.41,59.96,43.57,212.38,70.84,297.81,89.61,376.47,37.47,394.83,80.35,258.53,152.82,303.24,86.68,86.17,111.31,134.78,209.93,171.33,325.2,292.75,192.6,119.6,73.85,211.74
2000-12-20,85.08,252.44,186.29,342.99,261.21,324.62,87.03,315.15,148.81,196.67,105.06,67.02,151.24,114.05,295.69,112.65,132.83,111.38,71.61,175.79,65.17,148.47,92.56,101.9,70.92,71.97,85.5,59.97,43.28,215.45,69.51,298.62,89.98,376.03,37.9,395.19,80.08,260.25,152.03,296.22,86.84,87.15,111.61,136.02,207.02,167.08,323.39,289.68,190.94,118.6,74.24,210.62
2000-12-21,86.29,251.87,183.73,344.59,260.06,325.71,86.24,313.56,151.33,196.59,104.5,67.16,152.4,114.47,295.58,113.37,130.17,110.76,70.98,173.76,65.98,149.97,91.29,102.59,69.93,72.22,85.36,60.68,42.56,216.49,68.6,297.53,88.75,370.87,38.3,396.06,79.96,261.26,150.89,291.92,86.53,87.58,111.08,136.16,204.39,167.12,322.19,289.68,191.16,118.62,73.91,214.4
2000-12-22,87.62,253.56,182.1,345.34,260.99,329.0,86.85,309.73,149.17,198.23,105.35,66.9,154.65,115.45,290.4,113.76,130.51,109.99,70.72,173.19,66.57,151.5,90.57,104.09,70.11,72.63,85.68,60.14,42.65,219.5,67.49,294.47,88.18,371.26,38.5,387.63,79.92,258.41,150.03,291.4,85.2,87.66,111.88,136.51,207.26,165.16,323.05,287.84,194.78,120.53,73.18,212.72
2000-12-23,88.27,257.12,183.87,339.11,265.31,328.67,86.34,308.6,150.89,199.34,103.82,67.97,155.34,117.61,283.65,111.87,130.27,109.98,70.27,174.07,67.84,149.34,88.74,102.68,70.03,72.83,86.74,60.07,43.72,217.6,66.76,293.15,87.45,366.67,38.64,387.7,79.09,261.54,151.12,291.36,84.88,87.31,112.3,135.56,205.88,164.92,322.42,286.9,195.43,120.45,73.83,214.66
2000-12-24,88.84,252.76,183.68,339.71,261.12,324.76,86.66,308.9,152.28,201.93,103.83,68.42,159.01,115.43,282.55,112.78,128.48,108.62,70.76,173.73,67.82,149.24,89.04,102.53,70.04,73.34,86.15,59.47,43.04,217.14,66.89,293.11,86.38,363.83,39.08,386.34,78.56,255.35,148.77,291.24,85.1,86.2,112.17,133.39,204.16,165.49,317.81,284.5,195.44,120.19,73.74,215.36
2000-12-25,88.56,252.67,182.09,338.74,261.43,326.18,87.73,314.57,150.5,201.54,105.96,68.35,157.74,114.47,281.9,113.43,130.37,107.14,70.26,175.61,66.79,149.46,89.58,103.89,69.98,72.88,86.33,59.53,42.95,217.51,65.65,292.1,86.8,364.83,39.27,388.43,78.12,258.81,148.26,294.97,83.45,86.92,113.27,135.25,201.36,165.59,315.0,279.62,195.71,121.04,75.09,212.62
2000-12-26,88.07,253.11,180.33,334.08,262.94,326.1,87.84,319.96,148.58,202.29,106.26,68.74,156.98,113.92,281.61,112.54,128.94,108.49,71.07,176.53,66.74,148.84,88.56,104.12,70.27,73.38,86.16,58.83,43.53,215.47,65.82,290.39,87.24,362.98,39.27,388.73,77.65,259.43,149.63,291.91,82.28,86.66,113.03,136.87,204.28,168.08,316.79,280.47,197.84,120.78,74.58,217.08
2000-12-27,88.17,258.35,180.03,336.89,257.29,324.62,87.62,326.15,150.11,202.44,106.34,70.02,155.99,114.83,283.37,113.63,132.16,107.66,71.69,173.31,66.29,148.45,89.78,104.12,70.91,73.57,85.85,58.04,43.77,214.49,66.44,288.62,86.45,364.2,39.55,380.63,78.41,261.11,149.03,292.51,81.51,87.27,112.61,137.28,205.73,164.69,319.87,280.16,200.65,119.4,75.63,214.58
2000-12-28,86.98,256.42,179.83,341.44,254.06,321.55,88.48,328.09,148.77,202.52,106.53,70.14,155.58,116.08,278.84,111.84,130.98,108.09,72.43,174.6,66.5,149.76,91.02,103.21,69.99,74.39,85.53,57.95,43.75,214.18,66.9,291.6,87.17,365.12,39.25,380.23,78.13,260.58,147.35,291.49,82.14,87.75,112.29,137.92,208.04,164.11,322.01,280.08,200.68,118.33,76.9,215.53
2000-12-29,86.24,257.11,182.51,334.05,250.65,315.5,88.72,325.7,146.06,204.51,106.46,68.98,154.75,115.08,280.76,111.32,127.49,109.05,72.46,176.95,67.54,151.54,91.63,103.22,70.24,74.24,84.87,56.48,43.93,212.78,67.27,290.11,84.91,366.75,39.27,386.81,77.42,263.28,147.63,293.83,81.65,87.82,112.35,138.21,211.84,166.03,320.56,280.57,201.37,119.77,76.23,214.83
2000-12-30,84.51,255.54,183.06,332.6,257.05,312.31,88.42,326.29,146.83,203.55,106.18,68.53,155.64,116.64,281.39,111.87,126.4,110.01,72.5,175.71,66.12,152.41,91.66,101.97,70.33,74.25,85.08,56.64,44.54,212.91,68.75,291.24,85.45,359.73,39.35,380.97,77.22,266.02,148.9,292.18,81.69,87.53,111.98,138.55,215.16,163.89,322.01,278.93,197.92,117.68,75.8,212.08
2000-12-31,85.39,258.12,183.95,334.14,255.67,314.03,89.03,332.66,148.07,199.76,107.1,68.15,153.62,116.69,280.43,111.84,127.01,110.53,71.61,175.72,66.27,152.92,92.75,102.73,70.41,72.99,86.4,55.47,44.35,218.31,69.1,281.95,85.51,359.29,39.08,380.63,76.23,267.51,149.35,291.94,82.75,89.73,112.42,138.29,218.19,161.43,328.02,283.02,195.19,117.52,76.49,213.25
2001-01-01,85.06,259.51,183.2,331.69,257.23,308.32,89.71,333.56,148.87,195.65,106.84,66.85,155.19,114.91,279.09,111.19,125.3,110.82,70.78,173.7,66.8,153.83,92.42,103.38,70.01,73.64,86.42,55.76,44.76,218.74,68.92,278.99,84.8,354.67,39.11,384.45,76.38,268.55,150.08,290.47,83.19,89.5,112.53,139.51,222.14,161.16,327.64,281.83,197.2,115.55,76.76,216.9
2001-01-02,84.35,259.1,182.49,331.85,251.19,307.82,89.48,336.55,150.87,197.3,107.7,66.64,156.81,115.41,282.47,111.22,124.92,111.5,70.48,171.98,66.92,153.28,93.52,104.3,70.34,73.58,86.15,56.07,44.48,219.06,69.2,283.5,84.76,352.69,39.13,384.39,76.42,272.41,151.14,292.24,83.48,88.37,112.52,136.52,223.56,161.92,322.87,283.11,196.67,115.25,76.7,219.75
2001-01-03,85.12,260.97,181.95,332.5,250.72,304.99,89.57,336.68,151.73,198.03,106.9,65.94,156.94,117.18,278.11,110.86,124.12,110.83,69.03,173.92,67.66,154.42,92.57,103.27,70.44,74.21,86.11,55.8,43.6,222.12,69.69,284.53,84.06,352.51,39.1,378.07,75.92,274.05,149.33,293.27,83.96,90.04,113.45,135.24,220.07,161.33,318.57,287.58,197.22,114.87,76.31,221.32
2001-01-04,85.11,258.25,184.16,329.31,253.16,303.52,91.17,341.2,150.66,196.75,107.95,65.52,157.65,115.76,278.54,109.56,122.73,111.28,69.7,175.34,67.06,154.17,93.33,105.26,70.01,74.74,86.82,56.28,43.58,217.84,69.73,287.54,82.93,349.65,39.36,376.6,75.86,276.42,146.01,296.5,85.36,90.17,111.04,135.96,220.95,159.23,316.13,292.91,197.75,117.01,75.28,218.18
2001-01-05,84.94,260.15,186.4,337.22,256.59,304.46,92.32,343.37,151.69,198.44,108.2,64.49,159.68,116.77,280.21,108.53,120.39,111.28,69.5,176.04,66.19,157.33,93.68,106.29,70.75,75.28,85.51,55.74,43.58,216.24,69.84,284.15,84.63,351.52,39.43,378.07,75.77,278.86,147.34,293.29,84.41,90.26,111.77,138.6,223.71,157.4,316.87,291.61,195.06,117.71,76.05,216.17
2001-01-06,85.64,257.77,181.92,337.43,256.85,303.54,91.17,342.05,151.44,201.69,107.43,64.61,160.18,117.0,277.93,107.31,120.21,111.85,69.64,177.46,66.39,157.2,93.28,106.72,70.32,75.24,85.2,56.64,43.52,216.47,70.21,283.63,85.28,351.23,40.18,374.11,75.69,279.16,147.53,295.53,84.84,90.89,111.05,139.09,221.46,157.92,313.43,291.2,193.73,119.61,75.73,215.85
2001-01-07,85.54,261.35,183.14,339.08,254.9,300.21,90.36,344.53,152.01,200.45,106.97,64.03,159.77,116.81,282.83,107.21,120.0,113.07,70.78,177.84,66.48,156.92,93.26,108.96,69.56,75.28,85.76,56.74,43.81,213.17,69.64,286.58,84.13,359.85,40.62,369.22,76.29,283.8,148.7,297.05,84.0,91.87,109.49,139.51,222.05,156.71,317.17,293.0,192.89,121.2,76.28,216.3
2001-01-08,84.54,261.14,181.99,338.49,253.88,300.53,90.6,341.69,151.96,201.48,106.55,65.01,159.63,118.14,280.51,109.21,118.5,112.77,70.6,177.32,66.32,159.34,93.53,111.09,70.09,75.2,85.54,56.8,43.84,212.81,69.98,289.92,84.95,360.14,41.31,371.74,77.07,283.77,147.38,303.2,83.06,93.73,108.97,135.47,218.26,154.79,319.05,294.28,193.99,120.74,76.19,218.03
2001-01-09,83.83,260.66,179.11,335.63,253.99,294.07,91.34,345.86,153.98,198.83,105.84,65.82,158.77,117.04,280.76,108.79,118.0,113.6,71.38,177.92,65.74,158.53,91.21,111.03,69.75,75.04,85.87,56.67,44.24,212.89,69.35,292.49,84.36,356.74,41.06,370.34,77.67,282.52,146.71,310.57,83.68,93.75,111.06,135.4,220.74,154.71,318.99,295.72,193.24,120.67,76.8,219.12
2001-01-10,84.21,258.78,178.5,336.04,253.42,293.1,90.43,345.93,153.64,198.91,105.58,65.99,159.16,117.87,278.62,108.97,118.04,112.9,71.46,175.43,65.49,158.06,90.05,109.67,69.1,75.47,84.94,56.1,44.01,211.79,69.76,296.45,84.55,353.97,41.05,368.09,76.82,288.52,147.79,309.34,83.53,94.58,111.0,133.87,224.58,154.96,319.3,290.15,191.65,119.53,77.92,221.27
2001-01-11,84.28,259.71,178.46,344.27,251.22,287.29,90.33,352.01,151.82,200.16,104.48,65.98,160.91,115.47,271.89,110.48,120.44,114.96,71.93,175.21,65.01,156.74,89.81,111.71,69.43,75.96,85.13,56.48,44.64,210.74,69.07,294.91,85.32,357.29,40.89,371.68,76.9,286.85,150.79,307.66,83.85,95.36,111.58,131.76,229.64,156.07,325.64,296.49,192.52,118.11,77.2,219.98
2001-01-12,85.24,260.85,180.21,345.49,249.36,289.08,91.63,348.33,149.9,200.33,105.65,66.81,162.49,114.61,275.05,110.48,120.85,114.03,71.6,174.56,65.08,157.33,89.6,111.09,69.07,76.53,84.82,56.71,44.65,209.29,69.73,288.4,86.94,358.02,41.3,371.06,75.98,288.59,151.61,306.2,84.67,95.31,112.51,129.93,232.26,156.56,319.44,293.6,188.38,120.44,77.34,218.53
2001-01-13,84.54,264.02,181.15,344.23,251.57,291.72,89.52,347.54,149.51,200.77,106.92,67.37,161.53,114.21,275.47,110.53,119.08,114.12,73.04,176.12,65.82,158.64,89.27,110.56,69.38,76.19,84.48,55.89,44.83,209.55,69.32,287.39,85.58,355.91,41.74,362.75,76.93,289.51,150.36,305.35,85.41,94.71,111.41,130.64,229.1,155.54,316.27,293.38,184.87,121.22,75.65,217.58
2001-01-14,82.78,263.67,181.74,347.36,250.47,293.72,90.98,345.91,147.77,201.07,106.58,68.73,162.3,114.16,273.57,109.71,119.01,112.81,73.15,174.48,65.93,159.63,89.95,112.78,69.2,75.72,84.57,55.54,45.28,209.89,68.97,285.48,85.72,353.09,41.89,361.25,75.61,290.9,148.01,307.92,85.5,94.86,111.35,132.67,227.66,157.39,315.79,294.95,184.15,121.61,77.33,215.73
2001-01-15,82.42,265.22,183.94,343.38,254.18,291.73,92.32,349.42,149.73,200.11,107.83,69.11,162.01,113.6,274.93,110.62,119.09,113.98,73.25,173.08,66.63,161.32,90.13,111.96,69.29,76.39,84.76,55.93,44.76,207.63,68.63,286.37,85.84,355.94,41.93,362.12,75.79,291.84,148.5,306.89,85.62,96.16,111.68,133.32,229.17,158.07,309.04,294.4,183.31,119.56,76.89,215.26
2001-01-16,81.27,265.86,185.82,335.64,255.4,288.96,91.65,346.42,150.59,204.16,107.12,70.64,164.66,113.34,273.81,111.49,115.82,113.97,72.63,171.2,66.09,161.66,91.08,112.15,69.03,76.65,83.96,56.18,44.17,208.11,67.51,286.45,85.87,354.57,42.07,355.71,75.34,292.56,150.56,312.83,86.27,96.4,111.64,134.03,229.99,159.97,310.68,297.17,184.86,118.14,77.6,212.44
2001-01-17,81.14,265.95,186.18,335.31,260.44,287.16,91.42,342.07,150.72,203.97,106.7,71.01,163.8,115.19,272.64,111.53,115.89,112.9,72.49,171.11,65.92,157.61,91.75,111.29,69.02,76.87,84.81,56.72,44.09,208.82,68.0,287.58,87.01,357.91,41.61,356.8,74.87,297.01,149.66,315.62,85.09,97.38,110.44,134.61,234.08,159.51,316.02,294.59,183.62,119.37,77.7,213.47
2001-01-18,79.88,267.32,187.76,339.63,260.48,282.41,91.12,343.48,150.16,202.2,107.6,72.14,166.55,115.73,272.8,111.96,114.53,114.6,72.3,174.16,66.84,159.98,92.61,112.62,68.15,78.35,84.83,55.65,43.29,208.97,68.65,286.46,88.77,356.31,41.93,357.25,75.43,295.02,148.58,314.93,86.17,96.63,109.64,134.45,228.86,157.32,316.7,297.71,186.26,118.96,77.51,214.43
2001-01-19,80.27,269.82,192.23,344.43,259.91,284.6,90.66,341.74,147.13,202.77,107.37,72.37,167.0,115.12,272.4,109.79,113.53,115.57,73.67,172.82,67.0,159.66,92.4,112.69,68.01,77.69,84.75,56.13,43.75,209.37,68.35,286.82,89.65,356.18,41.35,354.45,75.9,298.57,150.21,317.58,86.51,95.32,109.36,133.77,228.25,157.53,319.71,298.99,183.92,119.79,77.4,215.42
2001-01-20,80.34,275.06,194.62,339.19,263.44,284.83,90.81,341.86,148.56,202.55,110.11,72.53,167.03,115.09,273.47,110.75,114.45,115.18,73.49,172.58,67.48,161.24,92.5,111.0,69.0,77.44,85.93,55.64,43.72,211.68,67.9,288.29,89.35,356.58,41.33,355.94,74.96,302.28,149.83,316.07,87.28,94.95,108.92,132.59,230.21,156.31,320.11,296.18,184.25,120.56,75.77,214.17
2001-01-21,80.55,276.97,195.5,336.16,265.42,286.29,90.59,341.73,146.95,203.77,110.52,72.39,168.05,115.96,271.43,111.11,114.26,115.56,73.53,172.83,69.08,164.24,93.64,112.22,69.21,78.3,85.08,55.75,43.58,210.78,70.36,286.11,89.99,359.14,41.41,356.97,74.81,300.74,149.01,318.1,87.28,95.3,106.14,132.3,231.68,158.32,314.16,299.69,184.42,120.63,75.14,214.17
2001-01-22,81.68,278.3,193.56,331.45,262.79,282.68,89.96,344.37,148.07,204.33,109.66,72.37,167.37,117.96,275.69,110.3,113.02,116.09,73.61,173.36,69.24,163.04,93.67,112.55,67.68,80.01,85.16,55.64,43.86,211.54,69.36,283.99,91.03,358.52,41.62,356.03,73.12,300.48,150.83,316.08,88.8,95.54,106.11,133.43,228.82,158.54,305.08,300.64,180.7,120.78,76.45,209.83
2001-01-23,82.25,276.88,190.41,335.98,262.51,282.89,89.55,347.72,151.26,203.4,109.56,73.27,167.12,118.49,278.03,112.75,111.96,115.69,74.1,171.03,69.76,163.29,94.58,114.31,67.44,80.3,85.76,56.12,44.05,209.12,69.13,279.11,89.33,356.95,41.91,358.91,73.04,305.62,150.44,316.25,89.75,96.04,106.53,132.98,228.04,160.09,301.55,304.33,181.49,119.51,75.99,209.79
2001-01-24,82.38,278.64,195.57,340.46,262.61,281.97,90.6,346.55,148.15,202.81,109.73,73.62,164.65,118.01,277.52,113.32,112.73,116.14,74.17,169.78,69.54,164.4,94.23,112.19,66.2,80.06,85.46,57.58,44.23,211.15,70.55,282.43,88.69,357.51,41.44,362.8,73.23,298.66,145.96,316.26,89.46,96.04,105.91,134.75,228.09,157.89,304.34,306.42,182.34,119.87,76.0,208.75
2001-01-25,82.48,277.41,192.14,341.51,262.72,284.24,89.78,343.4,147.28,203.35,110.66,72.09,163.69,118.99,274.7,113.73,112.01,116.64,74.12,167.26,69.25,165.1,94.68,113.09,67.05,79.98,85.78,58.9,44.28,209.88,70.84,281.9,88.97,355.53,41.62,360.85,72.92,295.96,144.07,322.26,90.2,96.92,106.89,136.42,226.11,156.48,303.72,304.47,181.95,119.58,75.81,208.56
2001-01-26,84.19,276.85,190.09,340.69,266.56,288.46,89.51,344.3,146.11,200.04,107.69,71.47,165.4,117.43,276.13,115.61,112.7,115.32,74.52,167.07,68.43,168.29,95.43,114.33,67.57,79.82,86.05,59.19,44.68,212.22,70.55,281.18,87.71,360.63,41.26,364.95,73.15,297.49,144.08,320.77,91.82,97.35,107.4,136.08,223.02,161.63,304.34,304.12,180.01,120.11,75.3,211.69
2001-01-27,84.41,275.89,192.6,335.2,264.8,294.08,91.95,345.51,148.39,200.24,107.19,70.85,163.56,115.87,277.97,116.17,113.69,116.92,74.64,165.89,67.62,164.86,95.23,115.05,67.63,81.14,84.64,57.9,45.25,215.26,70.93,281.12,87.63,364.26,41.84,367.67,73.95,295.42,144.86,319.38,92.34,96.81,107.94,133.94,222.34,159.09,302.87,303.28,178.2,121.0,75.22,211.05
2001-01-28,84.56,274.98,191.9,336.08,262.2,295.79,91.78,348.69,150.91,201.05,107.22,70.73,162.6,115.61,279.36,115.68,113.43,116.18,74.95,165.91,67.91,164.64,95.41,115.46,67.83,81.89,85.28,59.14,45.76,214.77,70.6,285.38,87.09,366.89,42.2,368.94,74.48,290.36,144.96,316.08,92.14,96.75,107.99,135.18,221.9,159.21,301.72,306.53,180.83,118.2,75.08,212.94
2001-01-29,83.76,270.22,196.26,334.34,262.87,295.3,92.67,347.58,150.75,199.89,106.35,72.35,163.1,117.12,280.9,114.38,113.24,115.01,75.51,167.16,67.94,164.04,95.49,113.4,67.99,81.9,85.5,59.79,45.93,217.41,69.83,286.65,87.11,370.11,41.9,367.21,75.4,291.65,144.86,319.99,91.64,96.38,108.42,133.89,218.87,160.29,299.14,309.4,182.34,118.58,75.83,209.67
2001-01-30,83.66,270.67,198.4,339.08,263.41,294.0,91.82,339.54,150.21,198.95,107.76,74.12,163.32,116.0,284.67,115.42,114.53,114.62,75.79,166.52,67.94,162.28,95.52,112.35,68.27,82.22,84.28,58.58,46.03,221.42,69.62,286.87,87.58,367.55,41.67,375.71,75.45,291.99,145.58,321.86,91.65,95.63,105.81,134.29,218.34,159.41,297.53,302.98,180.5,119.3,75.86,206.83
2001-01-31,80.87,270.06,199.75,337.52,261.93,292.82,92.15,337.99,148.5,200.95,109.38,74.54,163.5,117.98,281.53,116.08,112.65,115.26,76.62,166.04,68.02,163.5,95.49,112.18,68.8,82.96,83.94,58.48,44.98,223.5,70.41,287.96,88.06,354.98,41.56,379.87,75.4,292.28,148.27,322.52,91.62,96.28,105.43,138.39,218.09,158.48,295.29,306.27,181.43,117.97,75.41,202.55
2001-02-01,82.23,269.87,196.14,332.01,263.96,294.43,94.19,337.05,146.27,200.03,110.29,74.52,161.63,117.53,284.13,116.33,111.18,115.63,77.23,167.35,67.92,163.64,97.31,112.64,69.6,82.87,83.55,58.54,44.97,224.26,69.94,286.75,88.27,354.8,42.02,379.72,74.73,293.51,149.39,329.02,92.42,96.97,104.56,137.91,217.83,157.99,299.65,312.35,181.04,116.66,75.75,200.59
2001-02-02,81.24,274.41,194.76,333.04,266.69,291.63,95.7,336.84,145.95,200.76,110.6,73.7,162.69,119.15,282.36,115.35,113.29,115.98,77.34,170.12,68.35,163.96,96.91,113.53,69.98,82.25,83.36,58.53,45.91,223.48,70.85,286.94,87.38,354.15,41.41,381.74,74.7,290.18,150.18,327.12,91.57,97.97,103.38,137.23,213.04,158.42,301.76,311.89,182.74,118.45,76.26,200.16
2001-02-03,81.07,269.34,194.4,338.6,265.8,292.76,95.68,335.36,146.33,199.75,111.36,73.45,163.65,118.82,280.19,114.59,114.15,116.66,76.21,166.81,68.91,163.75,95.49,112.63,70.53,81.98,83.98,56.53,46.56,225.67,70.04,287.4,88.68,355.15,41.06,382.59,74.08,287.31,148.52,325.11,89.81,99.28,102.58,137.97,209.34,157.54,301.42,312.4,179.68,119.64,75.79,200.7
2001-02-04,81.0,272.45,193.79,336.23,268.75,293.41,95.34,325.08,147.26,200.37,109.39,72.67,165.3,116.92,278.23,116.5,112.67,115.43,76.95,167.7,69.33,164.57,96.49,112.05,69.8,82.53,83.98,57.01,47.08,229.05,70.7,292.92,88.27,355.22,41.08,383.44,73.34,284.89,147.68,321.39,90.25,97.87,102.69,138.23,211.95,155.97,297.4,312.33,180.33,120.3,76.19,200.31
2001-02-05,78.93,276.87,196.37,334.85,267.11,291.04,96.71,325.09,148.09,197.63,107.67,71.39,165.68,115.68,276.33,114.46,114.25,116.96,76.97,164.99,70.01,165.11,96.24,111.69,70.2,82.98,85.61,57.21,47.23,231.41,69.23,289.13,87.7,358.9,40.26,390.73,73.45,282.21,147.05,316.97,89.57,97.16,104.21,137.64,210.86,156.1,298.63,308.02,176.89,120.08,76.63,201.8
2001-02-06,79.41,277.92,192.87,342.48,263.55,285.4,96.64,320.44,149.98,198.16,107.24,70.08,166.77,115.53,276.0,113.5,115.47,116.7,75.26,165.14,70.19,160.9,96.33,110.9,69.94,84.18,84.84,57.15,47.13,232.92,68.45,288.23,86.4,358.24,40.51,386.33,72.98,282.24,147.89,312.8,89.16,96.37,105.46,136.96,214.8,157.69,293.69,303.69,177.56,120.0,78.21,202.21
2001-02-07,80.1,280.08,193.5,339.3,265.87,285.15,96.35,323.01,148.85,200.02,106.44,69.63,170.9,116.61,279.28,114.41,115.3,116.4,76.36,167.76,69.61,160.87,96.44,111.39,70.78,84.95,85.83,56.64,48.26,235.87,68.41,287.81,87.24,359.58,41.18,382.71,73.72,285.42,145.86,313.7,88.15,95.07,103.17,135.86,215.05,155.96,295.77,298.88,178.3,120.57,77.44,204.98
2001-02-08,79.26,276.69,193.59,341.13,265.52,286.94,94.62,323.11,147.96,201.15,107.17,69.87,171.25,116.23,280.42,116.45,114.75,117.66,76.68,168.8,69.17,158.85,94.89,110.38,70.69,85.84,85.41,56.3,48.9,236.29,69.09,285.31,85.55,366.31,42.0,381.09,73.55,282.65,146.68,308.14,89.32,95.56,104.86,133.77,211.6,153.93,302.74,298.45,178.25,122.35,78.56,203.45
2001-02-09,79.33,275.79,193.36,340.49,268.33,288.3,93.76,324.19,147.97,198.53,106.4,68.17,173.76,116.15,280.68,116.61,115.91,115.99,76.45,171.47,68.68,160.03,95.09,109.03,69.83,85.45,86.46,56.17,48.45,233.95,69.6,283.7,84.62,364.61,42.1,382.58,72.73,282.15,145.67,308.44,88.98,96.37,103.36,134.84,213.5,155.15,300.5,297.26,180.79,122.38,78.31,199.95
2001-02-10,78.42,271.81,194.97,339.83,270.21,284.87,95.3,317.61,150.84,197.18,106.02,67.05,177.31,115.17,273.76,116.69,114.75,115.94,76.81,172.38,69.08,159.98,95.25,107.96,69.17,87.26,87.81,56.02,48.67,234.25,68.52,284.24,85.1,368.54,42.15,379.84,71.73,285.35,144.97,310.64,88.94,95.19,101.76,137.65,210.97,156.87,301.8,300.04,180.28,121.47,77.98,198.61
2001-02-11,78.08,268.93,199.23,340.68,273.19,284.56,94.72,314.62,153.01,195.28,106.97,65.85,176.05,115.53,275.46,116.36,114.83,116.06,76.84,173.6,69.83,159.32,94.99,107.44,67.84,86.18,87.38,56.22,48.66,235.0,69.13,283.94,85.12,369.25,42.75,378.29,71.34,288.37,144.08,310.46,89.14,93.55,100.69,136.41,213.51,158.74,307.16,301.2,182.47,121.34,77.46,196.44
2001-02-12,78.33,266.87,196.56,339.17,271.74,283.34,92.75,320.23,155.84,198.7,104.56,65.74,174.66,116.86,279.0,116.74,113.91,116.01,75.99,175.69,69.57,158.94,95.24,108.53,67.94,85.07,87.52,56.14,48.28,233.9,68.85,281.77,85.77,367.91,43.01,378.3,71.14,290.08,144.68,311.21,90.23,93.01,98.78,136.93,214.22,157.4,309.17,302.26,184.06,122.51,76.28,196.14
2001-02-13,78.58,267.33,197.4,347.04,276.47,285.24,90.96,319.5,155.9,200.1,106.3,65.51,180.69,117.7,279.36,116.92,113.99,114.63,75.02,175.31,69.43,162.39,93.84,106.91,67.89,86.7,87.36,56.2,47.58,235.42,69.07,281.33,84.76,371.5,43.14,377.06,71.76,293.08,144.86,313.07,90.42,93.23,99.69,137.35,215.91,158.72,317.83,301.08,185.56,122.37,75.94,198.44
2001-02-14,80.07,267.1,193.11,348.37,275.46,282.64,91.46,323.75,156.72,199.7,107.72,66.13,178.3,117.55,281.62,116.5,114.51,115.61,74.84,176.0,69.99,163.06,93.04,106.97,69.56,86.83,87.79,56.05,47.3,235.38,68.87,284.29,84.64,372.49,43.37,374.22,72.62,291.96,142.49,309.91,91.36,91.56,99.47,136.85,217.28,160.71,316.61,305.28,185.32,120.6,75.39,197.25
2001-02-15,79.52,268.46,195.04,345.04,274.94,285.44,91.09,317.14,156.74,197.58,106.44,67.27,181.73,116.87,276.14,118.07,113.89,113.98,75.71,174.96,68.99,165.75,93.83,107.04,68.79,87.05,86.68,55.64,47.14,237.41,69.42,286.01,84.27,374.11,43.48,372.87,72.48,288.4,144.83,307.23,92.08,91.51,100.06,137.62,216.94,160.12,311.78,302.25,185.62,119.32,74.16,198.21
2001-02-16,80.55,262.26,194.33,343.39,276.11,284.59,91.97,316.87,156.37,202.96,105.97,67.45,179.56,115.98,272.74,117.59,112.95,115.35,76.43,173.43,69.03,163.31,94.54,107.0,69.15,86.28,87.29,55.16,46.83,237.93,69.7,285.65,84.19,366.26,43.95,373.56,71.83,287.76,146.65,307.59,91.79,89.84,99.3,139.1,216.4,160.17,308.53,306.24,184.33,117.67,73.28,200.47
2001-02-17,80.61,262.75,196.82,337.39,276.64,285.13,91.25,316.38,157.31,202.23,106.57,67.88,178.99,115.76,272.64,114.8,111.41,117.74,76.17,173.2,69.04,161.79,93.5,107.88,70.24,88.07,87.87,56.01,47.29,237.2,69.68,287.75,84.21,363.83,44.01,378.08,71.39,285.14,145.92,314.4,91.19,89.12,100.06,137.94,214.91,158.05,306.36,312.17,182.55,116.54,73.05,199.3
2001-02-18,81.55,260.58,195.91,338.88,278.07,282.77,91.56,315.15,157.39,202.01,106.33,68.96,179.28,115.39,269.91,117.48,111.59,116.81,75.73,172.46,69.57,161.03,93.62,107.68,69.45,88.25,87.18,56.84,47.98,235.57,68.52,285.61,84.49,365.63,43.48,381.89,72.04,287.59,147.28,314.75,91.98,89.72,98.91,137.66,215.81,157.04,303.89,311.57,183.96,118.85,73.76,200.42
2001-02-19,81.72,262.13,192.94,342.15,278.67,280.16,91.75,313.9,158.57,202.89,107.94,68.09,181.04,115.33,275.41,115.12,113.58,117.81,75.25,170.6,69.38,161.48,95.13,106.84,69.43,88.82,87.88,57.22,47.82,239.8,69.25,282.72,84.07,372.65,43.9,383.56,71.48,286.59,145.56,317.6,92.7,89.52,100.45,139.37,217.8,156.46,299.9,318.95,183.4,118.28,71.59,201.76
2001-02-20,80.92,260.67,190.59,343.23,278.69,278.22,91.46,310.77,158.52,201.34,109.34,67.53,178.84,114.62,274.45,113.97,112.26,115.02,74.74,170.08,69.01,161.51,95.89,105.1,68.35,89.7,86.98,56.93,47.68,240.68,69.22,282.42,83.91,375.43,43.77,388.74,70.28,287.19,145.33,318.52,90.73,88.96,100.73,139.4,219.28,157.13,300.9,315.22,185.89,116.39,72.21,203.77
2001-02-21,81.18,260.86,190.92,342.28,275.47,281.42,91.92,308.22,159.36,201.69,109.17,66.16,180.47,113.87,275.33,114.87,111.98,113.85,74.65,168.99,68.43,158.18,96.22,104.58,67.81,90.36,86.0,57.24,48.49,243.5,68.68,283.15,83.43,375.56,44.14,386.2,71.51,284.43,145.2,315.63,91.01,88.8,101.02,138.36,218.77,157.45,301.19,318.33,187.43,115.98,71.3,201.01
2001-02-22,82.4,263.05,192.18,341.85,278.39,282.21,92.16,311.07,157.52,205.58,110.15,64.79,180.7,112.66,273.65,114.69,110.14,111.3,74.66,166.66,68.72,159.87,96.86,106.39,68.12,91.2,86.7,58.07,48.36,243.0,68.79,284.09,84.2,374.39,43.96,390.83,71.83,281.56,146.14,319.81,91.11,88.5,100.22,139.68,218.89,158.33,301.38,318.82,188.59,116.3,70.63,201.69
2001-02-23,80.44,265.64,191.19,337.78,275.79,279.41,92.01,305.34,156.52,202.34,109.76,65.23,182.13,113.4,276.89,114.56,110.58,109.97,74.05,168.69,69.4,158.35,96.99,105.99,68.6,90.09,87.53,58.1,48.18,243.09,68.82,285.22,84.97,375.44,44.27,387.3,70.94,274.79,146.22,315.77,91.26,86.77,100.07,140.93,219.55,159.95,309.4,322.02,186.44,114.54,70.08,201.25
2001-02-24,79.14,266.93,191.3,336.98,272.98,278.66,93.46,308.93,155.27,201.06,109.03,65.82,184.4,112.52,277.9,115.73,110.64,109.13,74.06,167.26,69.32,157.37,95.88,106.27,69.29,91.72,86.87,58.17,47.88,243.47,68.58,287.24,84.84,368.1,43.8,392.21,70.9,279.68,146.67,319.89,92.48,87.88,99.89,138.36,217.22,159.52,311.12,325.1,188.1,114.16,69.21,202.02
2001-02-25,77.97,263.7,189.45,337.25,275.29,279.58,91.03,309.56,154.59,203.95,109.07,65.4,184.17,110.85,279.63,115.95,111.86,108.02,73.01,169.02,69.04,157.87,95.78,104.78,68.97,90.43,86.64,58.84,48.36,247.72,69.97,289.99,85.57,361.4,44.11,393.15,70.24,275.23,148.71,316.63,92.12,88.98,99.62,139.03,213.79,160.05,312.78,332.85,190.17,113.38,69.93,202.29
2001-02-26,79.01,264.53,191.76,334.96,276.98,279.53,92.41,306.74,154.15,200.02,109.86,65.02,187.56,110.12,284.4,115.02,110.45,108.37,72.81,169.49,68.63,156.3,94.02,105.15,69.64,89.01,87.53,59.73,48.94,249.16,69.46,290.84,83.3,359.59,44.23,393.08,70.94,275.21,151.94,317.26,91.82,87.79,99.42,139.31,213.42,159.88,315.7,335.22,190.85,114.7,70.51,200.93
2001-02-27,79.92,263.82,190.81,332.19,273.63,276.48,90.65,307.29,153.87,200.28,108.88,64.81,187.59,110.41,286.65,114.5,109.47,106.78,72.24,169.61,69.27,153.8,93.84,103.57,67.97,87.61,87.49,58.6,49.29,248.86,69.58,291.59,83.24,365.84,44.56,395.18,70.5,278.03,154.42,313.4,92.54,86.65,100.38,139.85,214.6,160.67,310.51,335.26,191.53,114.08,70.57,201.45
2001-02-28,79.48,264.95,192.67,335.48,272.17,280.3,91.89,309.88,153.99,198.67,107.18,64.87,192.21,110.47,284.69,115.02,108.29,106.55,72.49,166.99,70.37,153.56,91.52,102.83,67.8,87.52,87.47,58.54,49.37,245.71,69.66,283.84,83.03,364.06,43.91,401.22,70.64,273.75,153.13,309.72,91.86,86.02,99.39,140.08,214.02,163.02,306.83,337.99,193.18,113.32,69.94,200.32
2001-03-01,79.68,264.49,192.8,335.17,278.09,283.15,91.44,307.79,152.05,199.43,106.08,66.39,193.21,109.12,282.07,117.41,109.48,107.28,72.0,166.12,69.76,154.09,89.95,101.72,67.28,87.27,87.12,58.32,49.49,250.17,69.49,276.05,82.58,362.17,44.33,404.01,71.85,275.31,152.96,310.35,91.99,85.58,100.03,140.75,214.21,158.8,310.4,336.52,198.27,113.78,70.89,202.74
2001-03-02,81.78,261.8,195.42,338.9,281.6,279.98,92.78,306.22,151.56,199.88,106.16,67.73,198.49,107.84,283.56,116.64,109.22,107.37,71.32,166.5,69.73,156.08,90.4,102.71,68.04,87.05,88.1,58.68,50.11,249.45,70.81,275.67,80.52,361.75,44.08,412.36,71.63,271.57,153.46,309.59,93.84,85.02,100.52,140.58,214.27,157.41,310.08,329.54,196.65,114.1,70.81,200.35
2001-03-03,81.03,263.0,195.68,341.02,284.75,279.41,92.1,304.09,151.75,202.29,105.22,67.5,199.88,109.41,283.18,116.45,109.84,107.62,72.14,167.54,68.55,157.06,90.64,102.27,68.12,87.18,88.11,59.25,50.66,248.63,71.27,271.59,80.51,357.47,43.27,412.57,71.51,273.38,152.02,307.42,94.11,84.15,100.71,138.62,217.32,156.99,315.51,328.52,198.19,115.05,71.15,197.6
2001-03-04,80.85,265.25,193.36,338.56,284.23,280.55,91.85,304.74,150.3,202.38,105.2,68.21,202.15,111.15,275.93,115.67,109.51,107.39,72.7,164.81,68.04,159.31,89.59,103.47,67.45,88.56,88.45,57.81,50.62,252.94,71.5,273.37,81.94,359.94,43.18,411.68,70.85,277.04,150.86,309.41,93.13,82.9,102.03,137.57,215.39,156.73,314.06,327.08,196.68,114.47,71.5,194.28
2001-03-05,80.78,268.7,194.01,337.13,282.8,282.82,92.52,298.26,152.66,202.43,103.42,67.18,202.89,111.55,274.38,117.09,109.82,106.42,72.74,167.98,67.24,160.23,89.15,103.37,67.29,88.24,88.64,58.01,50.71,253.46,70.71,272.74,82.29,356.2,42.57,412.91,72.13,276.88,148.76,307.16,93.65,82.82,103.41,138.21,213.18,156.94,318.89,322.53,197.16,114.71,71.12,195.18
2001-03-06,80.91,271.34,195.94,338.83,278.67,279.54,91.96,299.15,156.97,205.04,104.03,67.69,202.28,110.58,276.68,118.76,109.38,106.54,72.51,166.68,67.71,161.79,88.23,102.5,65.82,88.3,87.26,58.29,51.51,254.48,70.33,272.32,83.09,354.01,42.7,414.4,72.33,279.8,147.03,306.51,93.75,82.99,103.39,136.6,213.18,158.48,319.99,316.73,197.31,114.37,71.59,195.1
2001-03-07,81.4,267.99,192.5,342.83,276.76,281.44,91.52,303.19,156.18,206.46,103.96,66.7,205.05,108.68,274.75,118.85,108.49,106.95,73.03,166.0,67.85,160.96,86.77,101.33,64.4,88.9,87.12,57.74,51.51,255.34,70.1,272.92,82.5,354.17,42.74,417.17,73.14,279.01,145.23,307.31,95.36,84.32,102.31,135.82,212.11,158.84,321.53,320.82,199.75,113.2,72.48,191.95
2001-03-08,81.42,272.68,195.28,346.54,278.77,276.93,91.17,298.84,156.16,205.33,103.97,67.37,198.05,109.27,278.51,122.06,108.97,107.51,74.06,165.95,68.16,160.49,87.89,102.17,63.61,89.54,87.64,57.57,51.72,251.39,70.72,271.04,82.29,354.49,42.29,419.46,73.6,282.35,144.11,310.24,93.81,84.05,103.33,138.72,209.39,157.95,320.36,318.24,198.64,113.21,72.09,191.39
2001-03-09,82.36,268.68,194.99,347.49,279.58,279.12,89.86,295.39,156.47,202.01,102.34,66.01,197.09,109.44,276.92,122.69,106.94,107.19,74.65,165.05,68.38,160.65,88.36,101.8,63.01,88.25,87.53,58.19,51.09,253.58,70.06,270.74,83.73,351.55,42.03,416.56,73.72,282.3,141.97,305.69,93.26,84.29,103.45,135.54,209.22,159.65,327.92,314.01,196.51,111.3,71.92,189.35
2001-03-10,82.84,270.77,197.68,352.96,279.63,279.56,91.68,292.74,155.93,203.63,102.84,65.82,198.72,108.98,274.74,123.23,107.13,107.75,73.75,167.97,68.25,160.19,89.02,102.36,63.07,89.05,87.63,57.49,50.58,255.11,69.98,273.28,82.8,348.96,41.64,412.8,72.72,280.71,143.65,310.84,93.5,83.89,103.98,133.45,204.68,159.92,327.6,313.74,195.51,111.17,71.21,191.88
2001-03-11,82.79,267.5,196.83,352.36,282.42,282.06,89.09,292.08,156.26,207.25,102.83,65.9,196.27,107.93,276.65,122.31,107.32,108.64,73.07,167.37,69.36,161.32,89.02,103.0,63.25,89.07,87.6,57.71,50.24,251.31,69.38,272.77,82.25,355.12,41.96,411.7,73.04,280.01,145.33,303.46,93.72,84.55,104.52,133.08,202.28,163.72,329.71,312.91,197.57,107.88,71.65,193.61
2001-03-12,81.92,272.16,197.01,352.18,285.13,283.73,90.09,290.5,155.4,207.24,104.68,64.61,196.04,108.57,280.15,123.63,107.63,109.03,72.98,166.48,70.89,162.04,89.29,101.99,63.45,88.82,87.87,57.91,50.3,256.48,69.65,273.06,82.53,355.25,42.39,418.29,72.35,275.62,145.19,305.56,96.28,84.02,104.62,130.45,200.31,166.77,334.81,314.04,196.45,107.09,72.48,194.41
2001-03-13,82.2,272.46,197.01,359.57,289.19,280.8,90.88,289.47,154.82,209.19,104.96,64.48,196.91,107.56,279.64,122.74,106.98,110.84,73.41,166.64,70.62,159.55,88.72,102.96,63.47,87.73,86.04,57.88,50.74,252.29,70.53,269.78,83.29,351.24,42.76,418.97,73.43,272.16,145.82,306.07,95.83,83.3,105.04,128.96,200.87,163.77,342.48,314.09,197.94,107.74,72.97,195.22
2001-03-14,81.65,274.27,200.54,358.66,288.48,280.91,92.64,286.16,154.31,208.44,105.13,64.16,198.62,106.88,282.37,123.21,108.49,111.43,71.96,166.26,70.24,158.46,87.63,102.35,64.13,89.16,84.8,58.23,50.95,248.35,70.24,271.2,84.57,347.05,43.47,420.71,73.8,278.76,144.19,313.44,95.88,82.93,105.97,128.42,203.91,165.13,346.9,310.07,196.64,110.69,70.84,196.34
2001-03-15,81.69,276.05,197.96,350.16,285.62,283.66,94.25,290.0,154.18,210.18,105.19,65.09,197.43,107.42,280.73,123.52,107.58,111.46,72.27,167.49,69.65,160.72,89.2,103.03,64.85,88.76,85.3,58.59,51.48,246.71,69.82,271.56,82.06,349.35,43.77,417.9,74.63,276.99,145.13,312.22,96.6,82.35,105.59,129.15,201.15,167.95,344.83,310.53,195.83,111.88,71.27,195.94
2001-03-16,81.52,274.66,196.71,346.92,283.55,284.87,92.83,290.25,154.53,208.77,107.09,64.47,197.43,108.04,283.48,125.41,108.19,111.62,72.41,167.57,69.79,163.28,89.7,103.6,65.04,88.81,85.53,58.2,51.56,248.99,69.35,273.51,82.02,340.97,43.58,411.02,76.21,279.89,145.3,311.49,95.46,81.79,106.64,130.62,201.94,166.66,345.95,308.22,197.07,112.95,70.83,194.84
2001-03-17,81.85,275.84,199.51,341.94,284.96,289.03,94.04,286.65,155.49,204.65,106.47,64.84,194.91,107.11,280.64,127.63,109.39,112.33,72.72,167.51,69.73,161.88,88.21,103.49,66.06,90.32,86.55,58.22,51.18,246.82,68.81,273.94,81.95,340.9,43.69,417.74,75.9,276.74,145.13,310.93,95.61,82.08,105.44,130.1,205.77,168.9,346.08,305.88,194.26,112.56,72.32,196.04
2001-03-18,82.46,274.81,197.96,345.48,284.29,288.9,93.85,282.38,157.59,203.93,107.53,64.85,195.2,108.51,276.02,129.43,109.3,110.64,73.47,166.03,69.31,160.09,88.05,104.0,66.19,89.75,85.66,58.0,51.2,245.45,69.1,276.98,82.03,336.63,44.04,421.14,76.1,278.2,146.11,313.32,96.65,82.49,105.94,132.68,206.73,169.93,347.09,303.49,194.67,113.9,72.27,194.71
2001-03-19,82.85,274.28,198.22,344.55,284.8,289.38,95.39,286.12,159.06,206.4,106.32,66.57,197.58,107.9,269.49,127.62,109.42,110.93,73.65,163.37,70.16,162.13,87.29,103.27,65.87,89.77,86.2,57.96,51.16,243.4,68.79,279.86,81.28,337.46,44.12,414.86,76.29,280.74,147.94,317.51,95.92,82.44,105.61,133.57,207.9,170.74,348.64,306.5,194.68,113.03,73.28,193.99
2001-03-20,82.75,277.78,198.55,345.88,285.29,287.83,95.5,284.42,159.2,205.42,106.05,65.75,197.69,107.4,262.88,128.33,110.0,109.54,74.27,165.57,69.3,164.36,86.51,104.02,66.14,89.45,87.37,57.46,51.89,243.84,68.78,281.23,80.7,338.49,44.28,416.73,76.07,278.49,150.4,318.51,96.19,82.91,105.12,134.21,207.72,172.43,349.77,308.19,195.43,112.61,72.77,194.13
2001-03-21,83.29,281.45,197.49,349.8,288.45,286.49,94.83,285.84,159.99,205.37,104.01,66.17,195.23,107.78,262.27,127.85,110.49,108.6,74.48,165.12,69.44,163.26,86.18,103.81,65.69,89.31,88.79,57.44,51.37,244.72,67.2,283.02,80.94,337.97,44.24,417.64,75.03,275.72,149.19,319.78,95.46,83.88,104.45,134.85,206.44,172.7,354.94,304.34,197.48,112.52,72.45,197.03
2001-03-22,83.53,291.22,197.96,355.24,294.24,287.11,94.58,282.05,158.19,206.24,105.02,66.88,195.03,106.25,260.72,128.92,110.04,106.97,75.32,161.6,69.0,163.65,85.66,104.39,65.34,91.32,89.54,57.04,51.2,241.11,67.53,284.54,80.81,335.93,43.75,415.04,74.89,273.09,149.81,320.01,95.44,84.93,106.04,135.43,204.84,169.98,354.86,301.26,198.13,115.01,73.03,195.87
2001-03-23,83.55,290.35,202.77,357.42,292.69,287.07,96.16,280.73,159.23,205.87,105.63,66.5,197.41,106.41,258.27,128.17,109.23,106.22,76.1,165.79,68.1,164.02,85.23,105.13,66.19,90.31,88.22,56.31,51.76,235.55,67.12,281.27,79.25,338.06,44.32,419.44,75.06,270.45,146.67,324.41,93.84,84.51,105.15,135.71,204.32,165.39,353.12,305.55,200.39,114.14,73.37,197.96
2001-03-24,82.91,287.57,204.54,354.11,288.69,288.83,96.42,282.65,157.86,206.75,105.23,66.22,195.22,105.46,260.13,127.04,109.04,106.21,75.51,167.27,67.27,164.61,86.9,104.05,67.04,90.15,89.6,56.65,51.86,241.9,67.69,280.57,78.93,339.76,44.05,419.18,73.77,269.65,146.19,326.17,96.3,84.99,104.71,135.09,203.3,164.46,346.64,303.53,200.73,114.35,72.63,197.17
2001-03-25,82.46,284.37,208.08,363.27,289.78,289.43,95.83,277.96,158.61,207.85,104.61,66.05,196.99,105.05,263.74,125.91,108.87,105.53,74.96,170.42,67.06,166.24,88.14,102.98,66.98,89.65,90.16,56.0,52.13,240.33,66.93,284.16,78.92,342.04,43.69,413.64,73.67,265.09,144.38,323.44,95.45,84.84,104.49,134.73,202.24,163.83,343.27,306.67,203.36,113.59,72.8,201.14
2001-03-26,81.5,285.77,204.22,361.46,289.51,290.1,96.03,283.12,160.74,204.18,104.44,64.57,198.25,104.96,268.45,122.65,108.18,106.82,74.66,170.59,65.49,165.85,88.31,103.93,67.17,88.6,89.36,56.31,51.86,240.09,66.83,280.01,78.27,336.64,44.24,417.99,74.44,267.66,142.33,321.79,96.1,84.92,103.68,136.59,204.82,163.77,344.12,302.25,203.8,115.44,73.09,205.97
2001-03-27,81.38,289.98,204.75,358.66,290.26,290.54,97.16,285.26,161.13,206.75,104.77,63.52,197.97,105.89,266.02,121.46,107.29,108.11,74.91,167.33,64.26,163.71,87.42,105.45,66.43,88.48,88.62,56.18,51.04,236.66,67.34,282.23,78.5,336.85,44.94,414.18,74.23,270.15,143.32,326.31,95.24,84.93,102.52,134.31,205.59,164.48,349.74,308.37,203.42,114.61,71.91,206.2
2001-03-28,80.41,295.6,207.47,353.17,291.97,291.09,96.81,285.02,160.27,201.79,103.44,63.87,197.67,105.3,262.27,122.84,109.48,109.1,73.89,166.36,64.58,164.53,87.51,105.11,66.99,88.1,88.53,56.37,50.61,236.1,66.91,282.56,80.82,334.17,45.67,415.66,74.64,272.31,145.16,325.53,95.68,85.15,102.35,133.9,206.47,165.6,350.72,312.85,202.24,114.49,72.25,207.42
2001-03-29,80.59,292.37,207.05,355.19,294.25,293.85,96.0,282.13,159.04,198.74,105.07,63.68,195.61,104.18,262.05,123.47,111.16,109.5,72.82,167.45,64.92,162.96,87.92,107.65,67.55,88.02,87.72,56.02,50.01,234.07,66.46,286.96,80.5,334.56,45.75,419.96,74.85,272.19,146.47,323.07,96.37,83.8,102.35,133.95,203.27,162.54,344.04,308.7,201.4,114.04,72.04,208.56
2001-03-30,81.31,295.09,205.39,353.41,293.41,294.78,96.88,278.07,159.08,197.83,105.74,63.4,197.4,105.55,259.73,122.28,111.96,109.48,72.43,167.98,64.48,163.76,88.02,109.23,66.12,88.03,87.86,56.68,51.42,232.77,65.62,288.94,80.9,333.8,46.61,421.32,75.47,270.93,147.94,323.37,94.96,83.38,102.77,135.5,204.2,165.39,345.08,313.05,199.74,114.97,72.84,209.99
2001-03-31,82.89,293.64,201.79,348.48,293.71,293.77,97.82,281.88,159.3,195.8,106.0,63.96,198.21,105.5,256.45,124.19,113.67,111.01,72.04,168.28,65.15,164.89,87.54,109.76,66.92,87.72,88.8,56.95,50.52,232.62,65.23,286.37,80.56,320.01,46.0,416.55,75.21,268.68,147.96,322.85,95.51,83.53,103.69,135.15,207.26,164.18,344.35,318.55,199.97,114.11,73.94,207.9
2001-04-01,82.21,293.63,206.55,355.89,297.8,295.54,98.02,281.51,160.99,194.97,106.43,62.88,199.98,104.51,258.69,123.5,114.87,112.4,72.76,165.53,65.43,165.39,86.91,110.44,67.96,87.24,87.08,57.87,51.56,230.46,64.79,287.39,79.58,321.65,46.81,415.62,75.22,266.35,147.79,324.5,95.66,83.72,103.35,136.74,205.07,164.26,344.21,318.59,198.58,112.57,75.23,210.02
2001-04-02,83.16,293.35,208.89,358.7,294.15,293.75,98.89,281.98,159.49,196.01,106.03,62.54,200.92,104.74,260.8,124.74,115.33,112.96,73.31,165.69,63.63,168.73,87.44,110.79,68.76,86.34,86.98,58.64,51.57,225.88,64.92,291.06,79.32,323.01,47.4,416.55,75.63,263.18,145.91,327.93,96.13,83.61,102.05,135.59,201.78,163.89,342.77,319.69,202.25,113.18,75.74,209.37
2001-04-03,82.26,290.0,209.02,352.41,297.43,292.74,97.97,278.27,157.31,198.29,106.21,62.18,200.17,103.86,258.52,123.34,113.2,112.41,72.16,166.8,64.55,165.82,85.85,111.83,67.99,85.57,87.14,59.21,51.94,227.79,65.22,295.62,78.02,314.0,47.57,427.06,76.0,260.82,143.78,325.4,97.12,84.62,101.35,136.05,197.83,162.6,343.12,324.35,203.42,115.5,75.55,209.06
2001-04-04,82.62,298.3,209.17,354.13,298.92,294.88,98.59,278.49,159.47,201.58,105.2,61.83,199.42,102.43,255.39,122.27,112.02,113.14,72.76,166.68,64.51,166.74,86.93,110.98,66.76,84.72,86.32,58.92,51.71,225.4,64.4,293.31,79.08,313.97,47.24,424.28,75.54,261.49,143.25,326.31,96.15,84.67,100.85,133.89,195.97,162.37,336.63,323.77,205.09,114.91,75.17,210.35
2001-04-05,81.67,297.99,210.57,355.84,295.64,296.46,97.85,273.83,160.52,203.83,104.52,61.55,201.77,103.49,259.02,119.85,112.07,112.39,72.78,165.56,63.67,167.98,87.01,110.0,66.85,85.81,87.02,59.53,51.14,228.33,63.6,291.36,79.74,317.27,47.4,422.05,75.74,261.44,144.38,327.59,95.43,84.36,101.81,133.43,196.81,164.11,337.09,319.86,210.6,115.27,74.45,209.71
2001-04-06,81.83,302.11,208.83,352.87,294.24,293.63,97.88,276.48,161.24,203.41,105.52,61.04,202.61,102.92,258.79,118.35,111.21,113.34,72.55,165.65,63.95,166.4,86.31,110.49,67.05,85.86,88.78,59.51,50.86,227.65,62.47,287.0,79.36,318.71,47.04,419.45,75.4,260.43,145.36,329.51,94.37,83.4,102.5,131.07,197.07,166.46,334.72,324.15,211.17,114.71,75.59,209.4
2001-04-07,81.79,301.0,208.85,353.32,296.27,293.34,98.07,275.49,162.36,208.38,104.26,61.9,204.32,103.7,258.44,120.96,113.11,113.07,73.38,168.7,63.99,165.37,86.92,110.38,67.96,84.78,88.48,58.97,50.61,227.46,62.79,284.9,78.85,318.37,46.44,423.58,76.44,262.43,145.35,336.7,93.78,83.02,102.71,130.76,198.16,166.59,336.55,318.9,211.53,115.92,75.33,206.8
2001-04-08,81.8,294.57,209.31,355.53,294.84,291.14,97.89,272.2,162.91,215.83,105.34,60.76,204.97,103.77,256.08,120.4,112.13,114.14,73.48,166.84,62.75,166.57,87.2,109.74,68.08,85.89,87.21,59.06,50.58,224.95,61.58,287.07,78.96,311.77,46.29,416.74,77.01,267.86,143.58,342.55,94.53,83.44,102.17,131.35,197.41,166.2,333.01,314.05,211.7,115.98,74.61,207.11
2001-04-09,82.31,292.39,205.99,356.47,298.26,288.86,98.22,272.1,162.99,217.56,104.49,60.98,205.77,104.35,255.98,121.46,113.14,113.21,74.86,168.16,62.85,165.98,88.03,108.29,67.67,86.11,88.48,59.98,50.7,224.43,62.4,287.49,80.22,309.75,45.92,418.97,75.73,271.83,143.95,341.77,94.25,83.7,100.45,131.61,193.49,166.78,331.09,313.97,209.98,118.4,75.19,208.51
2001-04-10,82.46,291.07,207.62,356.01,297.86,284.64,99.66,273.86,163.58,217.49,104.66,60.64,204.47,104.54,254.23,121.97,113.3,113.34,74.68,167.72,62.13,165.67,88.66,109.91,68.61,85.75,87.45,60.5,50.18,221.99,61.63,286.25,80.91,313.35,46.43,421.13,75.33,267.18,145.19,341.67,93.6,84.93,100.27,131.52,191.36,164.65,335.82,310.78,206.6,117.78,74.89,209.98
2001-04-11,80.6,293.54,207.01,354.72,295.42,283.69,99.87,272.37,161.88,218.9,105.36,61.13,204.47,103.64,256.53,122.65,112.46,113.02,75.29,166.96,62.31,165.73,88.35,111.61,68.77,85.16,87.84,60.25,50.01,222.21,61.08,285.96,81.28,313.0,46.83,410.74,74.21,266.86,145.94,339.32,94.24,84.8,100.44,130.27,191.29,164.2,332.21,313.79,207.85,119.22,74.66,212.51
2001-04-12,81.02,291.76,207.81,350.53,295.22,283.63,101.05,272.47,160.87,220.43,105.33,60.9,205.65,105.33,253.26,123.99,111.01,111.26,75.31,167.23,61.21,165.78,88.32,112.11,68.36,84.16,87.81,60.02,49.96,222.26,61.37,286.89,81.93,315.31,46.58,407.53,74.95,265.38,146.99,341.44,93.99,85.1,102.27,129.95,188.26,165.46,331.93,309.77,207.48,119.92,75.93,211.79
2001-04-13,81.14,289.3,205.65,357.91,291.45,280.29,100.69,274.09,163.59,220.3,106.46,59.58,204.25,105.7,253.68,124.9,111.83,110.43,75.23,166.2,60.66,167.24,88.75,115.57,67.68,85.1,88.12,59.92,50.76,223.49,61.9,284.91,80.06,316.56,47.39,414.8,75.32,267.32,143.19,336.21,94.27,85.54,101.34,128.12,191.52,163.82,334.24,313.01,211.91,118.43,77.02,210.15
2001-04-14,82.55,297.26,201.6,354.09,293.84,282.76,101.83,271.16,164.49,219.93,105.19,58.78,206.46,105.79,253.17,126.61,111.44,111.06,74.89,164.11,59.27,167.06,88.32,115.69,68.35,84.69,88.3,60.69,49.95,223.81,62.05,283.73,80.33,319.52,48.34,408.94,74.37,266.06,144.71,333.39,93.6,86.7,100.63,128.69,191.46,162.33,336.03,312.14,211.21,118.12,76.32,213.86
2001-04-15,83.26,298.7,198.99,356.9,294.74,278.58,100.78,267.32,163.02,220.79,105.15,59.09,204.6,105.36,254.95,126.34,109.99,110.63,75.53,164.67,59.71,166.49,87.71,113.55,67.93,85.25,87.63,60.2,49.88,221.82,63.3,285.27,80.34,322.32,47.7,407.43,76.32,268.88,143.91,329.99,93.5,86.01,100.51,127.68,194.71,164.25,338.23,313.99,209.75,118.79,76.98,213.25
2001-04-16,83.31,297.02,201.32,359.73,292.37,274.48,100.25,267.89,161.57,219.05,105.64,59.17,205.62,106.18,255.6,127.6,110.11,110.25,76.69,166.23,60.12,167.6,87.87,115.13,68.49,84.94,88.85,60.0,49.71,221.6,63.55,283.7,80.56,327.33,47.66,411.97,76.14,271.6,144.2,329.19,95.09,86.43,99.95,125.98,194.7,164.09,339.32,317.6,211.21,119.45,77.43,212.41
2001-04-17,84.16,297.19,201.47,360.67,292.13,273.89,101.17,267.52,164.0,218.5,105.69,59.5,201.99,105.68,254.75,126.2,111.56,109.47,76.54,165.61,61.28,171.07,86.76,116.28,69.7,84.86,90.06,59.83,49.43,221.48,64.87,280.86,80.6,329.87,47.22,406.26,76.99,267.64,144.54,326.72,95.94,86.41,99.82,125.17,196.25,164.32,339.08,319.91,212.4,119.7,76.71,213.93
2001-04-18,82.78,294.28,201.0,368.21,289.07,275.41,101.49,266.91,164.53,225.95,104.7,58.78,201.49,104.9,248.76,126.8,111.35,109.82,76.64,165.83,60.63,170.2,86.96,118.02,69.64,84.39,91.45,58.76,48.94,220.91,65.83,278.73,79.83,329.98,48.25,403.92,76.46,268.69,145.35,326.21,95.1,85.7,99.68,123.48,194.45,161.49,340.72,326.03,213.9,119.56,75.79,211.77
2001-04-19,82.34,296.76,204.18,370.91,283.5,271.01,101.2,264.0,162.6,224.13,106.26,59.52,199.76,103.27,250.4,128.68,110.85,110.49,77.77,164.77,61.17,169.96,87.69,118.31,69.17,85.0,91.89,58.67,49.46,225.42,66.51,278.94,80.37,333.36,48.65,406.48,76.8,269.47,143.44,327.04,94.64,84.23,98.77,123.46,193.75,160.18,344.6,321.71,212.07,119.0,75.91,212.91
2001-04-20,83.1,293.66,206.95,372.41,281.83,273.9,102.79,266.48,162.42,224.52,106.68,59.25,202.6,104.27,252.02,129.14,110.27,109.56,77.33,166.88,61.8,170.87,87.72,117.82,69.87,85.31,91.64,58.75,49.04,223.8,65.94,274.45,80.47,330.6,48.62,407.21,75.9,266.33,141.89,327.44,93.77,83.43,98.64,123.9,192.19,160.42,340.8,320.86,209.37,119.38,76.94,212.06
2001-04-21,84.05,295.41,203.28,373.61,280.63,277.04,103.27,266.98,164.05,221.85,107.52,58.73,201.07,103.99,254.15,127.34,110.41,107.97,76.56,165.9,62.54,169.19,88.44,117.58,69.37,87.26,90.89,57.69,49.41,222.44,66.2,274.97,80.97,330.23,48.92,409.47,75.15,268.1,142.95,325.87,92.77,84.09,98.3,122.66,192.53,161.02,341.62,320.33,210.36,119.59,76.84,212.54
2001-04-22,84.47,296.46,203.99,371.87,283.67,277.0,105.27,266.89,163.6,223.86,108.5,58.52,198.61,103.33,251.21,128.25,110.39,105.52,75.62,166.38,62.19,173.3,88.13,117.0,68.44,87.45,90.66,57.68,49.37,223.21,66.0,274.66,82.19,335.91,48.41,406.42,76.17,269.95,144.05,325.56,93.27,84.54,97.32,121.05,194.5,160.84,341.83,316.99,208.66,117.58,77.09,215.05
2001-04-23,84.04,297.59,209.16,372.45,278.07,276.31,107.04,265.87,163.67,218.51,107.67,59.1,200.63,102.87,250.62,125.18,111.44,103.58,77.5,169.53,62.13,171.77,88.72,118.74,68.68,87.07,91.41,57.41,49.28,221.33,66.1,274.02,81.76,337.24,48.78,418.39,75.94,267.01,143.94,327.41,93.21,84.58,97.9,121.25,195.9,160.69,333.78,312.07,207.49,118.37,78.13,212.67
2001-04-24,84.11,296.45,210.41,383.72,279.96,277.71,105.84,266.33,163.63,217.94,109.6,58.81,202.26,103.04,253.09,122.83,110.97,104.57,78.64,167.63,61.69,169.81,89.06,119.59,69.05,86.99,90.56,57.13,49.89,219.87,66.1,272.9,81.71,334.35,48.57,423.35,75.36,268.19,143.45,330.73,93.17,85.68,97.13,121.83,198.22,159.79,332.34,314.17,208.29,117.81,78.43,212.63
2001-04-25,82.92,295.92,209.1,383.44,281.12,279.1,106.17,263.31,164.51,217.55,108.91,58.36,201.09,103.84,252.31,125.29,110.0,104.57,78.58,168.62,61.15,170.89,88.11,118.82,68.45,87.44,90.86,56.51,49.8,220.41,67.52,276.0,82.98,330.92,48.77,417.47,74.69,271.51,141.8,329.44,93.75,86.74,96.34,118.51,197.1,160.35,329.73,316.35,208.61,117.25,79.15,209.04
2001-04-26,83.09,296.79,209.75,387.55,281.53,276.1,107.46,264.59,165.96,216.33,109.08,58.88,197.88,103.9,250.72,127.91,109.73,106.28,78.35,168.37,61.57,168.94,88.8,120.09,69.05,87.05,90.13,56.42,48.78,221.75,68.0,273.77,83.33,322.78,48.62,418.53,74.9,271.33,141.48,331.15,92.38,88.3,96.2,118.08,200.01,160.83,323.59,305.26,206.98,117.75,79.23,208.96
2001-04-27,83.78,290.81,214.87,388.9,278.82,273.85,105.21,261.22,168.42,215.43,108.49,59.7,196.69,104.3,250.63,127.91,110.21,105.16,79.87,168.74,62.59,169.46,87.84,118.87,70.62,86.51,91.18,56.77,48.45,222.85,67.91,274.51,82.84,324.83,47.95,421.07,74.85,268.05,141.49,334.21,92.2,87.61,96.56,119.63,202.69,160.05,327.71,303.38,209.27,116.92,80.89,211.44
2001-04-28,84.38,291.71,215.84,392.04,272.38,272.44,105.46,258.01,170.09,215.4,109.54,58.85,196.28,105.34,253.07,126.23,111.42,104.07,80.32,168.9,62.25,170.61,87.84,119.22,70.02,87.66,90.01,56.33,48.79,220.96,67.83,276.68,82.96,323.3,48.34,425.36,73.75,269.26,140.52,329.76,92.6,86.99,98.17,119.46,201.92,160.54,327.93,301.48,210.88,117.38,79.21,213.15
2001-04-29,84.0,293.85,216.07,389.14,274.7,272.02,105.23,255.87,172.92,214.62,111.23,59.12,198.97,105.61,253.92,126.65,112.69,102.9,81.47,168.99,61.8,171.64,88.13,119.15,69.38,89.15,91.01,56.23,49.42,218.91,67.6,274.21,83.79,322.1,49.05,423.83,73.82,264.9,139.37,325.95,92.0,86.98,97.56,118.44,199.64,160.2,324.79,301.4,210.9,117.34,80.51,213.2
2001-04-30,83.68,292.48,217.69,390.93,275.06,268.24,105.92,252.37,171.27,213.24,113.06,58.84,199.82,106.01,255.87,128.26,111.71,101.51,80.65,168.06,61.78,171.48,88.78,120.15,69.23,89.55,90.85,56.25,48.56,218.37,66.86,274.85,83.21,317.02,49.32,430.16,74.08,265.04,139.88,324.23,93.07,87.59,98.93,118.96,200.24,159.82,323.91,299.79,209.91,118.53,79.54,213.41
2001-05-01,85.14,289.77,218.5,390.5,271.41,270.14,105.34,254.54,172.64,211.24,113.64,57.8,200.91,107.04,260.34,129.74,111.38,102.61,81.68,166.5,61.87,172.9,87.27,122.08,68.26,90.69,90.29,56.35,48.08,222.88,66.27,273.21,83.45,320.34,48.87,423.89,74.03,266.1,139.27,328.09,92.45,88.11,97.83,116.31,203.04,158.74,322.16,299.34,210.89,120.01,79.63,209.5
2001-05-02,84.34,285.69,218.24,389.71,271.62,273.46,106.57,254.54,171.88,214.39,112.97,57.29,200.94,107.46,256.72,128.61,109.81,102.41,81.09,166.21,61.31,173.53,88.15,123.25,68.58,89.74,89.71,55.82,47.78,222.54,66.8,273.39,83.17,325.65,48.99,424.04,72.43,269.87,140.21,328.72,93.34,87.78,98.19,117.89,200.72,158.62,320.4,301.57,211.5,121.46,78.89,207.57
2001-05-03,82.91,291.29,218.21,391.8,267.95,274.24,106.15,254.34,172.46,216.7,113.12,57.31,202.24,108.18,254.49,130.56,107.93,103.79,80.57,163.93,61.44,174.68,88.96,122.93,68.64,90.0,88.77,54.91,48.26,223.59,66.91,271.06,82.61,321.51,49.88,432.79,71.56,267.28,140.83,334.58,94.33,88.95,98.63,118.56,200.53,156.65,318.95,298.39,213.17,121.29,78.14,203.67
2001-05-04,83.56,287.77,219.68,393.66,273.7,273.09,105.08,253.72,170.55,214.52,110.81,57.79,198.52,106.47,257.66,133.73,107.81,105.66,82.05,165.92,61.62,174.58,90.44,123.73,67.97,91.25,88.04,55.62,47.7,224.73,66.68,273.09,81.44,324.04,49.76,426.97,70.99,265.2,139.28,334.57,95.14,90.29,97.96,116.54,199.98,157.12,324.25,301.42,219.69,121.59,79.38,202.1
2001-05-05,83.29,285.04,220.84,400.72,273.55,273.02,104.97,254.57,169.25,216.94,109.8,58.35,195.76,105.01,263.22,131.24,109.57,104.54,80.75,165.94,62.62,175.77,90.17,122.97,68.18,91.1,88.58,55.49,46.4,222.59,66.46,273.28,81.71,321.96,49.18,433.35,71.82,267.3,139.85,335.25,96.61,90.4,96.99,118.54,201.07,157.7,327.37,300.07,216.2,122.77,79.36,203.61
2001-05-06,82.17,285.95,222.09,408.58,274.6,275.57,103.77,251.5,166.16,218.85,110.69,58.34,196.39,104.96,264.03,131.79,108.92,102.76,80.5,165.36,60.86,176.26,89.75,120.85,68.62,90.22,86.79,55.69,46.08,225.67,65.7,280.33,83.41,318.24,49.41,430.2,70.77,269.56,140.01,334.12,95.39,91.02,97.42,118.07,198.75,153.87,325.71,303.59,210.82,122.45,80.37,203.22
2001-05-07,80.34,283.69,225.85,409.11,274.73,272.24,104.82,250.49,167.53,221.6,110.68,58.25,193.38,103.97,267.2,131.15,108.13,102.93,81.16,164.83,59.65,175.73,91.51,119.91,68.34,91.13,88.54,55.6,46.21,224.99,65.42,277.27,83.22,317.97,49.08,430.12,71.26,267.26,138.17,330.94,94.32,91.64,98.13,119.88,198.77,158.44,327.39,302.72,210.87,122.95,80.03,198.95
2001-05-08,79.98,280.11,226.32,414.7,269.55,273.41,104.15,247.6,169.0,224.77,112.64,58.41,195.27,106.4,264.2,131.51,108.86,101.49,81.16,166.34,59.17,177.67,93.45,121.49,67.31,89.41,88.13,56.08,47.22,228.13,64.67,278.58,84.43,319.74,49.92,434.53,70.29,262.72,137.12,330.36,92.97,89.95,98.86,120.26,198.95,158.39,327.49,305.16,214.89,123.16,80.2,201.78
2001-05-09,79.9,284.19,230.39,407.94,268.74,274.05,105.13,249.3,172.12,224.04,112.08,58.72,192.7,107.71,261.9,130.33,109.06,101.02,81.33,166.55,59.76,180.62,94.2,119.75,67.77,90.38,87.42,55.87,46.94,224.81,64.93,282.5,83.39,309.38,50.1,435.02,71.1,261.24,138.68,325.57,92.58,89.08,97.41,120.53,198.99,158.6,323.42,307.6,215.34,122.66,79.87,203.82
2001-05-10,81.21,281.58,231.4,406.86,267.04,274.24,104.77,248.68,176.35,223.46,110.21,59.34,193.34,107.66,264.9,130.15,108.47,101.7,80.67,166.67,58.23,180.99,95.04,118.58,67.96,90.84,88.6,56.08,46.19,221.31,64.71,287.63,83.35,306.72,50.31,439.91,71.23,265.82,140.29,332.95,91.61,88.38,98.39,120.15,194.88,159.22,319.96,310.09,213.56,122.58,79.9,200.87
2001-05-11,80.73,282.57,233.03,406.67,268.24,273.12,104.08,250.81,175.4,222.35,110.71,59.41,193.36,108.03,264.18,131.5,108.72,101.35,80.68,164.52,58.96,181.49,92.81,119.01,69.28,90.15,87.63,57.02,46.31,223.49,64.59,291.38,82.57,304.67,50.97,437.0,70.36,260.76,139.6,333.69,92.32,88.65,98.99,121.49,195.74,158.82,318.91,310.15,215.56,121.75,80.67,202.12
2001-05-12,81.54,285.37,234.69,403.69,271.35,273.91,103.62,250.15,177.24,223.69,110.91,59.81,192.3,107.8,261.41,131.2,107.93,101.66,80.02,165.26,59.57,186.59,93.52,120.03,69.93,92.1,87.23,57.16,47.14,223.05,64.68,292.74,82.44,307.02,51.44,435.68,69.97,264.03,139.29,331.58,90.54,88.09,98.14,122.34,193.79,158.25,319.54,314.05,213.2,121.07,80.75,201.43
2001-05-13,79.79,280.24,233.82,400.8,268.92,271.64,102.32,244.99,172.97,224.83,111.16,59.68,193.18,107.48,258.53,131.55,108.51,100.33,79.6,164.13,58.66,187.77,93.93,119.68,68.96,91.65,87.05,56.18,46.71,221.34,64.1,294.53,81.23,307.29,50.84,436.99,70.29,264.06,137.26,332.52,89.58,87.49,98.86,122.18,192.68,158.52,325.25,313.43,215.78,120.97,80.18,200.9
2001-05-14,80.14,282.35,232.58,403.21,265.86,275.5,101.16,250.35,172.73,224.03,110.6,60.23,190.72,107.76,258.76,133.6,106.46,99.96,78.93,163.64,58.09,189.09,95.03,119.53,68.36,92.01,86.1,55.86,47.03,220.07,63.69,291.26,81.28,302.75,51.21,434.76,70.11,262.64,136.03,334.51,90.36,86.47,98.41,120.13,192.94,158.26,330.06,315.92,214.97,120.83,79.72,203.59
2001-05-15,80.21,276.49,229.94,406.05,263.94,275.07,100.34,251.92,172.29,223.59,110.06,59.61,194.94,106.54,255.11,133.66,107.19,99.71,77.61,163.85,57.94,188.6,93.0,119.47,69.64,92.26,86.74,55.1,46.59,220.16,63.35,291.71,79.97,304.56,50.65,441.99,70.42,261.22,136.62,331.3,89.55,86.24,97.94,118.7,191.54,160.17,330.17,313.56,214.3,119.19,79.58,204.18
2001-05-16,79.59,274.28,230.96,402.26,258.48,269.8,102.57,251.64,170.55,221.63,109.71,59.66,196.06,106.55,250.67,133.77,106.44,100.49,77.8,164.09,57.86,185.95,93.3,121.14,69.03,91.84,86.07,54.7,47.11,221.32,63.75,289.78,80.89,305.42,51.41,439.58,69.86,263.26,136.13,333.35,89.82,86.12,97.08,120.0,196.17,157.55,327.7,313.5,208.16,118.76,81.48,200.69
2001-05-17,80.19,274.57,226.15,406.19,256.39,267.14,101.59,251.93,170.29,220.83,110.91,58.18,196.55,104.69,251.74,133.58,104.29,101.28,77.22,164.08,58.25,187.32,93.03,120.98,68.93,93.07,85.86,54.84,47.43,220.07,63.05,289.03,81.09,304.16,51.76,446.61,70.27,263.3,137.39,337.11,89.56,85.93,96.05,120.16,195.2,155.37,330.73,313.54,205.09,119.29,81.57,200.6
2001-05-18,79.67,276.39,229.42,396.82,253.35,268.29,102.3,252.81,170.6,220.65,110.53,58.84,194.3,105.77,250.13,132.72,104.12,103.05,76.02,167.82,57.77,188.38,91.54,122.35,68.61,94.39,85.74,54.83,47.14,215.19,63.52,290.0,80.62,303.0,51.63,442.83,69.06,260.13,137.48,333.71,87.48,85.22,96.73,119.23,196.71,155.64,329.92,313.35,205.48,119.45,82.59,204.62
2001-05-19,79.85,272.47,229.92,393.93,252.74,264.95,101.72,259.52,172.82,219.64,111.89,59.79,194.69,108.4,248.81,131.78,105.28,104.19,75.75,169.2,57.88,187.15,91.02,122.61,69.57,94.02,85.88,55.67,47.23,215.7,62.45,289.71,80.84,306.4,51.16,437.54,69.12,263.14,139.94,328.2,87.69,85.62,96.46,118.09,197.98,158.24,328.87,317.77,203.78,115.0,81.96,201.92
2001-05-20,80.29,274.26,232.64,390.63,253.83,257.9,102.01,266.68,173.69,219.97,109.06,59.83,194.05,109.42,248.29,130.53,102.24,103.65,75.92,166.05,58.59,186.41,91.12,121.94,70.09,94.83,85.31,55.85,47.42,211.12,61.65,286.11,82.0,303.49,51.26,435.84,69.87,261.48,139.17,328.42,87.48,86.37,97.76,117.12,200.63,156.18,331.28,319.11,203.4,114.89,81.14,200.77
2001-05-21,80.28,271.22,234.98,391.72,256.74,258.36,104.01,265.08,172.34,217.08,110.79,59.72,190.88,108.88,248.27,132.24,103.68,103.79,76.13,165.16,58.91,180.2,90.94,124.45,69.06,93.79,85.43,55.15,47.46,211.79,61.54,284.74,81.95,302.26,50.75,434.05,68.07,256.16,140.15,332.67,88.75,86.49,97.35,119.2,200.38,153.58,333.89,317.83,204.17,116.09,80.22,200.02
2001-05-22,80.41,272.73,231.55,389.24,259.81,261.22,103.68,266.85,174.29,216.49,109.87,59.5,188.56,106.81,249.64,131.56,103.19,103.87,75.43,163.79,58.93,178.15,89.63,125.86,68.21,95.43,85.36,54.66,47.33,208.81,61.32,279.99,81.95,301.68,50.63,430.73,68.44,251.97,141.49,331.91,88.97,84.83,97.21,120.53,199.65,153.55,335.43,320.85,206.52,115.38,79.75,197.91
2001-05-23,79.88,275.33,232.26,395.24,264.02,259.01,103.63,266.41,174.22,216.31,110.02,58.1,187.4,107.04,246.68,131.39,104.99,103.98,75.87,165.45,58.54,179.24,90.78,124.42,67.38,97.33,85.48,53.99,47.24,207.88,61.36,280.6,82.91,305.77,50.41,435.33,69.07,246.32,143.98,326.69,88.32,85.17,96.93,120.48,200.47,151.6,333.0,322.37,203.94,115.6,78.03,200.2
2001-05-24,79.98,277.06,227.31,390.05,266.57,261.46,103.84,270.67,176.59,215.91,111.07,58.57,185.03,107.97,247.47,129.99,105.21,102.27,76.93,166.84,58.71,180.32,90.42,126.74,67.25,97.91,84.56,54.23,47.07,206.61,61.27,271.46,84.17,306.57,50.06,429.82,69.62,246.26,142.09,325.07,87.77,85.77,97.81,120.28,202.18,148.35,335.76,314.28,203.77,114.48,79.21,199.25
2001-05-25,80.57,279.79,228.39,380.41,266.94,261.86,103.03,271.28,176.64,217.88,109.5,59.31,184.81,106.28,249.89,129.77,105.76,103.37,77.38,164.76,58.6,177.7,89.94,123.02,67.54,98.23,85.05,53.82,47.15,205.19,60.79,274.72,83.98,303.51,49.61,429.56,70.39,249.65,140.41,322.98,87.59,86.58,96.1,120.11,201.04,149.73,336.13,314.46,203.99,115.1,80.77,199.13
2001-05-26,81.17,282.19,227.2,377.33,267.4,263.34,102.99,270.37,176.66,222.82,111.26,58.72,183.68,106.6,246.27,127.99,104.9,103.48,76.02,165.79,58.02,179.68,90.36,123.58,67.36,95.82,85.97,53.21,46.8,203.0,60.07,273.53,83.91,299.68,49.58,436.29,69.73,247.78,140.66,321.39,86.3,87.13,95.68,119.64,203.38,148.46,337.12,315.9,201.23,115.69,81.85,196.82
2001-05-27,81.88,286.48,226.35,372.78,270.6,261.26,101.86,270.4,178.0,222.6,111.18,58.68,183.07,105.24,244.31,126.46,103.41,104.27,77.57,164.08,58.48,177.28,89.59,122.81,66.51,95.57,85.55,53.41,46.22,204.43,60.71,267.98,83.32,306.0,50.46,435.35,70.11,248.08,142.46,321.18,86.08,88.16,95.7,119.34,202.19,146.67,333.43,316.89,199.83,115.35,81.77,193.84
2001-05-28,81.35,283.96,228.66,379.38,272.99,262.51,101.84,269.24,174.93,218.45,110.31,57.2,180.08,106.9,246.56,126.89,102.93,104.99,76.94,164.26,58.69,177.19,88.73,121.56,66.57,97.15,85.81,53.33,46.34,206.48,61.79,267.29,83.22,309.57,49.45,431.46,69.5,245.33,143.67,322.92,86.22,87.81,97.1,118.48,202.6,146.58,327.04,316.64,200.72,115.7,81.7,192.49
2001-05-29,80.78,283.67,225.36,383.53,270.5,260.79,100.18,269.62,176.98,216.43,110.07,56.88,178.16,106.97,246.96,127.46,104.57,103.9,76.78,163.42,58.29,174.42,89.12,122.82,66.02,98.95,86.02,53.69,45.89,211.04,62.65,271.65,82.93,307.13,49.66,438.43,69.49,252.62,142.37,318.41,85.39,88.42,97.26,119.09,204.5,148.49,328.81,316.55,203.94,114.27,82.48,189.84
2001-05-30,80.43,285.51,228.16,382.22,266.73,263.02,98.05,270.86,178.81,215.44,109.17,57.1,178.58,106.75,250.33,128.22,105.74,104.41,78.05,163.63,58.18,175.66,89.33,122.72,66.08,98.94,86.14,53.73,45.39,209.55,62.71,267.45,83.12,308.88,50.36,432.75,68.84,254.06,141.04,316.63,86.08,87.84,98.3,120.57,203.87,150.6,324.06,314.68,205.02,113.65,82.52,189.4
2001-05-31,79.8,290.35,225.47,381.7,267.46,258.29,97.74,268.27,175.41,211.68,109.63,57.63,177.72,107.7,251.28,127.45,104.54,106.37,77.61,165.57,58.73,176.19,88.89,122.25,66.68,100.7,84.63,53.43,45.05,212.05,62.88,263.77,83.98,309.04,50.36,430.71,68.14,258.4,139.85,320.31,86.39,88.53,99.03,119.42,199.49,150.56,325.0,311.92,202.82,114.52,81.84,192.34
2001-06-01,79.9,289.93,225.75,380.12,263.17,259.43,95.68,265.79,173.87,211.26,110.75,57.55,178.98,107.75,250.48,127.72,105.14,105.36,77.17,165.88,59.37,176.47,89.64,122.94,67.32,101.03,84.66,53.24,45.41,213.65,62.54,264.42,82.77,307.0,50.92,428.83,67.7,256.27,137.75,321.92,86.38,86.62,100.63,119.52,199.44,149.89,323.84,319.29,202.12,113.12,82.03,194.74
2001-06-02,78.97,291.61,227.68,377.26,263.54,257.94,94.98,262.41,174.89,210.23,110.42,56.73,176.78,107.57,250.61,126.92,106.17,105.32,77.25,163.43,58.36,174.62,88.7,124.23,66.92,101.2,84.76,53.42,45.15,220.7,62.88,262.5,81.65,308.1,50.77,428.98,68.42,257.57,138.15,323.93,84.81,85.91,99.28,118.3,200.07,149.77,321.56,324.15,202.39,114.37,81.52,194.88
2001-06-03,78.86,290.87,223.1,371.81,263.46,257.61,94.75,257.39,172.48,208.43,110.91,56.93,176.22,105.44,247.45,127.38,105.07,105.06,77.49,165.16,58.23,177.0,87.46,125.55,67.42,101.4,85.28,53.39,44.99,216.61,62.33,262.8,81.43,308.86,50.9,423.46,68.5,261.56,139.03,327.16,83.39,85.48,99.37,118.17,199.75,151.33,318.37,321.48,199.68,113.56,82.03,193.11
2001-06-04,78.66,288.07,223.54,371.22,266.13,256.58,94.67,260.77,173.83,212.22,110.73,58.06,176.72,104.33,243.42,127.93,107.61,106.4,77.41,164.47,58.47,179.85,86.59,124.23,67.01,100.62,83.68,53.34,44.84,218.44,62.29,265.24,80.77,306.33,50.74,425.75,68.95,262.83,137.04,327.78,83.1,85.45,98.3,118.47,197.01,151.95,317.3,318.94,200.35,113.11,81.38,191.76
2001-06-05,78.04,286.8,223.79,367.68,267.52,256.58,93.55,265.9,175.92,211.76,110.12,57.68,174.28,105.41,240.02,126.77,108.14,106.15,77.3,165.19,59.14,178.65,86.4,123.69,67.01,100.03,82.42,52.64,44.55,218.4,62.51,264.47,81.14,298.69,50.04,419.69,69.57,265.05,137.07,329.02,81.7,84.27,98.13,118.76,197.79,152.18,312.77,318.62,202.17,114.62,83.35,188.75
2001-06-06,78.57,289.43,224.45,370.68,266.99,257.2,93.95,265.17,174.89,210.92,110.23,57.88,173.85,105.02,245.16,128.22,109.49,104.7,76.01,165.64,59.57,176.8,86.11,123.65,66.48,99.53,80.99,53.25,44.63,216.2,61.89,264.76,80.87,300.22,49.92,418.73,68.96,266.21,137.43,326.44,81.91,84.0,99.72,121.93,197.91,153.81,312.18,319.18,200.66,113.81,83.39,192.5
2001-06-07,79.13,287.21,225.86,372.93,266.34,258.32,94.59,261.21,177.1,211.64,111.29,58.43,173.37,107.88,245.86,125.44,108.7,106.5,76.24,164.14,59.73,174.5,88.09,121.97,65.47,98.71,82.57,53.15,44.39,214.02,61.33,267.64,81.45,298.66,49.88,418.69,68.74,267.94,137.51,327.14,80.51,83.85,101.86,121.73,196.76,156.95,312.84,322.07,196.85,113.09,83.33,189.49
2001-06-08,78.14,289.83,224.97,371.72,264.41,258.36,94.88,264.59,180.44,209.65,110.25,58.48,171.23,107.53,244.82,126.15,109.51,106.23,76.27,161.32,60.22,174.62,88.88,121.16,64.97,98.08,81.99,52.97,44.48,215.47,60.67,268.94,79.88,302.2,49.5,419.74,68.87,267.69,138.15,324.26,80.68,84.15,102.82,121.61,196.84,158.83,307.73,321.43,196.92,114.04,84.74,187.64
2001-06-09,77.6,291.43,228.54,375.17,261.23,264.75,96.13,264.84,184.86,205.74,109.78,58.72,168.53,107.52,245.19,128.59,108.72,106.08,74.97,161.46,60.81,178.87,88.78,122.77,63.84,99.48,81.4,53.21,44.81,216.12,61.29,268.36,79.29,300.56,49.46,412.66,68.37,263.73,138.28,325.55,79.72,84.97,102.8,122.64,197.44,156.59,308.84,325.33,195.28,113.64,84.04,187.88
2001-06-10,79.22,287.92,225.31,371.44,264.21,264.68,96.42,267.03,181.55,204.49,111.18,59.52,167.55,108.46,248.51,128.59,109.33,106.03,74.42,158.53,60.22,176.57,89.06,121.59,63.21,100.38,80.99,52.79,44.56,217.5,60.78,265.61,79.66,305.28,49.48,408.01,68.83,263.01,140.62,325.4,79.54,84.93,103.12,122.21,200.7,157.08,309.61,327.73,196.46,112.78,85.24,186.28
2001-06-11,77.74,283.68,224.34,374.61,262.65,261.05,97.36,270.01,181.53,198.01,111.59,59.01,167.75,108.38,246.51,128.05,107.78,108.21,74.2,157.0,60.42,176.55,88.53,118.93,64.01,100.5,80.91,53.25,44.15,220.21,61.11,268.48,80.33,305.96,49.9,404.34,69.23,264.38,138.92,319.53,80.17,86.23,102.93,120.61,197.99,158.03,311.56,327.77,200.21,115.27,84.53,187.91
2001-06-12,77.73,280.44,226.76,368.21,263.16,258.87,95.4,271.68,182.73,199.93,111.91,59.45,167.83,107.79,247.96,128.41,108.5,108.01,73.81,155.97,59.72,175.54,88.55,119.18,64.26,100.39,80.73,53.72,44.46,218.68,60.26,270.4,80.85,302.94,49.9,402.93,68.6,266.42,140.59,320.26,79.1,87.27,102.98,121.02,194.81,159.41,313.43,330.94,198.56,115.39,84.48,191.06
2001-06-13,78.41,281.62,223.38,366.39,265.56,259.12,94.19,273.37,182.94,198.64,111.99,59.83,165.68,108.12,245.48,130.42,107.45,105.85,72.91,154.09,59.12,177.06,88.96,116.91,64.9,99.76,81.13,53.63,44.5,218.58,60.77,269.87,79.79,300.31,49.16,398.42,70.36,266.49,139.76,321.44,77.11,88.77,102.55,120.89,196.21,157.01,312.08,330.46,199.19,116.86,84.38,190.61
2001-06-14,78.36,276.09,226.76,367.19,262.22,261.9,93.18,273.3,184.98,195.71,112.66,59.97,165.15,108.63,245.94,128.74,106.63,106.35,72.61,154.8,58.01,177.39,90.11,117.02,65.11,102.16,80.37,54.35,44.68,221.78,60.61,272.78,78.95,305.77,49.71,397.73,70.09,265.76,138.62,326.19,78.81,87.71,102.33,123.96,194.18,155.04,310.9,334.47,198.55,116.93,84.77,190.11
2001-06-15,79.21,272.88,227.56,372.87,264.58,266.17,91.72,277.95,182.56,197.48,111.47,60.43,167.6,108.74,244.57,130.08,107.96,106.88,73.36,154.24,57.2,178.07,89.73,118.72,65.05,102.58,79.77,54.29,44.14,220.55,59.96,267.86,78.91,308.43,49.91,396.83,70.42,270.42,140.76,323.16,78.49,86.95,101.62,123.32,193.89,156.21,310.24,335.4,197.59,114.87,85.11,192.03
2001-06-16,77.8,270.28,231.44,371.35,262.4,265.18,92.95,273.85,183.02,197.14,111.79,59.0,169.34,109.66,246.31,128.32,107.15,107.73,74.49,153.97,56.37,176.25,90.69,119.32,63.89,101.79,79.14,54.64,44.18,221.64,61.23,267.25,78.0,307.79,50.25,399.42,69.57,268.03,138.75,324.74,78.79,87.92,101.88,122.33,191.56,157.33,305.93,340.32,197.93,117.83,86.15,194.19
2001-06-17,76.87,272.85,231.01,373.79,261.74,263.39,92.09,271.16,183.21,197.85,112.59,59.38,166.56,108.79,245.88,126.39,105.64,107.43,75.75,153.51,55.78,174.69,90.73,117.32,64.27,102.58,80.24,54.68,43.38,218.91,60.88,264.96,78.38,307.6,50.24,395.28,69.48,267.88,138.75,321.91,79.69,87.71,102.65,122.6,195.26,156.35,306.03,339.93,196.38,117.5,87.31,193.35
2001-06-18,76.75,272.76,230.71,382.31,261.81,265.05,92.18,269.94,183.83,194.37,110.65,59.51,167.58,107.87,246.11,127.36,104.74,106.65,76.76,154.65,55.39,172.68,89.6,116.29,64.12,100.77,80.63,55.38,43.14,219.12,61.84,267.31,78.88,312.44,50.24,395.17,70.1,266.03,137.96,322.75,79.38,87.97,102.11,122.91,195.28,154.52,307.58,342.92,195.21,117.43,86.83,196.01
2001-06-19,79.13,274.14,230.2,391.01,262.02,264.59,93.05,270.83,186.77,196.05,109.68,60.23,168.35,106.96,238.88,126.91,104.32,106.47,78.16,157.88,55.54,170.64,89.63,116.92,63.96,100.43,80.01,55.06,42.61,217.43,61.68,267.5,79.91,315.74,50.67,395.33,70.27,268.61,138.69,322.24,79.3,87.78,102.25,122.48,197.29,154.76,315.61,344.54,193.96,119.51,87.57,197.28
2001-06-20,81.06,277.3,227.39,388.33,261.21,266.3,91.45,268.4,186.27,197.25,110.07,60.75,167.93,105.92,239.79,127.2,104.67,105.5,77.32,158.73,55.13,171.89,89.69,117.35,64.37,99.96,80.15,55.45,43.03,214.66,61.67,270.99,80.13,319.38,50.8,393.64,70.58,266.63,139.56,323.83,80.07,88.84,101.06,123.65,197.08,154.5,315.0,347.31,192.77,121.01,88.25,196.75
2001-06-21,81.58,278.34,226.86,387.72,262.31,265.32,91.75,266.36,187.57,197.53,107.72,61.68,167.74,107.82,237.05,125.07,103.71,106.55,78.69,159.01,55.57,175.37,91.35,115.94,64.1,100.01,80.84,54.83,43.22,213.3,61.79,271.57,79.98,311.8,52.0,393.37,70.51,267.55,139.87,323.89,79.16,87.49,99.99,122.83,196.14,154.71,316.45,349.41,193.29,120.37,87.81,198.92
2001-06-22,81.77,280.52,224.97,387.55,264.0,261.1,91.1,267.47,188.21,197.42,108.85,62.56,167.47,106.36,239.39,124.94,102.73,106.39,79.1,158.66,56.6,179.57,92.1,116.47,64.69,101.24,81.22,55.45,42.21,212.49,62.46,270.54,79.27,309.9,51.96,388.48,70.75,264.9,140.49,326.02,80.26,87.0,99.76,124.0,195.01,155.91,308.59,349.54,191.79,119.8,87.75,196.96
2001-06-23,82.63,284.09,222.77,389.06,265.61,258.72,90.01,265.58,185.44,201.41,110.02,62.28,167.8,106.4,243.17,123.72,102.4,106.79,79.8,159.31,57.37,181.02,93.12,114.49,64.85,100.85,80.85,55.81,42.29,212.42,62.83,265.15,78.92,311.53,51.81,393.04,71.12,267.37,140.81,326.77,80.48,84.78,99.92,125.49,195.74,158.03,311.07,351.8,194.86,119.21,89.27,194.93
2001-06-24,81.48,284.7,223.3,391.52,264.67,259.77,91.28,268.85,187.36,202.38,110.16,62.38,165.82,106.16,244.36,122.66,100.52,107.82,79.37,156.76,58.2,184.16,92.42,112.77,64.37,100.41,80.38,55.95,41.72,212.71,62.65,268.96,78.59,312.86,51.97,390.64,71.08,268.59,140.46,320.17,80.98,84.45,101.39,122.76,198.1,159.29,307.41,350.67,199.03,119.31,88.18,192.31
2001-06-25,81.34,287.56,222.4,393.38,267.99,262.33,92.03,269.93,187.93,201.54,110.12,63.65,168.01,107.22,241.15,119.97,100.43,108.82,79.29,157.85,57.49,182.01,92.69,112.68,63.94,100.28,81.02,55.74,41.85,211.89,61.8,266.61,77.7,315.15,51.84,384.17,71.43,269.7,141.2,323.11,80.35,84.38,101.67,121.43,194.47,156.74,311.93,347.53,198.98,120.01,86.88,194.18
2001-06-26,82.17,287.37,221.63,391.06,271.66,263.57,92.03,272.55,187.66,201.97,109.01,63.64,169.76,109.38,240.68,118.76,99.39,109.13,79.49,158.68,58.05,181.51,93.63,112.02,64.11,100.43,81.58,56.19,42.08,210.08,63.04,267.36,78.1,310.31,51.38,387.71,71.73,269.34,140.6,322.19,80.16,83.04,101.3,122.33,195.65,158.1,311.71,346.97,197.86,120.36,85.82,191.56
2001-06-27,82.17,286.1,220.46,385.58,271.66,267.93,91.98,272.38,189.25,202.07,108.03,63.83,169.17,108.1,243.26,118.98,99.42,108.28,78.51,159.84,58.64,183.37,92.76,112.21,64.14,99.76,82.83,56.58,42.89,211.14,63.28,266.37,77.93,308.18,51.49,386.56,71.42,269.33,140.95,323.01,80.7,83.31,103.1,120.81,199.99,156.42,314.24,345.53,197.92,120.3,86.12,191.98
2001-06-28,81.1,290.37,219.15,389.07,265.21,265.91,89.43,274.71,190.14,202.68,109.89,62.53,169.48,108.19,245.32,117.57,98.37,109.45,78.44,161.34,58.6,185.44,93.54,112.18,64.63,100.72,82.82,57.25,42.39,212.93,63.85,265.66,78.42,309.56,52.13,387.76,72.3,273.96,139.56,322.47,79.89,83.77,103.89,121.78,199.72,154.76,313.35,342.67,198.53,121.37,85.97,193.32
2001-06-29,82.08,295.33,220.23,383.76,265.4,267.21,89.53,264.77,193.55,199.91,109.12,63.34,169.22,108.13,246.65,118.28,97.85,108.78,78.2,161.58,58.63,184.22,94.42,112.43,63.82,101.05,82.2,57.78,42.47,210.68,63.38,263.88,78.09,308.93,52.4,390.18,71.94,276.72,140.33,324.96,80.15,83.35,105.26,121.66,202.79,153.17,313.14,344.0,199.17,120.16,86.82,189.91
2001-06-30,81.61,298.7,225.83,383.11,267.01,266.56,90.67,265.38,194.67,199.15,108.62,62.89,166.51,108.41,247.98,117.55,96.17,109.34,78.54,160.53,58.14,186.63,95.08,113.96,63.59,100.79,82.95,58.0,41.97,207.04,64.65,261.87,79.23,312.95,52.1,390.47,71.5,278.16,139.94,328.35,80.18,82.44,105.79,121.07,202.02,150.81,309.76,340.09,199.26,119.8,86.82,187.94
2001-07-01,80.89,299.09,229.57,384.77,264.16,270.86,90.71,266.21,194.28,197.31,108.43,63.42,168.21,109.46,249.99,117.95,96.74,109.12,78.3,163.68,59.25,184.59,94.9,114.52,63.84,99.99,82.3,58.27,43.03,201.63,64.24,263.69,79.59,314.55,51.94,391.12,71.8,273.99,139.9,324.51,80.5,81.34,106.46,121.76,199.75,150.47,303.07,345.11,201.23,119.89,88.53,189.38
2001-07-02,80.89,295.84,233.43,387.4,265.45,271.53,90.2,265.66,193.07,196.16,107.87,62.4,168.75,107.68,251.62,117.56,96.22,111.13,78.79,163.71,60.75,185.89,95.63,114.96,63.7,100.09,82.16,58.13,43.51,201.41,65.18,261.0,79.45,312.93,52.21,393.82,71.5,275.86,141.62,326.77,80.07,80.36,105.16,122.05,199.65,147.72,306.67,348.03,202.21,119.96,88.03,189.25
2001-07-03,81.98,298.59,236.66,381.48,267.1,273.03,90.04,264.98,192.6,196.64,107.99,62.79,167.69,107.17,251.81,116.09,94.58,112.11,80.67,164.66,61.25,187.76,96.16,114.03,62.72,100.85,82.29,58.25,42.49,201.21,65.51,263.2,79.36,311.54,52.09,393.29,71.91,271.21,143.86,328.03,79.44,79.8,102.38,123.49,201.54,146.2,305.77,345.39,201.39,119.3,87.72,185.24
2001-07-04,81.93,300.98,237.51,379.13,264.39,278.13,90.05,267.04,192.48,196.55,108.69,63.51,168.34,106.83,250.07,116.32,93.59,110.15,81.32,162.77,62.09,190.2,96.36,114.02,63.22,101.22,82.79,57.12,42.17,201.45,66.43,264.24,78.86,310.79,51.93,393.42,72.59,266.43,146.03,326.26,78.55,80.31,100.83,125.33,198.81,144.1,313.86,349.85,202.95,120.37,88.67,184.71
2001-07-05,81.24,300.46,237.95,380.79,267.32,274.95,91.31,263.39,194.65,197.93,109.2,64.23,169.48,107.26,251.69,115.65,91.46,109.53,82.53,162.08,61.0,189.85,97.74,114.05,62.58,100.28,82.4,56.67,41.94,201.09,67.51,261.16,80.97,314.81,51.5,391.7,72.36,267.43,148.29,329.96,78.25,80.17,102.07,125.98,201.69,146.48,318.96,354.58,205.61,119.53,89.71,187.68
2001-07-06,82.18,303.31,236.7,381.03,268.05,276.92,91.07,265.42,192.42,194.47,109.96,63.9,170.21,106.59,250.06,114.83,92.13,109.11,81.98,162.57,62.46,187.04,97.69,115.23,62.91,102.17,82.22,57.21,41.46,203.08,67.73,259.6,79.86,313.88,51.58,387.66,72.31,265.25,149.01,326.52,77.68,80.83,103.32,126.34,202.2,145.07,322.02,355.15,208.36,120.24,88.73,185.6
2001-07-07,82.07,296.44,240.65,381.64,268.28,275.85,90.96,268.3,193.64,193.18,111.75,63.31,170.67,106.3,246.3,114.95,90.8,109.28,81.38,162.69,62.6,185.86,97.64,115.55,63.18,101.05,80.1,56.93,41.23,204.95,68.95,258.5,80.1,313.62,51.18,396.09,73.6,269.07,148.75,331.83,77.7,81.23,103.89,127.14,202.22,145.16,318.36,356.22,211.6,118.22,89.66,185.17
2001-07-08,83.92,296.74,243.48,382.75,273.0,271.59,89.34,268.08,196.14,196.01,111.72,63.72,166.76,104.97,247.75,112.41,92.38,108.76,80.91,164.24,63.8,187.12,97.27,117.46,62.63,100.61,80.76,57.47,41.15,201.76,69.58,257.39,81.03,314.52,50.5,396.47,73.7,269.79,146.77,329.35,76.72,81.32,105.11,127.48,198.52,143.18,321.03,354.09,208.38,119.06,91.2,184.8
2001-07-09,84.96,294.17,244.86,384.18,270.0,272.27,90.44,266.02,193.27,196.82,111.7,63.89,165.73,104.9,246.05,111.14,91.03,109.97,78.91,164.19,62.39,188.4,97.37,117.93,62.85,101.75,81.62,57.64,41.11,202.44,69.59,257.24,80.03,309.79,50.58,400.32,73.43,271.0,145.4,329.5,76.97,81.31,104.44,126.62,198.21,141.4,324.51,350.89,210.83,119.68,91.06,184.98
2001-07-10,84.04,291.52,242.52,384.32,269.42,266.53,90.31,264.46,194.11,196.54,113.22,64.08,163.82,106.2,241.14,110.94,91.16,111.25,76.83,163.46,61.42,189.73,97.04,116.65,62.54,101.82,81.31,58.76,41.18,203.96,70.21,257.61,80.97,308.8,51.44,396.99,72.86,268.99,142.58,332.0,77.28,82.1,105.8,128.36,198.13,141.42,321.88,348.61,211.02,119.68,90.36,186.76
2001-07-11,82.45,297.75,245.84,387.74,272.28,266.41,88.7,266.95,192.3,195.59,110.67,63.59,164.12,106.39,242.53,111.35,91.21,110.28,77.25,163.72,61.77,190.85,96.53,114.17,61.32,102.8,80.54,58.67,40.86,205.57,71.02,258.41,79.94,304.52,51.24,400.94,72.88,269.26,141.55,340.23,78.33,81.67,107.1,128.02,198.78,139.69,330.95,347.4,212.17,122.26,90.16,186.07
2001-07-12,82.19,297.88,247.93,387.41,267.96,262.82,89.19,264.66,196.74,196.76,110.78,65.14,166.65,106.88,244.64,111.34,91.33,109.74,77.15,163.41,60.94,194.88,97.47,114.9,60.46,103.73,80.58,58.99,39.8,209.13,70.98,254.58,80.73,305.31,51.68,397.81,72.65,265.89,140.83,337.59,77.62,79.52,107.91,129.98,197.22,140.48,333.22,350.35,213.09,120.67,90.11,187.89
2001-07-13,82.29,292.16,246.05,387.23,272.28,262.65,90.04,264.59,196.76,194.83,113.45,66.09,165.72,108.65,243.38,112.92,91.4,111.36,76.84,160.58,60.5,192.57,96.73,113.95,60.5,104.23,79.46,59.21,39.6,211.46,70.18,250.06,79.65,308.95,52.35,398.25,72.7,262.05,141.52,332.04,77.39,77.49,106.36,129.7,197.73,140.06,330.16,350.91,212.37,121.94,88.94,187.66
2001-07-14,81.77,293.72,250.91,385.45,268.53,262.79,90.09,263.44,196.44,197.08,111.99,66.34,163.79,110.3,242.58,113.64,92.49,110.91,77.04,159.71,59.84,191.12,96.32,114.57,60.63,104.67,80.41,59.51,39.74,212.32,71.45,251.98,80.09,312.01,52.19,396.57,71.97,262.02,140.79,331.5,78.49,77.87,105.21,129.71,195.77,142.2,331.54,350.98,211.64,120.18,88.01,187.02
2001-07-15,82.25,294.36,249.26,385.77,270.08,261.25,89.84,266.01,197.68,197.92,114.15,66.16,165.24,107.92,243.4,116.22,91.96,113.58,77.7,160.12,60.79,191.49,96.49,115.07,60.3,105.2,81.06,60.33,39.87,211.26,72.26,248.32,80.7,311.75,51.94,395.75,71.02,260.84,138.58,328.3,78.46,78.41,106.34,130.94,194.1,144.35,331.08,349.29,210.46,119.4,87.02,186.76
2001-07-16,81.5,294.87,252.6,385.35,273.53,260.43,89.77,270.99,197.7,197.67,114.94,65.64,163.0,106.07,241.29,116.97,91.96,113.83,79.08,159.71,60.29,191.26,95.39,114.09,60.33,108.23,82.74,60.95,40.0,213.74,72.0,244.65,80.24,307.47,51.65,398.08,70.71,258.13,138.6,325.23,78.76,79.99,105.2,130.92,191.37,144.72,325.86,354.42,212.04,120.85,87.6,187.95
2001-07-17,80.55,298.82,253.24,388.34,272.24,264.55,90.55,271.47,195.63,198.29,115.38,65.79,162.37,106.64,243.23,117.75,91.58,112.12,80.13,160.37,59.99,194.36,96.11,113.7,59.69,109.38,82.48,59.68,39.58,210.98,71.91,241.14,79.49,309.41,50.97,396.47,69.81,258.92,139.54,324.6,78.03,78.77,104.16,130.79,190.88,145.12,324.24,359.88,213.28,118.46,88.52,188.14
2001-07-18,80.81,296.95,249.62,385.52,270.32,263.72,89.24,270.16,195.01,196.18,115.63,65.63,162.22,106.92,245.17,118.6,91.14,113.34,79.85,159.83,59.26,192.68,94.72,112.43,59.94,109.18,83.11,59.89,39.54,210.23,71.12,244.68,78.69,312.51,50.8,399.03,69.19,259.76,139.42,325.41,79.09,77.91,104.45,132.41,193.98,145.63,324.17,361.7,211.99,119.14,87.56,185.19
2001-07-19,80.2,293.94,249.32,379.45,271.99,260.8,89.8,268.38,197.38,194.91,116.44,65.72,159.99,107.93,244.83,117.74,90.75,112.83,78.78,159.29,60.35,191.79,95.16,113.0,59.36,109.16,84.27,60.52,39.91,211.79,70.55,247.52,78.86,311.49,49.65,401.55,68.7,261.43,141.71,325.88,79.92,77.08,104.13,133.09,192.11,143.17,321.39,365.66,212.56,120.63,86.94,183.53
2001-07-20,82.12,297.31,252.03,383.26,267.19,263.37,90.88,269.49,202.23,195.11,116.87,64.63,163.46,107.44,247.01,117.91,90.88,110.77,78.94,159.59,60.63,189.71,94.78,114.54,60.57,107.48,83.97,60.43,40.56,213.42,69.86,246.4,78.85,310.5,49.27,399.67,68.61,261.19,140.59,326.48,79.11,78.08,104.34,132.4,191.6,144.83,317.2,366.65,213.66,120.23,85.63,185.67
2001-07-21,81.67,300.89,246.11,383.84,267.55,268.41,89.18,265.42,204.94,194.16,116.47,65.52,162.87,108.59,246.96,117.81,90.46,111.42,78.82,156.57,61.21,191.19,93.86,113.53,61.44,110.46,83.57,60.86,40.59,213.42,69.68,244.04,78.12,310.51,49.05,396.99,68.87,259.46,139.38,330.4,79.92,78.28,103.78,131.33,193.02,143.53,321.25,366.15,213.15,120.67,85.68,184.34
2001-07-22,81.33,296.9,246.82,383.66,268.5,268.71,90.0,271.33,204.94,199.52,117.23,65.3,162.75,107.69,245.18,119.98,89.43,112.06,79.69,157.23,60.14,192.32,95.03,112.58,62.52,109.7,82.49,61.78,40.0,213.93,69.36,244.11,77.93,306.53,49.14,401.78,69.25,262.23,138.96,333.04,78.47,79.98,101.98,132.59,192.56,146.18,316.54,363.84,215.27,119.98,85.69,181.31
2001-07-23,80.85,293.28,246.87,386.33,268.74,270.89,89.81,268.64,202.67,197.7,116.99,65.14,161.64,109.28,241.96,119.39,88.02,112.49,78.68,158.5,59.16,195.33,95.56,112.03,62.5,108.53,82.57,61.76,40.36,212.87,68.97,243.5,78.07,306.83,48.6,400.48,69.53,262.07,138.25,331.69,79.25,79.33,100.97,131.26,194.16,147.81,314.86,364.54,213.81,120.97,85.57,179.92
2001-07-24,80.8,290.29,242.29,382.76,272.13,271.26,89.08,265.53,200.15,196.55,117.85,65.42,162.08,111.47,243.85,118.73,87.92,113.39,78.17,160.14,59.56,194.53,95.24,111.05,61.88,108.53,82.56,62.46,40.12,212.54,68.98,241.86,77.33,309.68,49.55,400.31,70.25,264.77,135.76,333.48,78.91,79.4,100.29,129.02,196.84,144.89,311.57,366.26,207.95,121.35,85.1,181.16
2001-07-25,80.15,289.03,246.6,381.3,272.45,269.86,88.96,264.08,198.73,193.51,119.74,64.94,164.15,111.31,245.05,117.13,87.63,113.37,78.89,160.66,59.37,196.09,95.31,110.3,62.71,106.87,81.69,62.65,40.15,212.09,68.6,242.94,77.59,307.72,50.14,403.35,70.2,263.2,134.28,337.5,79.87,79.57,99.83,127.69,198.94,144.5,312.27,367.28,203.86,120.57,83.49,178.7
2001-07-26,80.85,284.4,244.98,383.02,273.51,269.3,88.13,269.22,198.86,194.88,117.76,64.69,164.04,109.25,245.53,116.78,86.91,113.96,78.91,159.14,59.11,197.16,95.84,111.85,62.67,107.12,80.75,62.57,40.14,210.53,67.42,238.08,76.89,303.65,50.22,400.61,70.09,261.12,136.59,333.47,79.74,78.83,99.65,128.87,200.03,145.59,306.21,366.23,202.95,120.83,83.38,179.47
2001-07-27,79.98,287.61,246.77,380.65,272.15,271.37,87.12,270.35,202.81,193.74,117.78,65.03,165.65,110.41,244.47,116.45,87.19,113.08,78.97,160.59,57.89,196.33,97.5,112.86,62.57,108.31,80.38,62.32,40.51,210.63,68.52,239.59,77.35,300.88,49.52,396.52,70.23,261.84,137.82,338.92,78.76,78.88,100.47,128.22,202.52,142.68,305.68,362.98,201.45,117.94,84.84,175.79
2001-07-28,81.25,283.98,245.43,374.26,272.68,274.13,87.91,271.37,202.97,195.81,117.42,65.17,164.28,108.4,242.29,118.29,87.48,113.3,78.79,163.55,58.89,198.38,98.62,111.59,62.08,107.79,79.86,62.63,40.7,211.11,67.43,242.19,78.05,297.74,49.33,399.31,68.72,259.94,138.69,339.32,79.57,77.82,98.32,127.91,202.29,143.43,308.05,368.38,205.24,117.48,86.72,174.81
2001-07-29,81.45,281.68,247.16,381.15,276.59,278.1,89.33,266.48,204.8,195.3,118.84,63.91,164.16,109.21,242.83,118.96,87.74,113.58,77.26,162.43,58.86,198.33,98.25,110.66,61.52,109.54,78.76,62.87,40.5,210.47,67.94,245.41,77.87,293.85,49.31,400.29,69.38,257.45,139.81,336.7,78.56,77.81,100.11,128.97,204.38,144.14,308.59,368.84,202.79,118.01,86.71,174.59
2001-07-30,82.4,280.44,254.38,378.09,273.0,276.55,89.42,271.88,206.75,193.87,116.82,62.91,164.75,108.9,241.47,118.3,87.87,113.04,76.37,162.41,59.29,194.93,99.27,109.83,61.23,109.61,77.25,63.31,40.92,210.91,67.75,245.08,77.97,294.18,49.09,394.78,68.54,260.61,140.58,329.96,78.15,79.04,101.83,128.94,205.31,144.12,313.97,375.44,201.19,118.13,86.92,168.48
2001-07-31,82.82,277.02,257.89,380.34,269.25,275.17,90.54,271.3,204.04,188.95,114.89,62.95,164.45,109.74,242.1,116.46,88.43,112.55,77.07,160.8,59.82,194.9,99.89,109.32,62.1,109.18,74.93,64.04,40.62,210.11,67.31,245.14,76.25,296.32,48.52,393.2,68.94,262.97,141.35,334.9,79.02,78.98,100.95,130.42,203.39,144.77,317.0,379.9,204.44,117.63,86.72,169.14
2001-08-01,82.49,277.0,259.0,374.41,270.88,277.3,92.59,274.49,202.92,188.12,116.25,63.11,163.22,109.09,243.73,116.91,88.23,111.61,76.48,161.12,58.72,194.11,99.64,108.21,62.2,109.04,74.47,63.77,40.02,210.5,66.82,247.89,76.12,298.99,48.15,395.84,69.34,263.91,140.91,338.67,79.33,79.7,101.67,129.82,206.04,147.22,319.58,373.05,204.58,115.19,87.1,171.33
2001-08-02,84.03,279.29,254.98,375.94,271.8,278.92,93.27,271.39,204.12,188.13,115.57,62.75,158.72,110.13,243.59,117.43,88.71,112.58,76.75,159.94,58.04,194.74,100.31,108.76,61.6,107.11,73.39,63.92,39.65,211.37,66.03,248.22,76.91,302.96,48.33,400.9,69.92,266.62,139.76,339.95,79.36,79.73,100.27,127.81,203.75,149.99,317.47,369.47,204.02,114.08,87.57,171.61
2001-08-03,85.56,278.61,252.33,374.53,274.03,276.3,93.66,272.57,203.34,187.84,113.24,62.9,159.73,108.09,244.06,116.35,88.56,110.43,77.75,159.01,58.03,192.48,99.37,107.56,61.58,106.65,73.72,64.25,39.44,212.16,65.68,251.78,76.86,299.37,48.04,403.69,69.46,267.68,137.75,344.03,79.64,80.45,101.36,129.02,204.38,148.05,319.15,370.85,207.92,113.83,87.86,171.32
2001-08-04,84.62,280.54,250.79,375.86,272.41,276.12,95.37,275.11,203.18,186.03,113.22,64.31,158.72,109.31,237.74,116.67,86.72,112.09,78.47,158.92,57.38,192.98,99.3,106.46,61.87,107.28,73.68,64.26,39.38,215.16,66.51,253.36,77.17,296.78,47.06,400.33,68.73,271.38,139.78,341.76,79.7,81.1,102.97,130.52,203.02,143.34,315.22,376.45,209.24,114.99,87.93,169.95
2001-08-05,85.44,282.92,250.17,368.92,270.63,276.69,95.34,273.21,204.26,186.63,112.51,64.47,160.46,108.13,234.26,116.55,86.79,112.01,78.54,159.63,57.26,191.62,99.4,105.12,60.75,106.72,72.98,63.0,39.33,213.74,66.11,251.73,77.82,295.54,47.16,399.55,68.48,267.97,140.91,337.84,78.99,80.49,102.66,129.61,200.64,143.08,316.0,380.0,208.9,114.94,90.23,167.35
2001-08-06,85.9,288.0,251.18,369.56,268.3,278.46,93.99,275.14,204.25,184.62,112.01,64.13,156.99,106.34,233.2,116.58,86.57,115.1,77.89,160.36,57.06,192.77,99.63,105.0,61.54,106.59,72.6,64.14,38.86,215.96,65.92,251.48,76.89,290.01,46.28,397.55,68.52,268.96,140.81,337.64,78.4,80.12,102.52,130.11,199.32,145.43,314.54,384.69,209.23,114.3,89.83,166.57
2001-08-07,85.76,287.09,252.31,372.55,268.29,276.13,93.96,269.91,207.72,184.41,112.79,65.12,158.5,106.78,233.36,116.11,86.58,115.7,78.32,160.47,55.62,191.96,99.56,105.5,62.02,106.95,71.34,64.48,38.58,220.34,66.45,250.75,76.83,293.59,46.57,407.82,68.64,265.1,143.79,337.11,79.06,79.66,103.15,131.08,198.36,144.59,317.06,386.61,209.01,113.33,90.16,165.01
2001-08-08,86.01,288.82,252.21,371.49,268.91,277.04,94.41,266.06,207.04,181.07,113.34,65.82,155.93,106.97,232.94,116.23,88.65,115.86,78.62,162.12,55.42,191.93,98.86,106.49,61.95,107.88,73.41,64.79,39.03,219.73,66.57,252.48,77.52,294.78,46.4,406.25,68.21,269.25,143.95,335.98,78.31,80.17,102.89,131.7,194.76,146.43,318.08,390.01,209.96,114.93,88.14,166.28
2001-08-09,87.51,289.57,254.69,368.46,264.63,276.0,92.31,264.19,212.35,181.02,113.11,65.11,157.59,108.37,232.06,114.46,89.57,114.51,80.32,162.36,55.09,192.11,100.4,105.36,61.76,107.62,72.96,64.69,38.87,218.89,66.27,252.27,77.39,297.3,46.4,395.93,67.67,272.06,143.92,339.74,77.92,79.42,101.96,130.91,193.8,148.67,318.83,395.15,207.93,116.19,89.44,168.17
2001-08-10,86.8,290.8,255.74,362.98,268.3,280.08,93.45,264.33,209.37,182.61,112.14,64.55,155.97,108.92,230.72,114.27,90.76,113.63,81.06,163.89,55.31,193.98,101.05,105.63,62.68,105.84,73.79,65.06,38.98,218.9,65.01,247.52,79.35,297.58,46.95,401.73,67.82,275.65,143.53,339.35,77.57,80.46,101.16,131.65,193.81,147.94,318.73,390.37,206.69,117.71,88.43,166.64
2001-08-11,87.55,287.83,256.09,363.27,264.57,277.69,93.04,263.8,210.9,183.66,112.38,64.69,155.76,109.8,232.59,114.3,90.82,113.64,80.8,167.29,55.25,195.13,99.54,106.2,62.26,105.83,74.57,66.27,38.95,218.97,63.99,251.11,79.28,295.43,47.35,403.02,68.98,274.72,145.62,338.7,78.29,80.27,100.84,130.78,194.5,148.7,314.06,389.14,206.92,118.36,88.69,166.58
2001-08-12,89.32,286.08,256.72,361.9,267.0,279.39,92.22,263.72,211.89,185.21,112.72,65.04,157.4,109.9,232.01,114.94,90.63,116.57,80.69,166.54,55.65,195.63,98.45,107.56,61.89,104.75,75.04,66.2,38.32,217.66,63.22,252.27,78.89,291.08,47.02,401.95,68.7,272.86,145.97,341.52,77.25,80.5,103.26,130.45,192.35,148.27,316.02,387.8,203.91,118.63,87.89,167.08
2001-08-13,89.98,285.02,258.16,359.16,267.74,274.75,92.11,264.89,212.02,186.3,112.3,64.43,160.83,111.03,234.66,115.29,90.37,117.79,81.09,167.94,54.8,197.04,99.42,107.94,62.14,105.21,75.45,64.92,38.65,220.44,63.53,250.18,78.38,292.71,47.26,407.57,69.31,271.62,146.07,338.86,77.77,80.14,102.03,129.81,191.87,147.67,321.89,387.22,201.73,118.16,88.82,166.2
2001-08-14,90.05,284.13,256.47,358.51,271.45,277.44,91.0,268.93,211.66,185.13,113.43,64.51,160.7,110.48,236.07,116.12,91.06,119.41,81.49,167.7,53.61,196.07,100.9,108.2,63.6,105.82,75.34,64.62,38.4,220.05,62.99,253.27,78.69,293.15,47.89,408.88,69.64,272.5,149.89,339.28,77.48,82.02,102.93,129.48,188.56,148.75,321.22,378.45,202.8,118.57,88.47,166.41
2001-08-15,90.05,282.6,254.65,364.16,267.08,275.96,90.81,266.97,211.9,182.91,113.94,64.46,160.19,110.3,239.72,115.84,91.66,122.21,79.7,166.34,53.75,193.76,100.81,110.01,63.88,105.89,74.72,64.65,38.73,223.17,63.14,255.91,79.28,295.22,47.81,406.36,70.84,273.74,150.17,335.27,76.85,81.37,102.36,129.25,188.11,148.45,322.24,378.27,201.74,117.6,87.56,168.37
2001-08-16,89.55,282.89,256.29,361.26,272.99,276.72,89.94,264.4,214.6,179.69,113.52,65.32,159.54,110.41,241.03,113.68,91.84,123.02,78.82,168.42,55.25,194.26,100.49,108.07,63.34,105.61,74.22,63.57,38.98,221.82,63.23,255.2,81.25,294.93,48.68,407.62,71.83,274.71,152.52,333.06,76.24,81.49,102.31,129.57,188.81,148.53,321.23,374.55,200.4,117.21,87.41,169.26
2001-08-17,91.88,281.67,257.14,356.59,270.85,278.76,90.07,268.46,215.89,179.75,113.51,65.13,159.18,111.23,237.21,114.33,92.8,125.63,79.43,167.16,55.82,196.09,101.63,106.36,62.55,105.43,74.24,63.27,38.66,222.34,63.03,257.13,82.34,298.49,48.76,403.94,70.88,276.69,151.08,338.08,76.81,81.25,101.95,128.7,192.26,150.03,317.44,380.13,197.55,118.42,86.62,170.18
2001-08-18,92.91,284.11,260.4,352.81,269.88,280.04,90.41,269.32,214.08,182.48,115.23,64.95,158.24,111.82,233.19,115.69,94.5,125.01,79.71,169.43,55.49,195.78,101.96,106.92,61.78,104.99,73.58,63.39,38.82,226.1,62.93,257.78,81.68,304.13,48.59,402.85,70.74,278.48,150.89,338.17,76.96,80.23,101.26,126.76,193.8,149.63,318.27,381.23,197.61,118.08,84.53,173.35
2001-08-19,95.09,284.47,258.09,349.22,268.49,276.22,92.47,271.36,218.26,182.97,114.93,65.68,156.86,112.51,230.18,116.27,93.35,123.9,78.82,171.69,54.66,196.78,101.93,106.25,61.8,104.52,73.25,62.84,38.94,220.88,62.58,253.09,81.43,306.58,49.16,396.17,70.07,278.93,149.66,341.8,77.95,80.1,100.5,126.63,194.98,151.69,315.74,382.78,197.97,116.82,85.57,172.83
2001-08-20,96.34,280.74,255.79,349.96,271.19,274.95,92.03,271.56,216.74,186.55,114.46,65.94,158.43,112.31,228.4,116.84,93.41,123.33,78.45,170.81,55.41,197.0,101.78,107.25,61.74,104.91,73.93,62.53,38.63,221.54,62.08,254.53,81.24,308.29,49.74,398.16,68.57,282.25,148.4,347.07,77.91,79.41,100.44,126.06,197.23,151.55,316.64,386.33,200.19,118.05,84.57,174.29
2001-08-21,96.8,281.87,252.98,345.18,270.09,278.03,93.48,267.78,215.97,182.97,116.14,66.67,158.15,113.48,228.75,117.83,94.25,124.22,78.23,170.05,56.41,197.65,102.09,106.99,61.21,103.72,75.37,61.92,38.46,221.42,62.73,258.64,80.97,302.98,49.93,398.2,69.71,282.64,146.74,344.43,78.14,78.08,99.92,126.11,195.68,151.9,319.49,380.67,199.02,117.46,83.26,174.88
2001-08-22,96.64,277.96,256.12,345.48,275.03,277.74,92.35,270.51,213.52,185.99,117.05,66.77,156.98,112.84,227.51,118.52,93.83,124.33,78.95,168.82,57.17,197.5,104.02,106.65,61.64,104.35,75.19,61.8,38.82,221.02,62.54,260.9,79.96,307.02,49.84,401.84,69.71,281.43,147.96,345.74,78.6,77.0,98.33,126.6,196.55,153.28,317.21,379.71,201.33,118.25,84.2,174.45
2001-08-23,97.39,278.85,254.2,343.49,277.46,274.94,93.91,272.1,211.85,187.54,117.75,67.4,155.6,110.52,228.74,117.49,93.48,125.42,78.98,168.69,57.49,199.29,102.93,107.86,60.66,103.02,75.21,62.08,39.33,220.95,62.22,264.18,79.9,309.01,49.97,405.31,69.35,276.86,150.55,342.1,78.05,77.55,98.88,125.34,196.43,151.34,316.09,385.43,202.4,120.07,84.61,175.34
2001-08-24,97.82,283.23,254.3,348.61,277.0,270.47,94.27,273.76,213.65,187.43,116.57,67.81,154.7,110.86,227.52,119.34,93.04,125.56,77.24,167.73,58.09,200.29,102.05,106.92,60.25,100.96,74.99,61.66,39.0,219.7,61.72,262.51,79.29,307.2,49.69,406.33,69.83,276.03,148.12,346.08,76.86,77.39,98.71,125.26,198.02,150.9,318.33,386.53,203.07,121.62,83.16,177.13
2001-08-25,97.26,286.82,251.92,347.31,272.5,269.39,93.9,276.07,211.21,191.2,117.13,67.78,155.14,109.93,232.86,118.69,92.64,124.72,75.97,165.38,58.19,198.08,101.46,106.45,60.36,100.66,74.54,62.82,38.81,221.43,61.75,262.92,78.9,304.97,49.4,403.85,69.47,276.25,148.44,346.46,76.17,78.34,97.64,127.5,200.05,149.27,315.95,390.8,200.78,123.12,82.21,181.33
2001-08-26,96.08,287.04,248.88,347.83,271.16,271.15,93.26,280.5,210.18,191.63,115.78,67.88,152.38,110.43,232.75,117.56,93.69,126.22,76.22,167.56,57.37,197.57,99.87,106.77,60.47,100.21,74.97,62.97,38.92,220.53,62.02,266.01,79.68,308.7,49.54,399.03,69.89,277.58,149.83,343.8,76.83,78.51,97.18,127.33,198.09,148.13,319.86,386.98,199.33,123.78,81.28,180.89
2001-08-27,94.51,291.18,247.43,350.02,267.59,270.13,92.87,283.65,210.71,193.57,115.3,68.07,152.23,110.42,233.57,116.9,92.09,125.53,76.44,166.26,58.34,200.39,100.59,106.96,60.87,99.74,75.8,63.51,39.38,223.42,61.65,270.38,78.76,312.74,49.45,401.05,70.1,280.91,147.76,347.83,76.73,78.7,97.74,125.26,196.69,145.62,322.33,383.91,200.33,124.05,81.63,178.41
2001-08-28,94.54,288.43,247.9,350.32,267.76,272.3,92.18,284.71,211.02,194.78,113.75,67.53,153.07,112.28,234.97,117.1,92.55,125.73,76.03,164.7,57.47,200.16,99.61,106.56,61.12,99.72,74.65,63.34,39.92,223.15,61.51,271.42,77.99,314.34,49.02,404.55,69.53,278.1,147.76,343.82,77.98,79.28,98.23,126.0,199.23,145.35,323.06,380.69,199.81,123.13,81.51,180.79
2001-08-29,94.18,284.15,248.83,347.33,265.7,269.46,95.36,280.94,211.07,197.6,115.35,67.89,149.49,112.28,231.64,116.4,92.64,126.19,76.54,163.97,57.48,205.91,99.47,107.82,62.11,99.46,74.47,62.37,39.66,226.85,61.78,272.19,77.13,315.34,49.02,402.4,68.96,280.45,145.4,341.4,77.76,77.37,98.05,127.62,199.97,147.53,324.81,378.47,198.86,120.09,81.81,181.53
2001-08-30,93.64,286.9,249.6,346.61,263.81,269.49,95.37,285.74,212.79,193.48,115.87,67.79,148.41,114.23,232.86,115.53,92.61,125.94,75.99,165.0,58.25,205.64,100.2,107.87,63.01,99.04,73.72,61.95,39.58,231.2,62.04,272.02,76.75,318.69,49.15,395.37,69.44,283.39,145.06,341.61,77.67,77.67,97.26,127.59,199.27,149.49,318.12,380.66,203.15,121.09,81.97,180.59
2001-08-31,93.41,292.63,246.34,345.71,264.94,267.02,95.27,286.48,214.28,193.89,118.08,67.54,148.73,112.78,231.44,117.18,92.76,124.54,75.99,165.41,58.61,202.36,100.86,107.74,62.5,97.69,74.88,61.67,39.57,228.91,63.13,273.62,76.1,316.16,49.81,389.94,70.6,280.42,145.68,341.97,77.24,76.99,98.55,125.6,202.45,150.33,320.14,381.03,203.61,121.0,82.98,181.01
2001-09-01,92.85,291.29,244.66,341.62,259.92,267.05,93.49,285.03,217.39,195.34,117.8,67.44,148.5,113.7,232.53,116.99,91.34,123.79,74.92,165.89,59.23,198.88,101.18,107.09,63.14,98.66,75.41,62.22,39.38,231.85,63.4,273.23,75.59,319.09,49.88,389.5,70.79,281.66,143.12,338.26,76.95,77.95,98.71,125.79,204.48,149.29,318.59,381.13,206.64,121.26,83.23,180.04
2001-09-02,92.67,291.16,247.46,340.16,266.85,265.95,93.49,288.02,218.53,198.16,116.92,66.21,146.54,114.37,234.0,116.96,90.26,123.81,75.87,168.63,59.59,200.89,100.32,107.59,62.76,97.45,74.71,62.37,39.27,236.38,63.02,271.8,74.8,319.36,49.81,391.78,70.74,282.28,139.83,335.29,78.27,79.25,99.18,123.45,204.03,147.82,321.74,381.62,207.83,121.3,82.58,179.33
2001-09-03,93.43,290.8,246.52,343.66,270.4,264.4,94.06,293.95,220.29,201.31,117.35,66.57,147.57,116.92,232.34,115.81,89.77,123.85,76.78,168.88,58.14,203.56,99.82,107.53,63.13,97.71,75.94,61.7,39.43,238.53,63.88,275.19,74.18,321.96,49.45,389.92,71.27,285.83,140.21,339.5,77.74,79.42,97.66,123.1,204.81,146.38,318.59,384.07,206.36,121.81,81.41,180.55
2001-09-04,92.78,291.75,247.41,345.18,263.18,263.05,94.22,297.37,220.35,203.94,117.4,65.86,148.15,115.81,231.29,116.14,91.01,122.37,76.45,167.7,56.73,203.85,98.42,106.48,63.32,97.14,75.49,61.85,39.75,240.01,63.48,276.42,74.89,319.98,49.03,384.13,72.19,282.71,138.37,346.5,78.43,80.2,96.64,122.55,208.09,147.59,322.84,391.36,204.85,120.71,82.81,180.31
2001-09-05,94.4,292.76,247.45,343.95,264.12,262.62,92.24,298.94,220.11,202.09,118.33,65.01,148.65,115.67,235.87,114.95,91.48,120.73,76.43,170.61,56.99,205.49,96.97,105.56,63.59,98.02,73.66,61.84,39.63,239.04,62.97,275.07,75.0,321.28,49.9,390.85,72.53,282.94,138.92,347.13,78.29,78.31,96.95,122.52,206.37,148.66,321.33,388.77,205.5,120.98,83.63,178.45
2001-09-06,94.39,289.91,246.52,344.44,262.47,259.34,91.51,298.12,222.22,202.46,118.74,64.13,151.77,117.17,236.09,115.15,91.65,120.75,76.39,170.41,56.53,207.06,96.12,104.75,62.73,99.76,73.93,61.65,40.32,238.6,62.72,278.34,74.97,330.09,50.77,392.44,72.2,284.18,141.86,347.42,77.78,78.97,96.18,122.56,207.12,150.3,319.35,394.27,207.79,122.2,85.0,174.33
2001-09-07,95.04,287.31,245.92,348.34,264.02,258.74,90.9,294.02,227.04,202.65,118.46,63.47,152.1,115.87,236.22,114.84,91.66,121.09,76.19,171.13,57.3,207.74,95.99,104.06,62.61,99.67,73.56,60.45,39.87,235.72,62.98,284.6,74.95,328.89,50.2,395.14,73.15,282.4,139.02,346.7,78.45,79.37,96.8,121.91,207.71,149.8,324.7,401.48,208.01,121.39,83.93,176.08
2001-09-08,95.44,291.71,243.37,349.03,263.31,258.35,91.18,292.26,226.21,204.52,118.53,64.47,149.98,115.63,238.91,113.19,91.65,122.31,76.02,172.02,57.45,211.33,94.94,103.55,61.83,99.71,74.04,59.87,40.35,233.33,63.25,284.94,75.8,334.61,49.77,398.66,75.53,284.54,135.77,347.39,78.49,78.95,96.57,121.18,207.74,150.38,325.77,399.11,209.04,120.79,84.27,177.93
2001-09-09,95.84,286.71,244.29,345.83,263.71,256.99,92.01,291.89,224.22,202.11,119.69,64.77,149.57,115.51,242.28,111.19,92.72,122.55,77.47,171.69,57.81,212.89,95.53,102.02,63.3,98.2,74.45,60.23,40.99,233.98,63.33,279.6,75.61,330.98,48.97,395.32,75.08,284.31,134.4,343.35,78.46,78.7,94.99,121.32,209.21,149.96,330.6,397.59,210.26,120.33,84.58,178.89
2001-09-10,94.55,288.41,248.33,348.42,262.63,260.11,92.86,293.53,223.53,201.82,120.55,65.59,149.99,118.69,245.6,110.87,93.05,121.9,78.65,172.51,57.21,213.31,93.41,102.98,62.13,100.08,75.18,60.09,40.92,234.98,64.24,274.19,74.89,333.09,49.32,391.76,74.68,289.08,134.14,350.2,80.18,78.36,94.69,119.84,208.72,148.95,333.65,398.41,209.09,118.45,84.35,180.67
2001-09-11,94.08,285.87,245.49,350.24,263.28,257.51,93.81,291.33,225.1,199.97,118.9,66.02,151.92,118.71,247.97,113.38,92.58,121.82,77.74,171.35,56.52,212.61,93.07,105.2,61.94,100.52,76.4,60.02,41.13,237.07,65.26,274.79,74.89,333.92,49.63,396.64,76.26,291.03,134.95,351.11,80.84,79.48,94.65,119.01,210.06,148.33,328.89,402.61,208.71,118.89,85.45,179.25
2001-09-12,94.65,286.13,243.49,354.55,262.46,255.62,95.13,290.56,224.1,199.52,119.56,65.42,155.3,119.41,250.99,113.85,93.15,120.67,78.74,171.81,56.58,213.96,92.39,104.74,62.52,101.47,75.2,59.58,41.38,234.75,64.91,273.31,74.58,334.41,49.07,390.75,76.84,292.31,134.29,353.03,81.73,79.09,93.96,118.32,213.9,146.89,331.41,402.37,206.99,119.62,85.15,177.01
2001-09-13,95.2,286.26,245.11,354.1,265.48,258.33,94.12,287.11,228.03,202.49,119.83,65.22,154.97,120.4,249.62,114.42,92.9,120.16,78.3,172.09,56.49,216.64,92.63,105.32,62.27,103.04,75.62,58.35,40.61,231.64,64.62,274.13,74.77,337.28,48.77,384.56,77.89,288.83,135.83,353.91,81.66,79.18,94.41,119.75,213.81,147.28,336.35,394.49,208.69,119.59,85.33,173.04
2001-09-14,96.88,287.03,246.48,350.64,265.27,257.95,94.15,287.0,232.29,201.4,119.65,64.97,157.72,120.91,252.99,112.2,92.14,119.72,77.9,170.35,56.28,216.7,93.46,105.86,62.81,104.28,75.03,57.24,40.78,228.04,63.5,272.2,76.04,333.94,49.36,392.39,77.86,287.7,135.97,351.64,81.11,79.37,94.49,121.39,211.43,147.28,340.93,395.78,207.71,120.62,84.78,171.56
2001-09-15,97.43,288.61,252.18,349.85,267.19,260.31,94.72,287.13,229.99,204.96,119.86,65.86,158.09,120.66,249.42,112.9,93.77,118.1,78.19,167.63,56.84,217.88,94.06,107.16,62.36,104.04,74.49,57.47,40.83,230.95,63.59,273.71,75.95,334.45,48.97,387.92,79.06,296.07,136.01,351.79,80.31,79.96,95.88,122.76,210.92,148.0,343.11,391.61,211.03,122.48,83.88,169.91
2001-09-16,96.81,289.93,247.46,348.94,266.23,260.46,94.46,285.22,228.63,204.76,118.64,65.87,157.81,122.62,254.25,111.58,92.93,117.88,79.79,170.48,56.39,219.01,94.23,107.09,62.48,105.24,75.83,58.47,40.64,229.52,63.58,271.77,76.44,339.59,49.21,390.27,80.98,296.9,134.28,353.42,81.32,79.29,96.02,122.86,210.25,148.86,343.98,389.78,212.03,121.32,85.63,170.28
2001-09-17,96.19,294.36,248.3,351.08,268.89,263.74,95.6,281.17,229.13,203.34,118.57,66.2,159.15,121.98,256.46,110.75,94.36,119.6,80.28,171.25,56.04,218.4,94.76,106.17,63.45,105.25,76.31,58.88,40.84,227.28,63.86,271.67,76.23,339.55,49.48,387.5,80.45,293.01,134.8,353.69,80.95,78.85,96.92,123.6,214.28,150.06,337.7,386.65,212.73,121.98,85.83,171.29
2001-09-18,96.49,291.65,244.71,350.98,271.55,265.9,96.88,278.24,231.36,201.6,117.61,66.57,158.23,121.44,254.07,112.26,95.18,121.78,81.29,171.66,55.65,220.36,95.2,106.11,63.01,105.68,76.82,58.58,39.76,229.75,65.03,270.95,75.44,338.48,48.9,382.65,79.15,292.41,133.69,356.58,80.72,78.82,96.45,123.03,216.6,151.58,342.17,388.88,212.6,119.69,86.66,170.01
2001-09-19,96.35,289.4,245.13,349.66,273.64,262.61,96.1,275.61,228.18,201.35,117.55,66.84,157.58,120.27,256.26,112.15,96.49,122.53,81.21,172.53,56.17,217.85,94.74,105.06,63.06,104.73,76.93,58.19,39.62,231.49,64.49,269.36,75.37,340.11,48.93,378.78,78.89,287.08,132.84,357.91,82.11,79.26,95.91,122.76,214.65,153.76,336.3,398.1,213.23,119.29,87.73,168.17
2001-09-20,98.19,286.38,244.66,344.22,273.81,265.16,95.65,277.94,226.48,199.8,118.7,66.66,157.72,120.45,262.56,111.92,95.6,121.63,81.15,172.69,56.42,215.34,94.81,105.06,62.12,102.88,77.3,58.2,39.83,233.51,64.19,272.6,75.25,338.52,50.19,374.09,78.27,286.03,134.3,359.39,82.39,78.56,94.76,123.92,214.97,153.79,339.43,391.01,213.08,120.79,87.84,167.48
2001-09-21,97.37,289.22,245.69,340.49,272.69,265.49,97.45,279.72,227.47,205.05,119.24,66.29,158.87,120.42,259.82,113.2,96.48,122.17,81.64,172.15,55.75,213.88,94.66,106.53,62.57,101.35,78.01,57.76,39.81,234.39,64.48,271.26,76.15,337.6,50.57,370.73,78.86,282.4,136.96,365.36,82.17,78.79,94.65,124.6,215.78,152.63,335.89,392.69,215.47,118.56,86.95,172.24
2001-09-22,98.29,290.57,247.6,337.86,275.13,264.21,96.82,280.19,225.04,200.8,120.26,67.15,159.63,121.02,257.93,111.75,96.57,122.96,81.83,172.8,54.68,215.61,94.36,106.22,61.75,100.13,77.6,57.6,40.12,231.85,64.12,274.41,76.92,334.06,50.56,374.11,78.59,276.77,137.07,359.16,82.3,79.65,94.83,124.42,215.68,151.05,335.83,401.65,212.54,117.7,88.01,172.24
2001-09-23,99.33,288.19,249.99,336.3,271.9,266.53,95.41,280.7,226.64,200.79,121.2,66.95,159.05,121.88,260.04,112.73,96.57,121.43,81.54,174.71,55.42,216.41,93.12,105.74,61.89,98.78,75.68,58.16,40.54,233.63,63.26,275.88,77.46,333.48,50.49,370.77,77.88,278.57,136.2,359.07,84.6,81.27,94.36,122.65,216.95,148.16,334.82,398.15,212.9,117.75,88.88,173.15
2001-09-24,99.82,288.81,251.46,337.13,270.05,265.44,95.05,279.91,224.77,202.3,119.06,66.17,160.09,122.68,254.5,112.63,94.34,122.67,82.08,174.02,56.08,216.36,92.46,105.17,60.86,100.26,74.94,57.97,39.98,235.63,63.08,277.6,77.16,335.11,49.92,374.69,78.03,280.03,137.82,360.05,85.64,80.38,93.89,123.08,214.28,148.02,330.03,398.92,213.14,118.11,87.59,173.02
2001-09-25,97.93,291.71,248.2,341.09,271.88,263.79,95.41,282.29,226.66,202.05,118.9,66.55,159.17,121.13,254.48,113.86,95.06,123.01,81.37,174.68,55.99,218.3,92.85,106.19,61.13,99.98,74.55,58.15,39.81,234.36,63.56,273.52,76.33,340.92,49.41,374.75,78.29,276.37,138.11,366.92,85.88,79.15,92.16,122.32,214.55,149.61,336.52,396.16,214.43,119.8,88.68,171.1
2001-09-26,99.86,288.87,252.75,343.88,270.37,260.97,95.41,285.11,226.75,198.73,120.26,66.59,159.35,122.08,256.04,112.59,95.4,123.47,82.91,172.7,54.94,216.24,92.16,105.66,62.4,99.67,74.32,58.7,39.45,232.53,64.83,269.68,76.85,335.08,48.96,370.8,80.1,273.88,139.22,367.61,86.22,77.45,92.77,123.65,214.43,149.89,334.73,393.16,215.2,118.62,88.96,174.47
2001-09-27,101.11,291.18,253.2,341.91,270.56,266.21,95.55,283.07,226.65,198.74,120.29,66.95,163.43,123.69,256.72,110.65,93.85,125.41,83.52,176.0,54.82,216.41,91.38,106.49,63.33,99.65,73.44,58.67,39.99,233.89,64.99,275.76,77.42,332.96,48.75,372.26,81.12,276.15,138.33,371.47,84.58,78.29,92.49,123.31,216.73,152.09,338.3,394.64,216.38,118.43,89.28,173.35
2001-09-28,101.33,294.48,251.14,339.19,267.85,265.39,95.42,279.59,229.76,196.01,120.53,66.34,162.48,123.47,254.22,111.72,92.69,125.12,85.48,174.77,54.49,212.54,90.44,108.62,63.21,99.47,72.43,59.33,40.74,234.35,65.99,279.34,77.69,336.64,49.48,377.26,80.08,274.23,137.0,369.67,85.04,78.26,92.17,123.2,218.09,152.89,336.44,392.45,213.68,114.82,89.58,173.08
2001-09-29,100.79,294.6,249.64,343.12,266.03,267.78,95.03,281.71,229.92,195.57,120.68,66.57,163.95,124.52,255.53,112.55,91.56,121.7,85.8,173.02,53.91,209.53,90.78,109.39,63.41,99.89,72.9,59.15,41.27,232.33,66.86,275.13,78.01,338.82,50.14,376.29,80.72,274.67,136.98,372.75,86.87,79.07,90.75,124.57,221.51,156.3,337.42,390.98,210.41,115.74,90.01,172.63
2001-09-30,99.93,296.16,246.3,342.53,265.89,260.41,95.65,280.61,233.67,195.66,119.61,66.7,164.75,125.78,252.16,111.86,91.13,122.17,85.16,175.22,54.29,212.74,91.74,108.94,62.5,102.42,73.66,58.97,40.75,230.81,67.41,271.03,78.29,343.15,50.54,380.07,78.62,275.21,139.59,378.52,88.43,78.69,92.35,124.9,222.73,157.63,340.45,394.41,211.59,114.69,88.19,174.46
2001-10-01,100.9,294.32,247.96,346.97,268.85,259.66,96.28,277.13,232.16,194.69,119.52,66.69,167.44,124.86,254.13,110.02,89.78,123.09,85.14,173.84,54.1,212.79,92.66,109.46,62.22,102.27,73.42,58.7,40.68,234.31,67.29,269.01,78.39,341.88,50.98,379.2,78.2,278.63,138.25,383.8,87.25,79.54,92.88,124.27,221.08,156.99,337.6,391.19,208.76,115.11,88.77,170.58
2001-10-02,100.94,295.88,247.2,346.44,267.91,259.12,97.31,278.74,233.37,195.48,117.41,67.89,167.62,126.05,257.78,110.5,89.16,121.72,84.39,176.69,54.12,214.26,92.45,108.02,60.95,101.19,72.93,59.05,41.18,231.75,67.89,264.72,78.75,341.99,49.84,378.23,77.9,280.61,135.99,386.69,87.72,79.82,93.09,126.21,223.07,158.58,341.02,389.47,208.59,116.13,88.62,169.69
2001-10-03,102.04,293.78,245.47,347.39,265.81,260.22,98.52,277.99,230.69,192.93,117.99,68.07,167.71,125.54,253.57,109.84,89.22,120.26,84.71,179.51,53.83,213.89,92.97,108.75,60.86,102.92,72.83,59.4,41.62,229.38,68.0,267.65,78.28,343.17,49.19,375.0,77.51,282.84,134.65,390.16,89.03,80.23,92.36,125.06,224.88,160.97,340.51,386.31,208.58,117.92,88.36,169.13
2001-10-04,101.57,298.49,244.0,351.44,270.11,261.45,97.77,277.84,229.98,193.38,120.03,68.41,170.11,127.33,254.08,109.29,88.08,121.56,85.17,179.64,53.62,213.55,93.98,109.58,60.3,103.27,72.87,59.09,41.51,230.59,68.11,268.05,78.85,346.5,48.77,369.85,77.62,277.51,134.28,389.55,89.2,81.01,92.08,126.7,226.75,160.93,345.19,386.02,204.15,118.57,87.26,170.76
2001-10-05,99.14,295.09,243.86,348.77,271.14,262.11,97.69,276.82,229.37,189.71,120.43,68.26,166.62,126.32,255.89,108.84,88.47,121.24,85.33,180.77,53.53,214.48,94.16,111.84,61.87,102.59,74.19,58.26,41.6,228.64,67.92,270.38,79.38,347.77,48.73,367.92,76.82,276.58,134.0,394.37,90.27,81.54,92.04,127.71,225.09,160.55,343.02,387.06,204.13,118.83,86.46,171.85
2001-10-06,98.93,298.36,244.82,347.75,269.79,258.0,97.54,278.01,232.24,191.0,118.72,69.14,166.08,124.66,257.42,108.95,88.07,122.08,85.75,181.5,52.76,216.76,94.27,112.7,62.04,102.18,73.95,58.73,41.31,231.29,67.81,273.33,79.79,352.69,48.64,366.8,76.64,280.76,136.18,386.07,89.69,81.32,92.4,128.9,217.78,157.27,338.83,392.8,205.52,119.08,84.92,173.36
2001-10-07,100.61,298.66,243.32,352.64,271.44,261.53,98.17,279.7,232.3,190.02,120.1,70.66,169.07,124.91,258.16,109.44,89.29,121.31,86.4,180.37,52.12,217.82,94.37,112.7,61.37,100.16,73.76,58.21,41.63,229.79,67.82,272.2,78.96,347.74,47.85,367.76,76.26,282.48,133.8,385.63,90.29,80.8,92.47,128.3,214.32,158.4,335.33,391.44,203.88,118.66,85.25,173.04
2001-10-08,101.21,296.04,245.09,347.96,269.04,260.43,97.64,284.34,229.86,191.38,118.82,70.76,170.98,125.66,256.37,107.57,88.45,120.38,86.66,181.03,52.01,221.39,95.39,113.91,61.78,100.79,74.9,59.06,41.91,233.93,68.82,269.3,78.22,353.76,46.82,366.92,75.89,281.05,133.51,384.21,89.91,81.19,91.36,126.84,212.75,157.12,333.92,383.32,204.31,118.65,83.8,173.55
2001-10-09,99.88,291.39,248.38,345.3,272.58,256.55,97.26,285.72,228.86,191.51,118.56,70.74,172.02,127.55,252.07,108.19,88.72,119.92,87.5,182.71,52.25,220.31,95.61,113.89,61.33,101.75,73.56,59.56,42.52,233.11,68.7,265.88,78.16,356.78,47.29,365.31,76.31,277.1,132.61,382.42,91.58,81.47,91.08,125.77,207.66,157.35,338.2,387.95,204.29,116.74,84.44,170.36
2001-10-10,99.54,298.82,246.87,347.47,274.94,258.81,98.03,287.69,229.42,193.09,117.8,70.65,173.18,127.37,248.8,107.85,90.12,121.11,88.76,182.22,51.82,218.4,97.21,114.8,61.48,101.89,73.87,59.48,41.9,234.69,68.34,267.29,78.12,357.99,46.68,366.38,76.58,273.61,131.33,380.57,93.31,82.19,92.19,124.91,210.65,156.16,342.17,382.32,206.64,115.98,84.51,172.23
2001-10-11,100.25,298.4,246.03,345.56,274.33,258.46,97.0,286.37,227.57,192.39,117.48,69.38,173.23,128.95,251.72,106.97,90.65,122.58,88.11,185.05,51.92,219.81,98.68,114.39,61.94,101.18,73.45,59.72,41.98,232.87,68.22,263.52,79.74,358.98,47.24,361.26,77.76,271.42,130.99,383.65,94.03,82.53,92.08,124.55,209.36,155.62,344.83,381.59,205.24,116.18,85.56,175.18
2001-10-12,99.65,300.4,245.32,351.62,273.02,257.91,97.8,286.12,231.6,191.82,118.04,68.71,173.55,129.88,247.12,105.79,89.65,126.05,88.23,184.81,51.97,221.69,98.54,114.3,63.13,101.17,73.79,60.69,41.6,235.17,68.34,262.92,80.35,361.57,47.17,363.89,78.68,270.52,131.91,384.58,95.33,83.07,92.1,123.96,210.03,154.15,343.33,380.19,201.96,118.75,84.7,175.58
2001-10-13,100.24,299.01,246.1,350.35,275.42,261.14,98.18,287.12,230.22,191.66,117.76,68.47,172.26,130.63,246.77,106.1,88.96,125.86,89.15,184.08,52.11,225.83,99.32,112.68,62.94,99.51,74.77,61.0,41.57,236.57,67.39,268.12,81.35,359.51,47.13,365.65,78.24,272.39,133.12,379.0,96.14,83.66,92.49,123.87,213.53,152.8,337.63,377.87,201.49,120.53,84.47,177.37
2001-10-14,100.21,299.84,249.09,351.79,277.17,261.29,99.51,287.88,228.9,192.75,115.7,69.33,171.89,129.29,245.98,104.91,89.23,128.7,89.49,181.51,51.37,224.46,97.29,113.1,63.4,99.02,75.08,60.44,41.6,235.45,68.83,265.86,80.67,358.06,47.49,374.66,77.33,266.86,133.4,379.18,95.46,84.25,90.72,125.0,213.16,152.67,343.94,378.94,200.54,119.85,84.9,178.61
2001-10-15,99.63,293.24,249.99,355.82,278.52,258.45,99.99,290.76,225.35,190.78,114.51,68.75,173.08,128.92,247.36,103.11,89.55,129.33,90.37,178.5,51.98,221.76,97.87,114.66,62.48,99.64,76.15,60.76,40.66,236.19,68.69,263.75,80.12,357.7,47.37,377.56,76.35,267.59,133.52,377.94,95.41,83.12,90.16,123.38,215.81,153.34,340.9,374.62,204.29,118.95,85.06,177.72
2001-10-16,99.71,294.84,252.36,355.48,277.23,258.47,99.73,291.65,224.47,189.59,113.04,69.22,173.97,129.72,248.58,104.38,90.97,129.63,90.91,181.04,51.94,220.94,98.03,114.7,63.35,100.02,76.87,61.52,40.03,235.37,68.41,266.86,79.35,354.65,46.62,377.28,76.15,272.25,132.84,378.08,94.43,82.73,89.45,122.72,214.19,151.33,340.09,375.15,202.22,120.72,87.01,177.37
2001-10-17,100.88,293.19,250.5,355.63,277.72,258.88,98.63,295.3,223.56,188.34,114.8,69.33,175.42,129.27,245.52,104.62,90.79,130.07,92.22,183.07,51.79,222.24,97.3,115.12,62.24,103.19,78.01,60.94,40.09,236.66,68.58,266.9,78.12,349.76,46.51,375.96,77.75,270.3,133.38,379.54,94.51,82.34,91.48,122.83,216.52,151.09,336.69,372.08,203.94,120.76,87.3,180.97
2001-10-18,101.86,295.55,252.04,359.68,281.57,261.96,99.74,295.43,226.31,186.33,114.94,69.62,173.88,128.37,247.79,106.83,92.23,129.38,91.94,184.97,51.45,223.16,98.36,114.37,60.77,101.12,78.19,60.42,40.53,234.75,68.36,268.38,78.27,350.91,46.51,373.59,78.18,267.64,134.4,383.14,96.09,81.08,89.5,123.26,212.94,151.03,334.23,370.41,203.46,120.37,87.32,182.55
2001-10-19,101.23,289.99,253.23,363.73,282.17,263.61,99.84,293.61,229.91,185.52,113.89,69.79,172.51,128.7,241.39,104.84,92.63,128.76,91.56,183.17,52.26,222.88,98.25,113.39,62.38,102.79,78.02,60.58,39.93,230.48,68.34,268.57,77.8,345.29,45.31,373.54,78.97,268.84,133.16,389.78,95.5,79.69,88.78,123.4,211.68,148.32,333.57,373.22,202.86,119.63,85.13,179.56
2001-10-20,100.53,293.7,250.48,361.38,279.24,262.06,100.14,293.54,232.92,182.68,113.38,71.19,171.72,128.09,246.84,103.4,91.66,128.2,91.53,182.67,52.17,222.12,97.42,111.69,63.36,102.97,78.47,61.2,39.7,231.65,69.07,267.44,78.11,343.0,46.11,365.62,79.0,274.49,133.74,392.23,94.99,79.41,89.13,123.54,212.97,148.54,336.04,372.43,206.21,122.84,85.34,180.81
2001-10-21,99.49,295.08,248.12,362.69,279.75,261.81,100.31,295.6,233.21,180.49,113.39,69.82,174.19,130.61,246.75,101.83,92.2,127.18,92.29,181.04,51.54,220.29,96.11,112.14,62.6,103.05,79.18,60.4,39.5,230.63,68.67,268.0,77.6,344.05,46.51,367.43,77.73,280.09,135.23,395.87,94.43,79.7,88.52,123.5,215.22,147.75,338.86,378.54,205.23,123.53,84.97,180.75
2001-10-22,97.94,298.1,245.65,359.94,281.37,260.11,102.36,298.32,234.99,177.77,113.78,69.57,170.6,131.13,245.62,101.38,91.23,127.54,92.03,180.2,51.07,222.59,95.34,112.96,62.45,101.87,79.64,60.27,39.06,231.74,67.42,271.24,78.3,346.7,46.35,362.47,78.36,278.98,136.67,400.91,96.12,78.49,89.7,123.81,215.76,147.64,330.03,377.83,208.21,125.46,85.84,183.71
2001-10-23,97.94,291.51,245.58,356.47,283.14,264.63,102.67,299.64,230.3,180.56,115.42,70.29,171.54,130.29,248.51,101.45,91.6,127.85,92.03,179.55,50.76,219.18,95.62,113.06,63.28,101.33,79.18,60.83,38.2,231.47,67.66,273.38,78.47,343.63,46.18,360.2,78.83,277.97,136.9,404.67,97.83,77.79,91.01,123.11,215.66,146.56,329.21,378.92,207.98,124.89,86.41,185.12
2001-10-24,97.11,293.4,246.51,349.92,281.43,262.52,101.2,299.05,229.36,182.13,115.5,69.87,172.33,128.3,245.17,100.8,92.18,128.42,91.44,179.39,50.8,220.47,96.71,113.04,63.42,100.56,77.74,60.94,38.32,231.12,67.3,272.76,78.37,336.1,45.61,358.9,77.22,285.83,138.17,393.68,97.52,76.31,92.39,121.01,216.01,144.32,332.7,372.04,208.42,126.12,85.73,186.69
2001-10-25,97.57,289.81,243.51,348.69,277.97,264.33,101.88,298.97,226.31,182.32,116.45,70.42,171.85,131.31,242.92,100.71,91.8,128.05,91.82,177.62,50.51,220.04,96.15,115.57,64.17,102.05,78.08,60.65,39.14,228.6,66.8,273.37,79.1,345.25,46.08,355.39,77.67,290.74,138.01,384.6,97.71,76.14,92.51,118.58,217.5,145.27,333.08,375.94,207.09,125.78,85.98,190.29
2001-10-26,98.4,287.95,245.53,350.35,276.47,264.11,101.39,297.91,224.63,181.89,115.51,71.72,173.82,129.05,243.41,100.37,91.44,126.52,91.74,178.95,49.51,220.12,94.78,117.26,63.35,103.65,76.77,59.78,39.41,227.83,67.23,266.45,80.48,342.61,45.59,349.66,77.94,286.72,139.42,380.48,97.02,75.82,90.89,118.15,214.97,143.8,335.87,372.25,210.08,125.59,86.98,187.21
2001-10-27,97.73,283.82,243.11,351.25,274.57,262.72,100.35,293.05,225.37,179.36,115.26,72.18,173.45,129.04,241.73,98.88,92.3,124.95,92.34,178.83,49.02,224.19,93.57,116.11,63.25,102.86,78.0,60.61,39.19,225.87,66.6,268.06,81.09,342.94,45.4,342.97,76.99,286.19,139.81,373.32,96.23,77.27,91.99,117.99,212.85,144.02,334.51,374.72,211.1,124.67,85.97,185.83
2001-10-28,96.7,282.93,246.11,349.14,271.67,262.12,99.48,295.18,224.58,176.93,115.86,73.07,172.53,131.51,243.16,99.0,90.98,123.15,92.55,182.07,48.42,224.64,93.94,116.51,62.3,102.85,78.09,60.98,38.89,227.46,66.77,266.33,79.93,340.73,45.25,342.86,76.71,283.78,139.82,369.06,96.29,77.03,91.09,116.98,213.97,145.97,335.27,375.26,209.26,123.53,87.36,186.15
2001-10-29,96.54,277.32,248.48,347.71,274.06,266.11,100.1,296.4,222.64,175.76,117.58,72.99,172.15,134.01,242.57,97.98,89.97,122.71,91.79,178.43,47.8,224.98,93.15,115.23,62.75,103.67,78.0,60.87,38.74,225.38,67.72,265.33,80.39,341.59,45.29,341.33,77.97,285.62,139.65,361.75,96.05,76.34,90.33,116.24,217.32,143.76,337.67,376.57,208.39,124.03,87.46,187.22
2001-10-30,94.44,276.94,244.3,351.73,271.27,268.55,99.98,299.28,223.08,176.55,116.16,73.95,175.21,134.13,242.27,99.16,88.57,123.97,90.66,180.15,47.51,226.62,93.41,115.78,63.78,103.45,79.44,60.53,39.02,220.93,67.1,266.46,79.93,335.49,45.35,343.7,78.7,286.76,140.39,363.81,95.29,75.71,89.33,117.0,219.98,144.33,335.14,380.13,209.0,123.04,87.28,189.66
2001-10-31,95.78,273.64,244.96,355.82,270.36,268.06,99.22,297.61,221.0,178.66,118.05,76.01,175.97,133.6,243.56,100.47,88.63,121.85,92.26,178.64,47.58,221.25,91.93,115.74,63.65,104.09,78.87,59.93,39.54,222.4,66.6,265.84,80.89,330.74,45.86,340.43,78.64,287.15,138.9,364.08,93.76,76.35,91.18,117.12,216.59,142.12,330.76,369.95,207.03,121.31,88.81,191.0
2001-11-01,94.61,266.07,242.66,359.07,278.12,267.3,97.59,304.46,220.24,176.47,117.93,75.26,174.26,131.12,242.58,99.66,89.6,122.39,90.76,175.36,47.17,220.12,91.6,116.46,62.71,105.2,79.28,59.44,39.45,224.34,65.9,267.37,81.64,334.53,45.5,340.94,79.72,284.13,138.3,367.59,96.09,78.14,91.01,117.24,216.5,143.72,330.32,369.86,208.12,120.42,88.89,190.47
2001-11-02,94.36,268.2,242.76,360.29,278.27,275.38,96.48,308.89,221.06,176.86,119.72,75.09,173.38,129.99,243.74,100.17,87.62,122.51,90.82,174.43,47.34,221.93,91.43,116.73,62.12,105.88,79.04,59.72,38.94,222.29,65.08,268.25,82.13,335.34,45.16,334.24,80.24,283.32,135.14,365.3,96.58,78.19,91.74,116.13,215.91,142.55,333.09,373.46,206.05,120.62,89.71,188.38
2001-11-03,94.06,264.32,242.4,360.72,273.32,272.8,96.96,315.6,222.72,177.01,118.26,75.45,173.91,130.53,243.32,101.16,88.24,120.94,90.23,174.4,46.99,220.62,91.92,118.07,62.5,108.02,78.96,59.48,38.76,222.51,64.39,268.28,82.0,334.34,44.88,332.05,80.81,285.65,136.41,363.82,94.78,77.54,92.08,117.64,216.46,142.17,332.28,375.77,209.46,119.29,89.12,185.07
2001-11-04,94.01,259.89,241.3,355.86,272.32,274.12,97.87,312.65,224.04,179.5,117.2,75.59,171.1,130.37,242.11,102.5,87.95,121.91,89.83,174.19,46.58,220.88,90.96,117.82,63.11,108.49,78.65,59.9,38.73,217.09,63.92,269.5,81.79,338.12,44.66,330.3,81.04,284.87,137.98,359.08,95.93,77.35,91.83,117.47,216.88,141.85,332.15,378.14,210.7,118.8,91.65,181.8
2001-11-05,95.02,259.43,241.48,359.6,268.41,278.5,98.59,314.71,227.56,180.36,117.57,75.22,169.85,131.35,243.8,101.48,87.53,120.26,90.88,170.53,45.3,220.86,88.82,117.02,64.11,108.08,78.84,59.51,38.68,220.36,63.0,267.46,82.3,336.9,43.69,331.57,81.18,286.38,137.0,362.47,93.91,78.39,91.75,117.59,214.14,141.84,330.94,378.51,214.82,118.62,92.8,180.91
2001-11-06,94.58,259.98,242.97,360.98,268.38,281.45,99.25,311.59,226.91,184.6,115.93,74.64,167.09,127.86,237.99,99.88,88.12,119.84,89.37,172.92,45.12,221.2,88.69,116.16,63.6,107.5,79.61,59.74,39.24,225.32,62.31,262.86,81.29,336.4,44.3,336.15,81.87,285.13,137.23,357.97,91.93,77.0,90.62,115.8,215.4,144.83,338.5,379.67,215.98,119.98,91.81,182.36
2001-11-07,95.05,261.91,241.54,359.54,269.89,285.6,98.71,308.1,233.57,185.45,115.22,73.89,167.88,125.97,236.1,99.33,88.58,118.22,88.68,171.67,44.31,221.92,88.95,116.78,64.92,108.59,79.53,59.42,39.74,222.84,63.73,263.06,81.23,333.6,44.32,336.01,81.6,281.78,137.13,362.23,90.31,76.55,92.32,116.09,214.72,144.61,340.64,382.65,214.13,117.96,91.86,183.32
2001-11-08,94.54,259.78,240.1,366.0,265.75,282.6,98.71,306.34,233.63,185.89,114.47,74.21,167.73,122.54,237.4,97.92,86.44,117.52,88.19,170.92,44.27,222.51,89.01,114.81,64.61,107.32,80.42,60.11,39.63,222.02,63.82,260.53,81.47,331.58,44.85,335.7,80.79,285.57,137.85,364.77,91.57,76.25,92.4,117.04,214.57,144.38,334.21,380.75,213.98,118.67,90.4,184.94
2001-11-09,94.85,258.17,240.16,365.5,264.97,283.59,98.91,306.88,237.31,183.05,114.77,74.9,169.78,122.21,238.09,96.61,86.35,117.12,89.24,170.22,44.58,222.0,88.63,114.82,64.5,106.51,80.61,59.66,39.71,221.05,63.66,259.65,81.69,333.47,45.48,344.83,80.79,286.66,138.51,368.71,92.33,75.27,90.92,118.05,218.24,144.32,330.84,385.19,214.7,118.01,90.76,187.25
2001-11-10,95.07,257.91,239.98,365.41,260.82,288.05,99.47,310.5,238.24,183.4,114.31,74.27,171.11,122.71,238.83,95.92,85.71,118.63,88.75,171.73,44.58,222.29,90.09,114.27,63.66,106.32,79.91,59.68,39.45,218.44,63.63,260.71,81.42,333.29,45.71,348.63,82.49,283.44,139.45,374.24,92.39,74.46,89.95,116.66,219.44,146.45,329.81,387.18,213.96,117.87,91.05,185.75
2001-11-11,96.26,256.36,242.11,364.49,263.75,285.38,98.14,311.39,237.07,187.68,113.95,74.58,173.22,123.19,243.08,96.52,87.48,116.83,89.24,169.47,44.64,223.06,90.39,115.19,63.17,107.85,81.39,60.1,39.03,215.78,64.44,261.28,80.79,330.17,46.18,349.42,82.96,286.42,137.42,381.67,91.48,75.24,89.91,115.34,226.43,146.53,329.49,385.64,210.47,117.21,91.2,184.64
2001-11-12,95.93,256.86,242.91,362.53,261.94,285.41,96.03,311.04,236.47,184.77,114.55,73.94,175.29,121.86,241.55,95.37,87.56,119.63,89.51,169.99,44.68,223.46,91.01,114.0,61.85,109.38,81.24,60.59,39.55,215.82,64.69,257.73,81.94,334.58,45.93,348.77,82.09,281.23,136.88,384.95,91.23,75.2,89.54,114.18,227.3,144.21,332.1,385.09,210.5,116.93,91.9,184.59
2001-11-13,96.47,264.31,241.71,363.12,264.94,288.11,97.41,306.73,237.46,185.55,115.59,73.67,174.8,121.3,241.68,95.74,87.76,118.6,89.97,167.39,44.9,225.08,91.7,114.1,61.32,107.83,80.66,62.09,39.86,215.24,64.25,251.95,81.54,330.58,45.86,349.01,81.98,287.83,137.8,389.68,92.88,74.84,90.61,114.06,226.86,145.11,330.42,387.61,210.39,116.85,93.03,186.05
2001-11-14,95.43,262.85,237.27,370.08,267.63,287.65,95.73,309.25,236.49,187.8,114.63,73.76,172.58,120.62,241.65,96.26,88.51,118.85,91.02,168.57,44.72,226.23,92.27,113.91,61.04,108.28,81.03,61.68,39.62,211.97,63.07,249.34,81.42,331.41,46.23,353.97,81.31,288.35,136.32,380.91,94.17,74.43,90.73,113.36,227.93,145.37,328.85,389.77,214.9,114.77,93.47,186.93
2001-11-15,95.38,258.54,236.04,370.85,273.84,289.1,94.94,312.62,237.3,186.65,114.61,72.52,174.99,121.53,241.02,95.81,87.81,119.73,91.32,168.92,44.24,225.08,91.04,112.64,60.85,107.52,81.13,60.52,39.62,206.79,62.45,252.48,80.14,334.29,46.01,358.25,79.43,291.73,137.87,385.58,94.29,73.16,90.04,114.06,225.96,147.13,330.58,388.63,215.92,114.28,93.77,191.94
2001-11-16,93.87,255.39,236.39,371.07,275.04,284.76,94.2,310.23,234.93,185.49,113.88,72.4,173.23,120.63,243.53,94.85,88.05,120.03,91.91,165.96,44.54,225.04,92.24,114.58,59.71,105.58,82.03,61.21,40.11,204.99,63.34,250.98,81.09,335.83,46.42,359.49,79.9,291.92,137.38,389.66,94.51,73.48,90.6,114.08,223.86,148.37,331.04,380.58,212.81,115.36,94.66,193.86
2001-11-17,94.41,256.59,240.41,371.4,273.37,282.73,94.1,308.04,232.57,183.65,114.55,71.75,172.13,121.22,244.58,96.29,87.36,118.7,93.28,166.18,44.25,225.12,91.91,113.26,59.41,104.71,80.62,61.11,40.4,208.46,63.17,251.34,81.89,336.73,47.65,356.03,80.73,289.25,139.0,396.06,95.01,74.97,90.26,113.41,227.52,148.62,335.87,380.48,209.31,114.46,95.0,192.54
2001-11-18,95.41,254.24,239.42,369.97,274.27,281.56,93.38,305.55,234.55,184.26,114.81,71.46,170.51,121.03,241.34,97.09,86.31,118.06,93.52,165.27,44.03,225.51,91.55,113.87,59.44,105.24,81.61,61.58,40.76,209.23,64.22,252.3,80.72,336.98,47.38,351.23,81.0,289.63,138.75,388.95,95.29,73.38,90.22,113.08,227.45,148.71,336.04,372.98,209.78,114.55,94.77,190.84
2001-11-19,95.1,253.76,240.08,367.24,273.46,281.94,93.66,305.98,236.53,183.02,114.62,71.21,168.86,120.59,242.21,98.28,86.81,118.11,93.39,165.39,44.51,225.09,90.38,115.53,59.45,103.34,80.72,60.48,40.56,207.4,63.98,249.52,81.18,338.72,47.4,351.17,82.56,290.01,139.34,388.5,96.06,72.82,89.81,112.81,225.22,149.96,339.22,371.9,209.12,113.67,93.92,189.06
2001-11-20,94.43,251.28,243.02,369.41,269.79,283.67,94.08,305.53,236.5,181.59,114.45,71.49,169.19,119.57,239.55,97.27,85.59,117.92,91.84,166.22,43.95,227.95,90.35,117.41,59.86,103.77,79.87,60.45,40.59,210.11,63.82,245.27,81.56,339.4,47.67,360.59,82.65,287.3,140.71,383.37,95.84,72.88,88.78,113.06,222.84,148.93,340.38,369.9,208.34,113.34,91.47,189.52
2001-11-21,94.33,249.58,244.16,372.36,268.36,286.89,95.65,308.19,240.03,186.72,115.92,71.62,170.04,119.13,239.58,96.1,85.21,117.07,92.47,164.7,43.86,226.94,89.95,116.99,59.59,103.9,80.07,60.33,40.43,210.47,63.18,245.25,81.6,339.94,46.98,358.74,83.0,283.5,139.9,385.11,94.34,71.49,88.27,111.9,223.15,147.92,337.18,371.04,211.66,112.22,91.58,190.82
2001-11-22,94.39,253.57,246.68,377.68,267.79,286.48,93.79,308.04,240.6,188.88,116.18,71.46,168.56,121.07,238.97,96.27,84.31,117.18,93.55,164.48,44.03,229.15,90.13,116.96,58.51,104.26,79.21,61.18,40.26,210.88,63.63,243.57,80.82,340.62,47.23,357.98,84.51,285.24,139.52,379.93,94.11,72.0,89.55,113.29,222.25,150.09,339.28,372.16,207.78,111.54,90.67,189.85
2001-11-23,94.3,256.49,250.16,380.56,259.99,286.81,93.99,304.9,239.44,187.43,116.96,72.7,166.42,122.35,235.71,96.17,84.59,116.4,93.9,162.06,43.85,226.14,89.25,116.08,58.41,102.74,78.57,61.47,40.36,209.27,63.96,244.2,81.34,337.91,47.8,360.33,84.41,287.07,139.86,380.99,93.15,71.9,91.15,113.35,222.57,148.23,336.83,372.3,207.45,110.85,89.36,189.98
2001-11-24,94.69,252.22,249.18,377.21,257.66,285.03,93.31,305.38,241.78,188.4,114.4,70.89,164.07,124.97,236.51,95.66,84.99,115.6,95.71,160.49,43.86,227.0,91.12,117.6,58.28,102.74,79.65,61.48,39.69,206.84,64.99,246.87,80.2,341.28,47.96,357.37,84.58,288.18,140.6,382.48,93.17,71.68,91.24,115.56,221.76,150.5,336.4,373.31,203.75,112.17,89.91,190.44
2001-11-25,94.1,257.93,248.12,369.8,255.43,286.05,94.37,308.53,242.9,187.47,114.11,70.05,163.26,126.35,231.18,95.15,83.19,115.61,93.7,161.29,44.27,227.09,90.65,117.71,58.69,102.62,78.15,62.1,39.5,204.7,64.49,246.07,80.19,340.8,47.48,357.19,84.74,288.55,140.79,382.97,92.37,71.43,90.41,113.69,222.11,153.43,334.7,366.52,202.73,110.97,91.58,187.1
2001-11-26,93.87,259.84,248.77,365.49,253.38,285.42,95.44,310.27,240.98,186.36,113.68,70.04,163.52,126.29,230.89,95.21,83.95,114.74,92.85,158.89,44.13,229.53,91.45,115.55,57.81,102.13,78.91,62.91,39.37,206.41,64.02,246.05,80.22,340.64,47.53,351.66,84.95,289.15,138.92,382.62,92.31,71.91,88.83,114.44,221.28,151.65,332.11,367.64,205.62,110.51,91.37,186.52
2001-11-27,95.64,260.95,249.13,366.18,259.0,284.69,95.81,303.59,237.98,185.16,114.35,70.59,165.38,123.42,232.83,94.51,84.99,114.32,93.53,159.38,44.67,226.51,93.22,114.14,57.91,101.39,77.68,62.62,39.5,206.58,64.17,245.96,79.5,336.5,47.2,350.09,85.8,281.2,138.52,385.13,91.5,71.98,89.25,114.22,219.21,151.15,332.98,364.91,206.23,111.27,90.7,186.34
2001-11-28,95.79,256.33,250.2,365.7,260.89,286.8,96.72,306.53,234.24,184.12,114.54,69.75,167.63,124.59,234.73,93.94,84.13,114.09,93.83,158.81,44.93,232.86,91.44,113.81,57.93,102.2,75.24,62.46,40.08,206.72,64.69,245.92,80.29,334.09,47.15,347.56,85.1,276.79,142.17,379.06,93.37,71.95,89.9,113.75,219.53,151.26,330.63,358.34,206.08,111.28,90.59,186.83
2001-11-29,96.02,253.58,253.15,363.88,258.82,285.37,96.56,304.99,234.59,185.56,112.81,69.63,164.94,124.79,235.35,93.37,83.08,114.28,94.41,159.47,45.22,237.1,91.55,115.22,58.23,104.29,75.29,62.24,40.92,207.81,64.38,249.19,80.15,336.36,46.73,348.29,83.71,274.73,143.48,375.51,93.24,71.21,89.66,111.36,219.99,149.58,324.76,352.09,206.05,112.57,93.09,186.54
2001-11-30,94.99,247.07,252.39,367.88,255.88,288.94,96.31,303.1,236.6,186.78,110.96,71.44,165.55,123.82,231.95,91.69,83.27,114.35,94.53,160.61,45.06,237.56,91.41,115.11,59.49,104.29,75.98,63.34,40.2,207.47,64.2,249.28,79.76,343.1,47.47,346.51,83.08,272.86,140.52,378.77,92.9,71.42,89.36,111.66,220.42,147.44,320.13,351.04,204.15,109.53,94.31,185.07
2001-12-01,96.59,247.65,250.67,359.78,253.1,284.34,98.65,304.86,240.48,185.98,110.63,71.06,166.37,123.01,228.2,92.03,84.41,114.29,95.78,159.03,44.89,240.98,92.4,117.48,58.82,104.09,76.84,63.73,40.59,207.64,63.81,248.87,77.69,344.25,46.86,346.92,83.58,273.3,140.55,380.77,92.15,71.78,88.93,111.4,220.16,148.21,314.95,353.84,206.12,106.93,93.12,183.71
2001-12-02,97.06,246.85,247.57,364.35,253.83,286.66,98.27,310.35,235.67,186.31,110.62,71.17,166.26,123.82,229.3,90.51,86.64,112.59,94.58,158.37,45.19,239.63,92.49,117.23,57.81,104.17,76.38,63.88,40.0,204.7,63.76,247.89,78.23,346.39,46.58,343.69,84.31,274.18,140.95,378.89,93.31,71.19,88.16,113.5,215.76,148.75,312.22,355.91,205.38,105.15,93.51,181.72
2001-12-03,96.14,246.92,244.78,369.72,249.58,288.58,98.38,310.07,236.89,184.67,110.37,71.46,166.37,123.39,228.43,90.72,88.37,112.0,95.61,158.43,45.17,237.25,93.67,116.69,58.2,102.76,76.91,65.04,39.64,206.76,63.83,245.22,78.18,347.27,47.5,344.32,85.51,272.02,143.05,378.08,95.58,70.51,87.2,114.75,217.81,147.18,312.47,358.55,208.35,106.3,94.1,184.51
2001-12-04,94.89,249.14,242.73,374.56,245.67,289.22,98.46,305.95,235.01,185.73,110.53,71.07,168.74,123.45,232.18,90.12,87.89,109.22,96.34,159.81,44.54,236.67,93.35,115.75,58.86,102.56,77.45,64.87,39.83,206.37,63.67,243.37,77.45,349.4,48.53,342.87,85.27,272.32,140.55,375.61,94.55,71.23,86.64,113.89,220.4,146.48,312.41,352.71,209.81,102.85,93.76,186.57
2001-12-05,94.83,247.21,238.01,376.61,248.96,288.78,97.24,305.55,237.92,185.95,113.19,70.87,165.68,124.8,233.92,89.5,88.33,112.18,96.05,159.85,44.88,235.43,92.82,116.4,58.68,102.11,78.44,65.69,39.79,207.52,63.45,246.23,78.25,351.37,48.32,340.35,85.43,268.55,137.55,369.41,94.41,70.77,86.96,113.06,218.61,146.7,311.16,349.24,211.74,101.74,94.58,186.76
2001-12-06,94.57,246.89,239.58,371.69,250.44,287.3,98.33,300.22,237.47,184.94,112.82,70.49,164.96,125.37,235.09,88.46,86.96,112.23,96.14,160.44,44.84,238.25,91.36,116.21,57.71,101.04,78.66,66.9,39.42,206.76,63.01,248.49,79.03,353.13,48.51,341.39,86.02,271.11,136.83,370.93,93.64,70.38,87.0,114.27,219.32,145.15,313.53,348.36,212.82,102.09,93.38,184.98
2001-12-07,94.99,249.44,238.47,367.65,248.47,286.35,98.93,302.51,238.54,181.97,112.57,70.11,168.44,127.58,236.47,87.85,87.34,112.47,95.77,160.72,45.51,241.76,90.76,115.59,57.92,102.78,78.89,65.65,39.3,204.13,62.73,247.71,79.61,355.77,48.05,335.34,86.32,269.53,138.3,376.03,93.75,70.76,86.58,113.64,221.35,145.75,309.69,344.83,209.27,103.07,94.04,184.39
2001-12-08,94.86,246.15,239.71,365.74,253.13,283.72,100.24,306.94,241.0,180.41,111.48,69.97,169.89,128.95,231.6,88.07,87.49,111.72,95.48,162.58,45.13,240.27,89.46,114.92,57.52,103.6,80.2,65.16,39.05,205.76,63.86,248.67,79.95,356.55,47.74,335.22,86.03,270.8,137.64,378.35,93.37,70.35,85.78,112.01,218.54,145.72,308.64,346.16,210.84,100.93,92.95,184.46
2001-12-09,96.55,244.7,241.78,370.93,255.33,284.76,99.44,307.96,238.77,178.47,112.09,70.39,171.01,128.32,227.27,88.85,88.34,112.74,94.84,161.91,45.07,244.79,89.53,114.66,57.5,105.29,79.11,65.45,37.89,203.86,64.31,250.56,79.33,359.95,47.95,330.15,85.54,272.18,138.42,369.84,92.65,70.44,86.41,111.88,215.39,143.58,308.17,346.36,210.52,100.34,93.7,183.52
2001-12-10,96.05,244.47,241.81,369.19,258.98,285.76,99.3,308.19,238.88,177.16,112.55,69.36,170.14,126.96,227.5,89.25,87.22,113.35,95.48,161.75,45.27,239.89,88.8,114.13,58.66,104.74,80.11,64.58,39.06,203.33,63.91,249.62,78.88,359.36,47.72,336.94,85.87,272.73,139.68,367.87,92.1,70.21,86.11,110.63,218.84,144.08,307.68,346.7,210.82,101.0,95.55,184.71
2001-12-11,96.52,244.2,245.61,366.83,256.19,282.99,101.99,309.57,238.19,177.46,111.19,69.54,170.33,127.76,230.21,88.72,88.29,112.82,95.68,161.29,45.97,239.46,89.15,113.71,59.38,104.3,79.31,65.61,38.94,202.65,63.83,254.68,78.94,368.07,48.23,338.09,86.58,273.46,140.3,372.11,91.51,69.5,85.67,110.63,218.35,144.39,306.44,344.8,214.24,101.45,95.2,183.11
2001-12-12,95.59,243.43,244.71,363.24,256.24,282.42,100.8,310.56,237.85,180.31,112.8,69.01,169.71,129.96,233.18,86.66,87.25,113.12,95.59,159.65,46.54,240.44,89.16,114.56,58.95,102.45,79.85,65.0,38.51,203.6,63.52,252.25,79.1,367.13,48.51,339.62,86.99,272.71,140.95,374.26,91.15,69.62,85.79,110.12,215.0,144.0,304.07,348.61,216.76,102.66,96.49,182.2
2001-12-13,96.6,244.15,249.85,362.49,261.41,283.03,101.37,310.74,242.65,179.98,111.44,70.57,168.77,128.73,234.29,86.77,87.77,113.35,95.01,159.27,46.15,238.53,88.99,116.55,59.37,102.47,80.2,66.58,37.8,202.53,62.55,250.5,79.79,364.85,48.38,337.56,88.42,273.24,137.5,375.63,92.55,69.71,84.16,111.14,215.15,142.18,303.86,350.13,215.78,102.3,96.67,178.44
2001-12-14,96.01,238.65,249.44,356.66,259.18,278.78,101.9,305.88,249.16,179.81,112.73,70.87,167.84,128.77,237.49,83.94,87.66,111.89,94.87,158.48,46.52,239.35,88.46,117.54,59.24,102.52,80.14,66.77,37.86,202.98,62.98,252.78,81.43,365.61,48.09,341.51,87.96,275.33,135.67,372.67,91.49,68.27,83.41,109.74,215.9,142.53,306.96,347.82,215.49,104.31,97.46,175.45
2001-12-15,93.34,239.84,248.56,354.46,261.5,280.38,102.95,309.9,243.73,178.31,112.38,70.42,165.68,126.92,236.38,83.98,87.52,111.99,92.45,160.37,46.89,240.47,88.7,117.19,58.65,103.41,80.48,66.51,37.86,202.87,62.26,249.39,82.26,370.47,48.07,346.38,86.67,276.6,136.49,371.34,90.63,69.06,83.11,108.61,215.72,142.81,307.82,344.52,218.56,104.37,97.0,175.86
2001-12-16,92.43,237.79,245.6,353.58,256.21,286.01,102.46,310.72,238.7,177.15,112.18,69.91,165.57,126.8,235.99,83.58,89.23,111.92,92.1,158.55,46.2,239.36,87.51,115.72,58.47,103.85,80.4,66.7,38.05,204.24,61.73,246.64,83.14,371.69,47.4,349.4,86.62,278.47,135.91,379.72,90.9,69.0,82.32,108.58,214.8,144.81,309.18,337.2,219.89,105.25,95.17,173.95
2001-12-17,92.24,235.68,246.02,350.65,255.87,280.82,100.4,312.89,241.2,178.09,113.33,69.98,166.36,126.72,238.28,83.47,89.43,113.15,91.27,159.39,46.34,237.6,89.06,114.8,57.61,103.61,80.33,67.32,37.97,201.45,62.0,245.21,84.25,370.12,47.84,351.47,86.29,273.43,134.13,381.96,92.41,69.23,81.69,109.15,214.83,145.23,310.55,336.96,218.46,105.02,95.5,172.54
2001-12-18,92.68,235.72,246.39,357.31,253.71,281.47,99.83,309.69,239.92,181.63,114.18,68.94,168.61,126.98,240.82,84.17,90.96,115.19,92.62,157.03,46.28,239.05,89.53,113.38,57.57,104.11,80.5,67.52,37.95,200.9,61.7,244.67,84.02,367.65,48.44,354.27,88.39,270.2,134.41,377.32,90.4,69.55,82.13,109.09,216.03,142.56,309.54,340.68,219.49,104.49,94.1,171.26
2001-12-19,92.97,238.65,246.17,359.66,259.77,281.21,99.16,307.38,237.31,184.59,114.42,69.95,164.57,125.94,242.4,83.8,92.19,115.38,90.94,158.02,46.66,240.72,90.27,113.68,57.35,104.11,80.3,68.79,38.27,201.02,61.35,244.57,84.91,371.38,48.17,352.66,89.45,271.63,133.93,381.79,89.87,69.9,81.29,109.02,214.55,141.34,312.09,344.8,218.85,103.98,93.92,171.78
2001-12-20,94.03,240.29,247.29,356.82,256.52,281.31,98.21,309.18,237.5,185.84,115.0,70.83,164.4,125.86,240.4,84.17,91.84,115.84,91.18,160.96,46.92,243.08,90.31,114.33,57.69,104.5,80.94,68.81,38.03,200.38,62.26,242.87,85.08,380.31,48.1,355.1,89.0,271.42,134.91,385.4,89.88,69.58,82.54,108.66,217.41,140.42,311.3,340.43,217.29,104.72,92.56,172.71
2001-12-21,93.38,240.97,245.24,353.11,257.98,281.02,98.62,311.61,233.35,185.53,114.29,70.05,165.74,124.08,239.47,83.7,90.78,115.78,92.77,159.37,46.31,238.92,90.95,114.92,58.09,105.08,81.17,68.58,37.74,202.68,61.92,243.93,86.68,379.73,47.97,352.04,89.21,269.52,135.33,382.96,89.35,70.1,81.66,108.83,216.95,140.93,307.88,341.34,216.79,105.05,90.68,172.94
2001-12-22,94.44,244.06,249.47,347.76,261.89,282.31,97.77,315.66,226.47,183.97,113.19,69.68,168.3,125.3,241.15,85.65,89.57,115.74,92.27,161.36,46.53,237.09,90.5,115.16,57.87,107.05,80.7,67.84,38.0,208.08,62.01,241.82,87.7,382.45,48.03,351.16,89.5,270.83,134.51,382.23,91.31,70.51,82.11,109.26,219.11,138.22,308.29,334.2,217.52,102.42,90.17,175.91
2001-12-23,94.74,244.57,250.93,352.1,257.74,278.53,98.61,311.55,226.26,181.19,111.17,71.29,169.59,126.18,243.39,85.87,90.7,114.54,91.94,160.79,46.92,237.89,89.5,114.22,57.56,106.23,79.72,68.33,38.13,205.96,60.97,238.56,87.87,383.26,48.89,349.57,90.38,268.35,134.36,383.8,92.41,71.07,82.77,109.55,221.25,138.55,310.11,334.47,218.87,100.91,90.41,178.59
2001-12-24,93.7,242.07,250.07,350.61,254.98,278.35,100.02,305.8,231.99,180.99,110.28,71.34,168.19,126.08,240.98,85.08,89.54,112.5,91.0,159.59,47.11,233.99,89.61,114.54,57.55,104.67,80.33,68.0,38.7,204.0,60.44,234.99,87.35,383.36,49.28,349.14,92.31,264.6,133.42,386.49,92.69,70.64,83.34,109.01,216.31,137.21,309.55,335.2,218.16,99.57,90.98,178.92
2001-12-25,93.81,243.28,249.46,346.95,254.36,281.2,102.36,304.68,233.52,178.26,110.58,71.5,169.59,125.13,242.53,86.65,90.21,110.82,91.4,159.7,46.53,235.12,90.13,114.41,58.35,104.99,81.54,68.28,38.23,203.2,59.81,233.31,86.35,383.29,49.31,350.86,90.58,264.72,133.09,384.87,92.51,71.06,85.18,109.77,217.82,139.77,305.76,337.13,219.27,100.33,90.24,183.78
2001-12-26,94.18,243.94,253.18,346.08,251.11,284.99,100.39,303.91,233.97,175.86,112.32,71.38,169.78,124.73,245.49,86.28,89.57,112.11,90.31,161.03,46.22,234.39,90.06,114.12,58.35,104.71,81.71,68.29,38.47,203.43,60.01,234.23,85.7,389.43,48.89,348.21,91.47,266.57,134.91,388.96,92.77,70.59,84.91,107.47,215.65,138.17,304.69,335.89,219.12,99.7,92.35,184.18
2001-12-27,94.97,243.02,252.1,345.99,250.11,281.05,101.02,304.51,234.15,173.37,110.69,72.17,169.74,125.1,241.57,85.67,89.86,111.73,90.0,159.08,46.64,235.23,90.85,116.37,58.28,103.96,81.57,69.5,37.87,205.11,59.71,230.42,86.12,389.07,48.95,344.36,91.19,259.69,133.24,394.55,92.27,69.36,84.1,108.34,219.62,136.81,304.87,332.71,221.14,100.21,92.32,184.72
2001-12-28,94.69,246.24,246.28,346.03,253.04,281.95,100.8,303.6,236.72,173.48,109.12,72.0,170.12,124.27,241.69,86.29,89.31,112.8,89.66,160.13,46.64,233.43,90.28,118.32,56.7,102.22,81.64,68.95,37.7,204.48,59.58,229.0,87.32,378.15,48.82,347.47,91.2,258.77,132.11,396.75,92.01,69.59,85.38,108.14,218.82,136.4,303.84,329.26,221.3,100.73,91.97,187.16
2001-12-29,95.41,248.04,239.96,341.75,258.32,280.1,100.34,305.19,233.41,171.57,109.72,72.55,169.62,123.98,239.21,85.89,89.7,111.72,90.22,158.49,47.09,232.36,89.76,116.84,56.98,100.84,81.83,69.19,37.34,203.4,59.46,228.96,86.06,379.94,49.11,349.59,91.84,259.58,132.03,397.93,92.51,69.85,84.77,109.64,218.31,137.12,303.69,329.53,224.16,100.51,92.2,189.69
2001-12-30,96.42,246.73,239.12,339.75,261.68,281.63,101.48,304.01,231.39,170.03,107.63,72.75,171.58,124.67,237.67,85.84,88.89,110.46,89.95,157.4,46.53,231.53,90.09,116.42,57.66,101.33,81.31,68.58,36.59,203.25,59.31,228.47,85.8,377.8,49.68,358.66,92.28,259.29,132.63,398.71,93.99,69.56,83.18,106.93,213.98,139.76,303.88,326.15,224.93,100.54,91.62,189.27
2001-12-31,96.97,246.01,238.96,335.93,263.76,279.54,101.32,301.44,228.91,169.08,108.69,73.45,171.1,121.81,239.38,85.51,87.96,111.82,89.66,155.32,46.75,229.92,87.94,117.0,57.26,102.23,81.24,67.91,36.58,206.36,59.34,226.38,85.61,373.65,49.86,357.26,92.44,260.14,132.99,399.82,94.01,68.54,83.8,106.99,210.43,138.28,305.84,324.43,224.86,100.61,91.08,188.03
2002-01-01,97.15,243.45,242.03,332.4,268.49,284.49,100.97,294.23,231.08,168.94,108.13,74.31,170.21,120.6,241.16,83.49,87.91,111.57,89.5,157.35,45.47,231.5,87.95,114.19,57.44,102.16,81.61,68.08,36.47,208.06,59.94,223.72,86.51,369.48,51.16,356.54,91.44,260.95,130.81,394.39,94.61,67.47,84.13,108.1,212.92,137.12,303.49,326.82,224.08,100.49,91.14,186.53
2002-01-02,96.97,240.91,242.67,327.34,269.88,281.62,100.25,290.83,231.55,168.64,106.35,73.92,172.55,121.5,242.99,83.65,88.57,112.55,89.56,154.29,45.16,226.99,87.71,114.19,57.17,102.78,81.05,67.1,36.47,210.23,60.4,226.11,85.97,370.47,50.88,352.55,90.12,262.76,130.77,396.97,94.7,66.53,86.09,107.21,213.29,137.84,304.93,329.01,221.56,100.12,91.27,186.78
2002-01-03,98.8,240.1,243.66,327.74,272.2,282.81,101.68,285.06,230.06,168.34,105.46,74.83,173.36,123.57,238.4,83.77,87.71,113.03,88.48,155.84,45.52,227.9,87.94,113.48,57.38,102.55,81.5,67.31,36.12,214.54,60.37,226.55,85.46,370.77,50.81,350.06,89.07,260.7,131.17,400.52,94.67,66.46,84.78,107.32,213.33,138.56,308.38,326.8,223.6,100.34,91.34,187.98
2002-01-04,98.73,243.58,238.85,324.72,274.15,281.87,101.38,285.04,232.55,168.86,104.99,73.45,173.93,124.34,240.01,84.48,89.21,112.52,89.37,155.23,45.46,228.13,89.37,114.01,57.64,103.39,81.83,66.88,36.1,217.26,60.29,223.94,85.52,373.97,50.46,349.3,87.22,258.84,132.12,396.05,95.23,66.75,85.39,108.27,215.62,138.71,307.41,330.26,225.95,100.84,91.18,187.77
2002-01-05,97.68,242.52,237.94,329.38,274.43,281.17,101.94,285.19,232.0,168.66,106.21,73.78,173.22,122.53,239.92,85.14,89.52,112.91,90.26,156.74,45.51,226.2,88.91,113.77,57.28,105.06,81.72,67.65,36.52,214.79,59.5,228.26,85.43,372.18,51.15,345.8,85.15,262.89,134.13,407.39,96.79,66.62,83.46,106.62,219.62,138.14,305.63,336.16,227.28,102.43,91.58,186.1
2002-01-06,97.46,242.38,238.3,328.99,271.66,281.54,101.15,281.73,228.44,168.06,104.8,74.42,172.89,122.64,242.93,85.61,88.44,112.78,89.22,156.73,45.33,228.95,89.04,110.08,57.83,105.47,81.59,67.58,36.69,212.11,59.2,226.3,85.78,378.4,51.4,344.9,84.27,262.8,135.43,407.71,98.2,65.72,84.25,106.65,221.19,139.15,300.53,338.27,225.59,102.39,91.44,184.44
2002-01-07,97.36,242.89,237.5,330.76,269.97,281.17,102.69,284.05,225.49,166.56,105.95,76.07,170.43,121.75,245.66,87.74,88.58,112.95,86.7,156.24,45.9,226.67,88.69,110.79,57.69,105.03,81.49,67.76,36.6,214.73,59.07,227.67,85.93,378.01,50.84,345.65,84.05,262.47,135.13,414.21,97.49,66.07,84.46,106.77,223.59,139.05,299.97,337.38,226.8,100.51,91.92,184.94
2002-01-08,96.3,240.32,236.95,342.55,273.64,279.56,102.3,279.05,223.28,165.49,106.72,74.57,166.14,122.3,248.1,87.44,89.12,113.39,87.0,156.43,47.05,227.24,87.64,112.28,57.82,105.27,82.08,67.53,36.4,213.82,59.24,223.02,85.91,379.27,51.2,341.88,83.86,266.98,133.67,412.43,96.12,65.22,84.21,106.47,225.8,138.07,296.91,335.29,224.18,99.26,90.92,184.87
2002-01-09,96.8,237.58,231.37,341.23,272.86,280.84,102.93,279.62,224.06,168.28,106.17,75.81,167.05,120.0,249.12,87.52,88.31,112.96,88.04,155.39,46.97,228.27,85.27,111.4,57.83,105.59,82.1,67.56,36.7,215.38,59.33,221.83,86.16,381.28,50.21,341.02,83.13,269.52,134.29,405.59,96.54,65.25,84.57,107.9,228.05,138.86,291.88,334.87,226.47,100.58,91.83,185.42
2002-01-10,96.81,235.35,232.03,344.13,268.38,282.41,103.6,278.72,228.03,168.05,107.37,74.98,167.67,119.79,246.8,87.2,88.89,111.8,88.51,154.28,46.0,228.34,85.76,109.3,57.05,104.27,80.89,67.19,37.24,216.8,60.18,224.37,86.25,383.13,50.16,340.2,83.57,266.05,131.49,411.95,96.03,65.96,86.42,107.64,224.32,135.68,293.63,338.76,228.29,103.0,92.88,186.21
2002-01-11,99.57,237.49,233.53,345.76,271.97,279.94,104.29,277.49,228.63,168.91,108.29,73.08,169.53,120.81,246.77,87.46,89.48,111.13,88.83,155.05,46.61,225.85,87.09,109.18,58.38,104.77,80.9,67.26,37.41,218.2,60.44,224.09,85.86,384.23,49.4,349.17,84.22,265.49,130.54,414.73,97.04,65.52,85.08,108.65,220.53,133.74,295.32,339.7,227.48,103.42,92.18,186.08
2002-01-12,99.79,234.7,237.08,341.1,275.02,282.96,106.04,278.27,225.67,167.24,108.63,74.89,168.1,121.07,244.43,86.68,88.91,109.18,89.6,155.43,46.68,227.82,87.68,108.96,58.32,103.82,79.94,67.37,37.2,220.19,60.37,224.17,86.73,388.73,49.61,347.25,83.82,269.48,129.64,411.88,97.17,64.76,85.67,108.26,223.8,134.81,296.67,333.84,227.18,104.0,91.2,187.31
2002-01-13,99.61,234.26,238.25,338.58,271.34,287.88,105.34,276.69,228.52,168.57,111.31,74.97,166.9,122.01,243.58,86.38,89.0,108.63,89.03,153.63,45.99,230.23,88.53,108.33,57.13,105.12,78.27,66.71,37.03,220.14,60.66,222.06,85.62,388.83,49.16,348.18,83.47,266.47,132.2,407.95,96.68,64.75,86.43,109.75,228.15,135.06,298.75,329.07,226.25,103.17,92.57,186.67
2002-01-14,98.85,232.57,240.56,336.73,270.21,285.67,105.27,273.03,227.43,170.1,111.19,75.29,165.9,122.83,240.51,84.86,88.96,106.87,88.85,153.84,45.93,227.5,88.91,108.95,57.87,105.17,77.22,65.34,36.38,216.29,61.04,224.7,85.64,388.67,48.5,353.84,84.36,265.38,130.41,415.24,96.61,65.92,85.34,109.17,230.97,136.61,296.47,327.91,225.63,103.4,92.15,185.81
2002-01-15,98.03,232.4,244.69,338.13,268.59,288.11,106.84,273.73,226.63,169.99,111.41,75.18,168.65,124.84,244.74,83.09,89.11,108.24,88.68,154.19,45.91,229.14,87.29,110.09,58.5,106.15,76.24,65.64,36.33,213.11,61.54,224.48,87.62,383.44,48.25,364.67,84.64,262.11,133.55,411.2,97.54,65.66,85.29,108.69,232.64,134.96,293.85,326.67,224.1,103.33,92.23,188.54
2002-01-16,96.69,230.62,240.07,336.12,270.15,283.24,107.17,265.6,226.61,169.06,112.08,75.23,166.5,125.37,247.77,82.23,89.9,107.03,87.11,153.69,46.01,230.22,87.53,110.65,58.52,105.61,75.36,65.36,35.6,211.87,61.46,224.51,88.11,388.77,48.6,365.56,84.39,258.96,135.28,410.07,97.78,65.39,85.11,109.75,235.65,135.94,291.47,322.43,225.06,101.94,91.98,190.01
2002-01-17,96.3,229.08,242.35,337.86,269.29,284.66,109.38,273.64,229.76,165.98,112.81,75.89,168.62,126.44,245.88,82.75,90.89,107.69,86.57,154.02,45.25,230.76,88.99,108.61,58.13,105.23,76.33,64.97,35.59,215.51,61.82,224.84,88.5,378.3,47.88,364.24,83.97,257.02,136.88,411.04,96.3,64.19,85.57,109.96,235.68,135.81,289.98,317.22,226.54,101.7,93.58,190.83
2002-01-18,94.5,225.48,239.48,338.55,267.26,288.6,109.08,274.0,229.97,167.22,114.22,75.87,166.35,124.91,249.21,82.55,93.46,105.75,85.79,153.46,44.57,231.58,89.68,107.16,56.96,105.91,76.25,65.13,35.46,215.98,61.61,227.54,89.18,379.14,47.61,366.79,84.53,259.17,139.06,410.55,96.66,64.26,85.77,110.7,236.9,134.32,286.18,315.92,223.55,100.33,92.28,190.21
2002-01-19,93.28,224.67,241.37,341.28,266.53,294.28,109.33,273.11,230.17,164.88,114.05,75.31,165.8,125.93,247.16,81.58,94.17,105.78,86.96,153.98,44.85,232.87,89.48,109.53,57.34,107.7,75.54,65.07,34.88,214.39,61.6,229.75,88.35,371.89,47.25,368.64,83.58,258.15,139.48,411.92,96.53,64.49,85.06,110.8,234.61,134.44,283.81,318.09,223.42,99.22,92.83,192.12
2002-01-20,94.25,227.75,239.84,338.86,268.61,294.32,108.19,274.61,227.75,165.41,113.45,75.67,168.56,125.99,245.69,81.94,95.29,106.88,87.49,152.83,44.4,236.08,87.7,110.72,57.61,108.94,75.61,67.0,35.07,214.9,60.85,226.97,87.49,368.61,46.56,366.28,82.87,257.31,138.71,407.38,97.69,64.72,86.0,111.0,235.01,131.96,284.11,318.95,222.94,99.36,91.36,190.1
2002-01-21,95.98,228.7,242.11,337.4,270.75,291.33,106.92,271.61,230.7,161.53,114.43,76.16,168.66,126.08,244.44,81.91,96.09,106.57,88.53,152.61,43.35,236.23,88.67,110.03,57.68,108.83,74.95,67.53,35.51,211.2,60.87,229.29,88.09,370.81,46.89,367.58,83.08,254.76,137.48,412.69,97.6,65.47,86.05,108.77,238.94,132.41,281.46,321.56,220.84,97.87,91.77,189.1
2002-01-22,97.03,233.36,244.25,336.35,271.06,294.03,107.5,268.83,232.18,161.62,112.82,76.57,167.1,126.13,250.14,81.38,94.79,107.78,89.25,153.0,43.36,235.22,87.64,109.2,58.48,108.27,76.67,67.31,35.62,213.18,61.52,230.69,88.69,373.03,45.83,368.72,83.52,250.72,139.24,415.78,96.7,66.37,87.97,108.16,238.21,134.43,282.7,317.98,221.12,99.13,91.57,189.41
2002-01-23,97.81,234.33,243.92,336.84,271.47,294.29,108.88,270.91,232.8,159.99,113.66,77.19,165.35,124.92,253.54,81.07,96.38,107.59,89.97,151.75,43.33,231.33,85.77,107.42,57.82,107.45,76.06,67.17,36.18,214.16,61.29,231.26,89.73,374.52,45.8,365.78,82.94,248.31,140.81,416.67,95.34,66.4,87.38,110.29,239.01,134.37,281.36,317.64,219.3,97.87,93.0,189.09
2002-01-24,97.19,236.29,247.55,343.82,270.74,296.57,109.34,271.94,233.22,159.41,113.36,76.26,165.77,124.35,248.06,81.04,95.59,107.99,90.82,152.85,43.59,231.69,84.63,106.53,57.36,104.89,76.19,67.48,35.92,208.58,61.09,228.07,89.38,373.96,46.02,362.09,83.21,249.61,139.74,416.22,95.25,66.57,88.07,110.39,239.26,133.89,282.95,314.39,221.63,98.24,94.65,192.47
2002-01-25,96.2,236.36,245.49,345.88,269.64,297.72,109.9,273.1,232.49,159.9,114.24,76.43,168.65,122.7,252.64,80.29,94.46,109.18,90.62,153.85,42.97,230.2,85.75,106.92,58.19,103.82,76.81,66.99,35.86,205.5,61.9,228.41,89.03,374.06,45.43,361.24,82.77,250.01,139.23,413.46,94.57,65.87,86.93,110.26,237.9,132.13,286.39,316.3,219.58,98.09,95.07,190.12
2002-01-26,95.86,236.11,247.97,349.38,264.97,299.42,110.58,272.95,231.76,161.08,113.46,75.62,167.54,122.8,255.21,79.98,94.03,109.56,91.63,152.68,43.79,230.57,86.03,107.95,58.39,104.34,76.76,68.51,36.73,206.01,62.24,226.81,90.69,376.16,45.48,357.82,82.73,245.52,139.83,410.34,94.12,67.52,87.04,109.88,239.24,131.81,288.32,317.5,221.75,97.36,96.85,192.59
2002-01-27,96.42,236.32,245.47,343.96,264.24,303.15,109.85,269.34,230.78,158.44,113.41,77.14,167.73,124.09,256.83,81.14,92.6,108.76,90.99,153.04,43.7,228.78,87.26,108.58,58.3,106.03,77.24,69.19,35.89,203.42,61.71,226.29,89.62,371.12,45.68,360.48,81.65,241.5,140.15,402.7,93.87,67.16,85.73,110.67,236.96,130.57,282.05,321.84,218.63,98.37,97.6,192.5
2002-01-28,96.5,240.95,246.64,345.59,266.12,304.95,110.68,266.94,230.65,161.16,113.84,77.66,166.88,122.43,254.95,81.26,92.72,111.16,90.32,154.58,43.24,229.4,86.66,110.56,58.42,105.47,78.7,69.78,36.11,203.02,63.14,224.2,90.03,373.48,45.43,356.21,82.21,243.37,137.72,398.3,92.77,66.83,85.91,111.71,235.04,129.03,281.46,321.7,219.09,99.73,99.8,189.54
2002-01-29,95.89,238.18,248.35,344.22,263.81,302.86,110.0,271.97,229.35,159.74,112.7,77.39,166.26,124.92,253.05,80.41,92.39,111.19,90.15,153.7,43.66,230.41,87.44,112.47,58.48,105.35,78.16,70.8,36.46,200.6,62.07,225.22,89.16,371.18,45.43,350.63,82.97,244.84,140.29,394.06,92.7,67.92,86.1,112.58,235.78,128.21,279.65,326.28,215.01,99.12,99.13,188.24
2002-01-30,96.73,238.07,250.78,346.68,266.61,306.76,109.56,265.44,231.62,159.04,111.41,78.33,165.28,123.9,254.79,80.57,92.48,111.16,90.95,157.46,43.48,227.94,86.99,110.5,58.45,104.07,79.07,71.5,36.48,199.57,62.65,226.86,89.65,366.59,45.04,351.31,83.96,241.83,138.46,389.65,91.29,67.96,86.74,112.28,232.81,126.75,281.63,329.5,218.6,99.91,100.24,188.82
2002-01-31,96.59,238.84,251.31,346.36,269.5,306.15,110.33,266.13,229.15,159.18,111.72,77.9,167.06,124.27,257.68,80.58,91.53,111.82,91.89,161.84,43.93,228.68,86.1,108.41,58.7,105.09,78.96,70.82,36.21,199.24,64.19,224.12,90.04,363.55,44.41,343.89,84.79,245.33,135.76,384.79,93.3,68.31,87.38,111.92,231.71,127.8,278.94,331.87,221.24,98.68,99.58,187.0
2002-02-01,97.22,236.83,249.86,346.78,266.1,303.07,109.71,260.53,230.39,160.07,111.9,78.35,163.64,124.93,261.35,80.23,91.25,113.51,92.36,161.13,43.96,229.56,85.54,109.0,58.53,105.64,79.75,70.29,35.94,202.01,64.47,220.66,90.4,369.37,44.81,344.55,85.01,246.04,133.63,386.94,94.93,68.3,86.51,111.71,227.66,128.32,285.56,331.53,219.91,99.68,99.51,184.97
2002-02-02,99.46,232.43,249.39,347.82,265.57,305.74,108.01,263.52,231.45,162.27,111.77,77.48,164.03,124.0,265.41,80.67,90.04,113.31,92.12,160.4,43.53,224.77,86.03,108.73,58.42,104.2,79.21,69.79,35.51,201.27,63.28,223.18,91.06,370.5,44.79,350.14,85.93,246.25,137.02,390.42,95.5,66.99,86.3,110.94,227.43,124.81,281.02,331.77,219.28,99.61,101.13,184.83
2002-02-03,98.63,235.79,249.79,348.09,262.59,303.61,106.86,263.56,229.13,161.83,112.15,78.21,165.17,123.84,260.84,81.08,90.08,112.14,92.75,161.61,43.53,221.67,87.23,108.31,57.95,103.23,80.1,69.43,35.58,201.0,62.79,222.76,89.5,373.5,43.89,354.84,85.96,244.98,136.15,382.96,95.83,67.24,86.6,111.21,226.01,125.24,282.99,330.07,220.67,99.61,102.56,185.08
2002-02-04,98.08,233.52,250.59,349.65,258.51,302.81,106.48,263.04,231.39,160.98,111.16,79.09,168.28,124.11,258.21,80.09,90.35,108.58,93.19,162.63,43.07,225.65,85.41,106.83,57.69,102.36,80.1,69.91,35.31,199.03,63.17,222.63,89.79,371.81,43.82,353.43,87.47,246.7,139.32,380.03,95.76,66.02,86.66,110.33,220.45,125.88,283.18,332.81,215.75,99.24,102.22,183.93
2002-02-05,98.65,236.89,250.34,356.29,258.06,303.55,106.9,258.02,234.24,161.82,109.59,79.44,167.5,124.2,254.66,79.13,90.55,109.27,94.23,161.24,43.71,228.95,85.42,108.65,56.96,100.39,80.5,70.08,34.78,197.66,62.41,222.44,87.93,374.97,43.96,353.49,87.1,247.41,141.33,377.08,96.46,65.95,85.16,111.13,216.23,126.28,283.58,334.49,217.45,100.4,103.76,184.1
2002-02-06,98.23,242.64,246.1,350.03,257.05,302.19,104.71,252.52,236.56,162.28,108.1,79.09,168.52,123.47,255.16,80.07,90.85,110.94,95.59,161.8,44.22,229.12,85.99,108.17,56.58,101.92,80.37,69.86,34.34,194.52,62.15,225.04,89.49,376.88,43.39,349.05,87.72,251.85,141.38,370.7,95.96,66.19,84.52,109.35,215.58,127.82,282.47,338.01,217.7,99.61,103.01,184.24
2002-02-07,98.06,243.34,243.93,354.62,259.2,304.02,103.05,248.79,238.89,161.78,108.1,79.02,168.25,125.39,253.96,79.91,90.92,110.27,94.24,162.74,43.95,232.03,85.5,109.25,56.66,101.03,80.12,70.22,34.29,194.38,62.36,227.19,89.33,373.21,43.56,353.16,87.15,254.6,140.28,375.03,96.47,67.18,83.95,108.01,215.48,126.53,286.92,340.23,211.58,99.87,104.34,185.76
2002-02-08,96.96,247.3,240.11,359.41,257.63,304.6,105.34,248.78,238.21,164.09,109.39,78.43,166.87,124.09,256.36,79.52,92.38,109.59,94.2,162.73,43.38,234.25,86.27,109.61,56.71,101.38,80.1,70.04,34.97,191.37,63.38,224.29,91.3,369.56,43.3,351.73,86.84,255.47,139.1,364.2,97.58,66.7,83.93,110.05,214.22,125.92,285.2,335.16,211.76,99.85,105.19,188.11
2002-02-09,96.19,246.94,236.13,352.99,255.69,306.5,102.02,246.05,239.22,161.44,109.64,79.14,166.69,126.41,255.0,79.78,91.96,108.63,94.51,162.33,43.08,235.34,86.85,111.51,56.85,102.04,79.01,69.16,34.59,188.9,63.9,223.1,90.26,369.49,43.37,360.36,87.23,256.55,139.19,359.14,98.67,66.86,83.43,110.12,216.31,123.66,284.01,337.96,210.72,101.92,105.86,189.84
2002-02-10,95.28,248.52,235.71,357.47,252.31,306.77,101.92,246.61,239.29,160.77,110.53,79.08,166.21,126.49,253.03,80.49,92.95,107.4,94.13,161.7,42.64,236.73,86.63,112.7,56.37,102.44,79.48,68.53,34.61,189.1,63.23,220.59,90.53,372.14,43.03,359.98,86.35,255.49,141.4,356.36,97.68,68.19,83.58,111.21,218.33,123.21,284.98,340.08,213.65,101.33,107.01,191.28
2002-02-11,95.19,248.08,232.31,362.85,253.28,300.34,102.93,250.42,238.54,158.61,112.47,80.31,165.31,126.32,250.55,81.5,93.79,107.12,94.9,162.07,42.65,239.02,87.5,113.23,56.67,103.41,81.56,67.98,34.33,188.85,63.72,218.65,92.19,367.95,42.98,360.41,86.5,257.85,139.45,357.14,98.52,67.39,83.11,112.62,217.02,122.97,287.41,347.53,215.05,101.24,109.23,191.92
2002-02-12,96.85,243.31,228.3,356.65,255.56,292.03,102.58,249.36,242.33,159.22,112.43,80.51,168.96,124.97,250.82,82.48,94.65,107.23,95.48,165.13,42.57,239.53,86.55,112.11,56.86,103.32,81.93,67.94,34.52,188.46,63.31,216.9,93.52,369.03,43.34,360.5,86.11,253.57,137.69,361.69,99.43,67.57,84.65,111.85,220.92,123.55,291.26,343.23,213.95,100.97,109.6,190.72
2002-02-13,96.84,243.82,227.87,355.88,258.95,296.91,103.43,245.11,242.86,158.21,111.46,81.24,169.38,125.93,247.44,81.27,94.63,107.12,96.14,164.67,42.22,241.59,85.13,110.76,58.13,102.05,83.53,66.87,34.51,193.3,64.06,215.77,92.44,360.87,43.5,360.22,86.47,254.46,138.22,360.45,100.62,67.73,83.68,112.55,217.28,120.43,291.1,340.1,215.82,99.59,111.64,192.95
2002-02-14,97.9,246.41,224.19,359.58,256.19,297.2,104.69,243.96,241.19,159.26,111.03,80.75,168.33,125.91,248.59,81.51,95.47,108.84,96.21,164.28,41.78,238.5,84.53,110.33,57.89,101.74,85.04,67.59,34.57,193.7,63.02,215.34,92.46,357.09,43.83,373.98,85.25,258.51,138.53,363.69,101.2,66.99,84.2,112.93,216.67,119.64,287.29,336.98,213.62,99.39,109.21,189.26
2002-02-15,97.73,248.57,222.76,360.82,259.02,298.5,104.7,243.92,243.27,157.94,111.91,80.69,168.19,124.92,247.89,80.75,94.47,108.34,95.64,166.61,41.61,237.33,84.41,111.28,57.64,102.23,84.63,68.42,34.34,192.74,63.34,216.42,92.27,353.22,44.02,378.52,84.42,256.5,135.14,359.45,100.78,66.09,84.77,111.66,219.74,120.19,282.62,339.76,215.19,99.04,110.35,186.98
2002-02-16,97.67,248.58,223.12,361.03,257.95,296.15,104.13,244.45,246.93,157.21,113.5,80.22,167.82,125.99,245.16,82.17,91.9,109.91,96.4,165.58,42.14,242.39,85.89,112.49,57.84,101.94,83.16,68.88,34.18,193.09,64.25,212.23,91.37,348.42,44.1,376.34,83.57,254.36,134.98,362.56,100.95,66.53,86.2,112.54,221.22,121.77,281.8,338.26,214.37,99.41,111.91,187.23
2002-02-17,97.49,247.0,221.59,358.49,260.12,299.51,102.92,246.13,243.8,157.79,113.89,79.9,166.87,125.85,244.16,81.41,92.26,109.16,96.91,167.87,42.26,240.37,85.51,110.64,58.38,101.05,84.2,68.95,34.18,193.07,64.76,208.26,90.7,348.49,44.6,381.2,83.36,254.38,135.64,355.15,101.34,67.29,85.29,112.64,220.77,123.12,279.54,336.3,214.92,100.03,110.38,184.0
2002-02-18,97.53,249.89,221.17,362.36,258.6,297.09,99.95,243.11,241.88,157.75,113.87,80.39,167.94,123.83,240.09,83.59,94.11,109.71,96.06,166.59,43.32,237.68,85.61,112.32,58.18,102.49,85.12,69.42,33.98,189.51,64.74,208.68,90.2,346.4,44.44,382.49,83.43,253.17,137.15,361.96,100.1,66.65,84.79,110.02,222.11,124.51,276.96,336.18,217.41,98.81,108.7,185.33
2002-02-19,98.45,248.73,217.52,359.93,263.81,297.78,100.02,242.18,242.75,155.05,115.77,80.84,165.08,123.69,241.46,82.65,96.31,111.48,96.22,164.86,44.13,237.94,85.15,110.99,57.64,102.34,85.54,69.81,34.02,190.3,65.08,207.01,89.65,343.35,44.33,378.31,82.04,252.8,138.34,356.82,100.29,67.67,85.39,109.21,223.04,125.47,281.72,335.36,218.1,98.47,107.9,185.3
2002-02-20,99.82,245.2,216.42,359.98,266.52,296.35,99.24,242.5,238.05,156.38,115.82,79.89,163.37,121.7,240.66,83.22,95.62,111.1,97.72,166.76,44.05,233.38,85.48,109.54,57.5,101.98,85.12,69.36,34.37,188.38,65.3,209.51,89.87,342.96,45.48,375.76,83.9,256.51,136.19,359.03,98.08,68.06,84.7,108.99,221.62,124.44,284.38,329.9,220.56,98.66,108.02,182.85
2002-02-21,99.48,245.3,218.16,357.05,266.97,300.13,101.5,242.69,236.87,156.94,115.64,79.87,163.21,121.49,240.5,83.8,95.98,110.3,95.27,164.09,44.0,232.56,85.8,110.85,57.57,101.18,85.61,68.72,33.92,186.63,65.38,207.44,89.42,338.14,45.19,375.23,85.09,255.29,138.27,357.09,95.43,69.37,84.18,107.99,223.97,124.86,281.05,329.08,219.73,98.36,107.12,184.23
2002-02-22,98.84,245.76,218.33,356.66,270.76,300.02,100.89,243.73,237.18,158.41,117.87,80.13,163.03,120.64,242.57,83.29,96.81,111.19,93.66,161.1,44.41,235.28,86.82,110.61,57.65,100.84,85.09,68.09,34.32,189.3,64.96,207.0,89.66,338.36,45.37,374.56,84.32,258.28,140.49,356.08,95.45,70.63,83.6,108.38,224.44,126.41,280.24,333.04,221.69,98.95,106.46,180.57
2002-02-23,98.17,248.81,218.39,356.29,273.83,299.14,99.71,246.49,238.59,156.71,119.75,78.58,164.31,120.39,239.61,84.2,96.71,110.84,94.23,160.54,43.49,233.64,86.77,110.69,57.77,102.03,85.9,68.7,33.98,187.72,65.45,207.82,89.66,336.46,45.41,367.24,84.08,257.01,142.96,355.87,97.06,70.36,83.45,107.13,223.83,127.98,281.32,335.23,221.08,97.59,105.97,182.84
2002-02-24,97.96,247.86,222.42,352.02,269.94,302.99,101.28,244.35,240.78,159.89,118.92,78.48,164.8,121.29,241.51,85.32,96.89,111.7,95.02,159.67,43.45,235.43,86.99,111.88,58.31,101.18,86.75,68.71,33.9,188.51,65.61,206.66,88.77,334.4,45.16,363.01,83.29,260.41,143.67,355.73,97.64,70.61,83.32,106.43,224.13,128.94,277.05,334.47,220.25,97.57,106.1,182.35
2002-02-25,96.89,250.7,222.54,350.18,275.92,305.14,102.09,247.16,244.49,160.33,119.53,77.92,162.88,120.33,243.05,85.93,96.12,111.31,94.37,157.33,42.9,235.69,86.93,113.62,58.79,99.87,87.14,69.09,34.31,189.86,65.3,208.27,88.49,333.88,45.05,368.25,83.34,259.02,143.41,348.77,97.91,71.31,80.38,106.36,222.31,131.07,275.5,334.95,218.45,97.64,106.16,183.91
2002-02-26,95.28,247.78,221.35,349.17,276.48,301.84,102.74,248.09,242.47,161.41,120.23,76.87,160.76,119.96,245.48,84.78,96.74,109.96,92.97,157.92,43.13,229.23,87.75,113.46,58.38,99.38,87.86,70.37,34.66,186.58,65.1,209.89,89.14,332.38,45.34,369.3,83.57,260.99,142.16,351.11,99.18,71.71,79.94,107.46,222.01,133.85,275.33,335.52,216.48,97.04,107.97,188.25
2002-02-27,96.12,250.57,227.42,347.79,277.9,302.98,104.89,244.06,245.13,161.12,119.65,76.24,162.75,119.93,244.35,84.81,96.5,110.02,90.84,155.44,43.07,227.6,88.37,114.14,58.86,99.4,88.24,72.0,34.77,188.84,65.46,211.43,88.93,331.57,44.5,371.92,83.83,258.74,143.31,347.01,98.36,71.3,80.81,107.28,215.31,134.86,278.12,341.38,216.0,97.31,108.55,186.95
2002-02-28,96.92,253.26,226.66,349.67,279.75,303.24,102.54,244.06,249.82,161.59,119.31,76.04,162.54,119.28,245.72,84.46,97.59,107.16,90.36,153.84,43.25,227.63,88.64,114.92,58.82,98.97,87.24,73.28,34.79,189.17,65.64,212.18,87.24,333.08,44.85,376.34,82.84,260.97,142.69,344.97,99.94,70.06,81.8,106.4,215.64,134.29,272.48,342.93,214.51,97.06,109.97,183.16
2002-03-01,98.29,253.07,227.3,349.41,279.98,298.44,101.89,246.98,251.77,162.05,116.98,75.35,165.18,119.8,246.11,84.41,99.24,107.0,90.61,154.64,43.01,231.09,89.02,113.2,58.48,99.74,88.21,74.78,35.07,193.27,64.7,213.57,86.06,332.83,44.98,373.28,82.79,258.48,141.34,357.02,99.33,71.24,80.3,108.02,213.44,133.18,269.78,340.08,212.48,96.23,109.05,182.51
2002-03-02,98.54,256.7,227.34,355.59,276.01,297.8,102.64,246.97,254.46,161.63,119.89,74.39,164.29,120.91,245.35,83.6,100.77,106.08,89.52,154.75,42.77,235.36,87.43,112.65,59.06,100.63,88.34,75.12,34.08,193.03,64.69,215.25,85.84,337.47,44.86,375.14,83.26,260.34,140.83,365.93,100.96,71.22,81.43,107.2,211.24,133.11,274.47,339.13,211.32,97.13,107.87,183.16
2002-03-03,97.08,254.73,225.82,361.97,274.57,290.57,103.4,242.17,249.9,161.45,120.25,75.07,162.03,120.02,249.55,83.84,99.99,106.39,89.58,154.0,43.4,236.32,86.58,112.4,60.27,102.72,87.86,75.49,34.35,191.03,64.66,213.07,87.69,337.96,44.85,369.97,82.83,263.07,141.85,370.71,102.21,70.09,81.52,107.35,213.27,131.81,276.23,337.07,211.0,99.23,108.02,182.95
2002-03-04,96.57,257.57,227.19,363.94,272.88,293.07,104.48,243.35,249.2,163.43,120.16,74.79,162.33,122.01,247.71,84.18,98.32,105.53,89.35,152.59,43.34,232.99,85.81,112.21,59.86,102.55,87.29,74.93,34.65,195.21,65.3,214.64,87.02,343.89,46.21,373.31,83.03,262.88,141.18,375.4,101.07,71.33,81.92,107.66,210.13,131.77,278.54,333.25,213.8,100.24,109.42,178.88
2002-03-05,98.19,256.92,225.75,371.18,272.12,291.85,103.66,240.75,246.07,160.76,119.59,74.8,163.26,123.98,244.95,84.18,99.88,105.32,89.64,154.16,42.43,230.81,87.08,112.52,60.19,103.97,85.39,74.37,34.62,195.23,65.41,214.6,87.96,345.54,45.41,370.56,84.31,260.89,140.22,376.2,99.75,71.09,82.63,107.69,208.99,129.85,277.43,335.9,210.92,99.82,110.05,176.07
2002-03-06,98.46,254.49,225.28,376.4,272.14,288.26,105.12,241.59,242.66,160.87,118.19,74.08,161.79,122.55,243.84,84.99,98.67,104.54,90.82,154.05,42.83,227.38,86.29,114.99,59.3,103.34,85.5,74.32,34.2,198.12,64.58,214.66,87.58,348.23,44.79,365.28,83.98,257.27,142.0,380.11,99.74,72.03,81.39,106.9,207.87,127.28,275.99,343.62,210.3,99.75,109.46,179.23
2002-03-07,98.33,250.09,226.2,377.85,273.65,286.7,107.26,242.3,242.85,158.43,117.16,74.04,162.94,119.88,246.77,85.43,97.15,104.44,89.18,152.63,42.68,226.34,86.31,115.75,59.94,104.42,85.49,74.19,33.74,197.56,64.98,215.19,86.37,347.15,44.18,365.28,83.71,255.24,142.02,376.04,100.28,71.63,81.73,106.18,208.26,126.98,272.64,347.95,208.66,100.35,108.66,178.23
2002-03-08,98.87,250.46,229.66,377.84,276.03,286.55,106.38,242.72,241.47,157.09,116.6,73.13,163.97,121.33,250.84,84.33,96.44,104.15,89.62,151.85,41.7,228.59,85.57,115.35,59.9,106.73,85.29,74.98,34.26,194.87,64.97,213.56,88.25,345.29,43.88,369.66,83.86,253.64,142.23,373.99,98.46,72.19,81.64,104.4,206.57,127.03,273.85,353.88,207.53,100.73,109.23,177.74
2002-03-09,97.42,249.71,229.67,376.86,274.84,285.15,106.33,245.19,242.35,156.37,116.93,73.75,161.28,122.15,249.18,83.48,96.72,103.62,89.64,151.47,41.29,230.38,84.61,114.7,60.13,105.06,84.54,75.59,34.08,199.79,64.8,213.5,86.03,347.17,44.06,367.2,84.34,254.98,142.88,377.32,98.14,72.2,82.25,105.49,204.1,128.79,271.24,347.13,209.2,101.15,107.85,179.8
2002-03-10,96.98,248.42,229.13,378.87,273.66,284.55,105.56,243.98,242.53,158.32,115.31,74.66,159.66,122.21,248.07,83.81,97.08,101.72,87.95,153.41,41.64,232.81,84.31,112.74,60.2,106.76,84.75,74.87,34.0,198.08,64.56,211.7,85.52,351.12,43.82,369.72,82.21,258.66,143.56,386.14,96.88,71.13,81.88,106.57,206.23,126.87,271.22,343.03,212.79,98.76,107.72,181.38
2002-03-11,97.39,248.25,226.32,373.34,274.6,280.54,105.41,242.39,242.77,158.92,115.59,75.15,157.81,123.7,247.63,82.18,97.36,102.33,88.5,152.91,41.74,231.13,85.07,113.64,60.49,107.91,85.54,76.17,34.12,199.28,64.3,212.74,85.3,346.81,43.71,371.61,82.09,252.51,143.17,388.91,95.51,69.49,81.64,105.69,207.53,126.3,269.78,341.45,215.22,100.33,108.6,178.4
2002-03-12,95.31,249.2,224.43,380.43,270.74,281.92,103.49,239.08,243.36,156.21,117.66,75.09,155.11,122.43,247.68,81.81,96.54,103.46,88.96,155.52,41.38,233.41,84.66,113.05,60.74,105.7,85.77,75.41,34.06,194.76,63.96,209.1,84.88,346.57,43.49,376.96,82.21,250.22,142.66,381.98,94.11,69.98,81.74,104.74,205.29,129.03,270.33,340.94,215.98,98.33,109.4,179.24
2002-03-13,96.53,249.33,219.38,379.55,274.41,283.64,104.55,236.91,242.14,153.66,117.76,74.02,154.98,123.04,250.14,81.75,97.78,103.56,90.48,155.33,41.39,234.4,84.26,114.24,60.26,104.36,85.02,77.01,34.02,194.1,63.81,208.29,84.71,344.25,43.53,379.3,82.02,254.22,144.53,381.09,94.77,69.19,83.37,105.15,203.09,127.39,274.96,341.77,216.81,98.54,110.19,177.59
2002-03-14,95.24,247.88,220.14,374.31,271.94,284.87,106.25,237.26,245.88,151.94,118.19,73.08,155.29,124.35,250.63,81.32,97.74,101.9,89.53,155.26,41.51,235.04,84.39,114.21,60.81,104.03,85.84,78.04,34.07,191.22,63.29,208.5,83.69,342.7,43.98,385.45,81.54,253.61,144.38,383.27,95.49,71.17,84.16,107.86,203.37,127.04,272.49,335.29,213.18,100.13,109.25,177.43
2002-03-15,95.56,247.17,219.38,374.2,271.86,284.18,107.58,236.74,246.77,150.49,118.38,73.54,156.05,124.61,256.18,82.72,96.48,101.89,88.65,154.5,41.54,234.25,84.35,117.02,61.17,106.67,86.0,77.96,33.75,187.18,62.49,211.51,83.8,338.82,43.89,383.89,82.6,251.83,143.24,382.99,94.83,70.82,84.8,106.1,205.83,127.97,277.05,335.43,213.38,98.99,108.59,178.76
2002-03-16,96.2,257.28,219.24,374.02,272.04,288.09,107.38,238.81,244.38,150.94,119.5,73.47,155.99,125.02,253.27,82.23,96.92,101.91,90.13,152.1,41.41,238.61,85.71,117.77,61.13,106.38,86.74,77.52,33.38,189.65,62.23,214.39,83.71,336.42,44.51,382.55,82.47,251.5,143.47,386.55,94.79,70.14,84.54,107.06,206.15,127.04,279.81,341.29,211.87,100.48,110.66,179.63
2002-03-17,97.1,257.96,219.42,372.88,271.94,290.19,107.71,239.98,245.37,150.52,120.08,74.45,155.34,123.42,253.76,82.07,97.81,102.71,88.7,154.72,41.27,235.52,87.18,118.19,61.54,106.74,87.51,77.21,34.0,191.89,61.49,212.86,83.73,338.13,44.88,382.2,82.2,252.6,141.42,393.48,93.36,70.03,84.25,106.44,207.43,125.97,278.54,344.9,214.08,99.42,110.33,179.26
2002-03-18,97.17,256.57,214.86,374.94,271.82,292.07,106.69,241.54,243.74,152.17,120.29,75.71,154.65,119.87,251.34,81.63,99.74,103.44,88.48,155.99,41.43,233.86,87.29,120.98,61.63,105.12,87.76,77.08,34.06,189.05,60.39,210.57,82.39,339.81,45.44,380.92,81.46,250.17,139.41,397.81,92.71,71.34,83.8,105.18,208.77,125.76,278.45,342.5,211.57,101.31,110.49,178.0
2002-03-19,95.8,257.11,219.1,374.09,265.93,287.8,106.85,239.92,244.04,151.67,119.56,75.75,153.21,121.05,250.94,83.54,99.04,105.15,87.09,160.04,41.36,231.8,86.4,123.22,60.87,104.92,87.13,77.37,34.16,190.93,60.04,214.31,81.55,338.52,45.77,380.24,81.65,249.85,142.02,394.39,92.32,71.86,84.27,105.08,209.01,125.27,278.41,336.66,211.49,102.1,111.63,181.05
2002-03-20,95.69,260.69,218.25,366.56,265.5,286.66,107.7,241.38,242.48,152.43,119.22,74.96,153.15,119.96,249.31,84.09,98.06,105.47,86.77,158.68,41.39,232.06,85.44,125.46,60.76,106.52,88.82,77.89,33.86,195.22,60.41,213.55,81.81,336.81,46.29,382.73,81.29,247.63,141.73,396.8,92.74,71.87,83.81,104.71,209.58,124.75,276.45,335.99,216.24,101.44,110.93,181.53
2002-03-21,93.85,259.17,220.03,369.69,264.11,290.42,106.37,238.03,244.1,151.19,119.12,75.17,151.33,119.44,247.18,84.58,97.86,104.9,88.81,157.08,41.68,235.71,84.32,126.23,60.24,107.67,88.85,77.53,33.59,195.95,61.21,210.7,83.23,331.15,46.25,373.36,82.01,251.38,143.33,394.24,92.28,72.83,84.83,105.32,210.71,124.1,275.51,334.66,218.15,100.47,112.4,182.36
2002-03-22,93.34,260.66,214.01,373.86,265.17,292.77,105.79,236.62,241.32,151.21,118.44,75.47,150.14,120.12,253.43,83.95,97.01,106.3,89.22,157.66,42.18,231.5,83.3,126.35,60.44,108.1,90.56,77.54,33.64,197.16,62.54,207.93,83.36,334.63,45.11,376.7,82.92,249.85,143.26,390.71,92.49,74.14,85.63,104.75,212.52,125.47,275.1,336.77,218.35,99.17,112.77,181.71
2002-03-23,94.16,262.18,214.65,374.77,269.27,294.11,105.84,235.8,240.81,152.82,117.5,75.85,150.92,121.21,252.98,83.94,97.88,106.25,88.71,154.86,41.54,235.36,83.01,125.07,60.86,106.71,91.56,77.33,34.0,194.73,62.13,209.69,84.4,335.22,45.2,379.2,83.85,249.56,142.76,390.93,92.0,73.62,85.3,105.05,213.68,125.2,281.79,328.02,220.82,98.53,112.17,181.76
2002-03-24,95.53,261.87,215.32,377.83,268.84,295.47,106.04,240.51,243.08,150.08,117.4,74.73,150.22,120.66,252.7,85.34,97.79,106.19,87.96,153.58,41.49,238.47,82.87,125.77,60.96,104.46,90.34,76.33,33.74,192.33,61.35,209.17,83.75,337.73,45.53,375.99,83.71,248.84,143.78,396.6,90.72,73.79,84.53,106.57,213.21,125.36,279.32,332.04,219.52,98.06,112.44,181.61
2002-03-25,94.94,261.41,211.91,373.27,264.64,300.36,108.24,239.0,240.43,150.5,119.72,75.91,150.04,119.18,250.57,84.81,98.12,106.6,89.61,155.09,41.84,241.58,82.72,125.58,60.14,105.79,91.85,75.97,33.95,187.61,61.01,208.75,82.05,332.88,45.68,378.19,84.72,250.18,145.09,394.03,89.25,74.17,84.51,107.96,214.05,125.09,279.55,330.02,221.08,98.69,113.64,184.22
2002-03-26,94.12,258.51,213.34,369.2,262.51,302.31,107.26,242.01,238.74,151.42,119.47,76.22,149.64,117.71,256.34,83.97,96.29,107.9,89.27,155.5,42.46,243.34,83.0,127.34,60.05,105.13,90.65,76.2,33.64,185.34,61.11,210.31,82.05,336.35,45.83,373.39,84.48,247.87,145.19,394.77,88.51,73.53,85.21,107.44,212.29,124.1,281.05,327.92,225.33,98.28,114.71,181.97
2002-03-27,94.07,260.29,213.08,368.93,262.89,301.2,106.88,241.16,238.84,150.77,119.57,76.75,150.58,116.81,257.72,84.75,95.8,107.45,88.63,155.6,41.83,246.65,82.28,126.07,59.7,103.68,90.86,76.29,33.52,185.02,62.14,213.33,82.36,334.98,46.09,371.38,82.59,246.31,148.8,392.94,88.78,74.51,84.33,108.27,210.12,123.81,281.5,326.84,229.03,98.07,115.11,181.04
2002-03-28,94.34,256.78,216.97,363.05,264.12,301.95,107.06,238.86,235.62,153.08,119.58,75.77,150.16,116.47,255.99,84.8,96.65,106.81,89.23,156.84,41.74,244.69,80.61,123.99,60.56,103.51,90.04,78.02,33.58,182.95,61.49,211.37,82.26,333.38,46.35,362.97,83.72,242.11,148.01,398.58,89.58,74.88,84.19,108.72,208.47,124.98,282.08,330.35,229.48,99.03,115.4,184.94
2002-03-29,95.33,259.74,217.85,365.13,266.28,303.32,106.64,240.7,232.23,154.29,118.81,75.42,151.01,117.48,255.84,83.69,95.87,105.4,91.46,156.04,42.0,245.06,81.62,123.37,60.99,104.75,89.81,76.84,33.38,181.37,61.93,210.78,82.98,335.26,46.54,368.99,83.65,243.02,146.73,406.07,88.83,74.47,83.44,108.47,209.29,123.52,281.91,329.02,226.32,98.08,115.65,185.96
2002-03-30,94.38,261.69,221.74,368.96,269.5,301.09,106.28,241.11,231.44,153.64,117.49,74.31,151.29,117.46,251.21,83.12,94.78,106.93,92.11,157.26,42.25,241.63,83.92,124.46,62.1,105.6,89.51,77.13,32.82,177.38,62.24,211.49,83.35,334.47,46.89,366.48,81.86,241.75,146.46,407.35,88.61,74.87,83.37,106.39,209.69,123.78,284.26,333.08,226.69,98.1,115.43,188.23
2002-03-31,95.3,266.59,223.62,371.65,272.73,300.58,107.85,236.74,231.96,153.36,117.66,75.21,151.33,115.43,248.03,82.15,94.84,107.07,92.47,159.03,41.69,242.22,84.05,123.38,62.19,106.73,88.39,76.84,32.48,177.24,62.65,212.68,83.06,337.05,47.05,364.99,81.26,244.16,146.67,407.76,88.51,75.35,83.57,108.31,209.7,122.05,287.38,325.93,222.87,97.66,116.77,185.19
2002-04-01,94.63,273.92,227.8,375.46,270.83,300.72,108.29,239.56,232.27,153.78,116.98,76.57,150.7,116.42,249.48,81.9,94.6,105.48,92.47,156.33,41.67,241.01,83.68,123.31,62.98,104.83,88.4,74.7,33.04,178.55,63.17,214.08,83.17,335.62,46.66,368.64,80.71,245.38,144.18,408.04,88.76,76.03,81.65,106.58,204.7,122.24,293.21,325.43,223.42,97.32,115.92,184.69
2002-04-02,95.14,274.53,230.46,377.18,268.75,300.5,108.87,235.33,235.43,154.37,116.22,75.56,150.02,116.56,250.54,82.66,94.21,107.56,94.11,155.41,41.96,240.18,85.01,123.19,62.37,104.67,89.25,75.49,32.61,180.65,62.44,217.63,82.96,338.48,47.42,374.15,80.87,251.36,143.97,407.11,87.75,76.29,81.32,107.34,204.97,123.17,292.43,326.89,221.98,97.67,117.09,182.67
2002-04-03,93.81,274.99,227.62,368.36,269.7,297.2,108.19,235.96,237.37,155.44,115.78,76.13,150.02,118.34,249.32,82.77,93.63,106.93,93.31,158.47,41.61,238.08,84.11,123.53,62.86,105.26,90.77,76.27,33.12,181.07,61.97,218.26,83.86,340.63,47.05,373.17,80.4,249.92,146.33,404.84,87.59,77.21,80.59,106.64,200.17,122.26,290.72,323.82,222.98,100.2,118.91,181.02
2002-04-04,93.44,274.14,226.36,370.09,274.23,300.53,108.59,237.17,237.63,153.29,115.79,75.06,149.9,118.89,252.57,83.54,95.22,107.46,94.76,159.98,41.72,234.66,84.06,123.91,62.13,106.3,90.5,75.33,32.69,180.0,62.08,215.72,84.44,343.94,46.8,375.99,81.0,248.03,146.38,411.84,87.12,75.52,80.73,107.68,202.38,120.81,291.5,323.92,220.38,101.52,119.45,181.63
2002-04-05,92.19,271.09,228.01,372.05,277.12,298.7,109.06,235.39,239.19,151.23,116.19,73.64,151.52,119.09,254.8,82.81,95.99,106.68,94.63,160.12,42.16,236.51,82.19,124.9,62.49,107.25,90.25,74.8,32.85,178.7,61.33,215.11,85.79,345.08,45.38,374.74,79.86,248.41,147.54,408.58,87.13,74.8,80.83,108.1,202.45,120.19,294.6,323.99,220.57,102.27,119.93,181.07
2002-04-06,91.62,266.32,229.99,366.37,277.66,298.48,109.11,234.61,241.15,153.21,114.51,75.49,150.75,119.23,253.01,82.63,95.33,105.96,94.73,164.9,42.87,239.32,81.06,126.0,62.65,106.59,90.95,73.94,32.94,180.55,61.39,215.58,86.33,342.48,45.36,374.46,79.88,251.2,145.9,412.75,86.73,74.69,80.97,106.64,201.26,121.16,297.09,321.27,220.28,102.14,119.52,181.52
2002-04-07,91.86,269.43,228.92,368.33,276.81,299.42,107.13,231.15,242.94,156.34,113.55,75.89,151.43,119.47,254.77,82.88,96.63,106.63,94.51,166.89,42.64,237.62,82.11,124.18,63.3,108.35,91.03,73.95,32.6,178.89,62.46,216.77,84.41,341.72,44.95,374.72,80.25,249.52,147.77,413.36,86.42,73.41,80.95,106.44,200.7,119.85,301.2,325.68,218.88,103.53,118.51,185.64
2002-04-08,92.87,268.3,229.42,364.74,275.34,299.59,106.74,229.63,242.58,156.99,112.94,75.65,150.21,117.57,257.12,83.52,95.82,106.38,94.82,167.84,42.67,235.91,82.93,123.69,64.42,108.37,90.56,72.36,33.14,181.94,62.05,215.52,84.11,348.39,45.5,378.88,80.34,251.66,146.29,414.11,86.07,73.25,81.44,106.19,199.79,121.11,299.44,324.99,216.73,105.25,117.69,187.72
2002-04-09,93.42,267.97,229.3,357.43,275.02,297.97,107.01,229.25,243.39,158.65,113.28,75.39,150.35,116.89,258.85,83.69,95.04,107.59,94.45,165.36,41.77,238.26,82.06,126.77,64.23,108.68,90.25,72.32,32.88,183.76,62.79,213.1,83.48,344.9,45.47,377.9,80.26,252.55,145.4,419.56,85.66,73.01,82.57,105.83,197.7,120.75,294.44,320.56,218.76,106.43,117.46,189.17
2002-04-10,91.16,264.35,230.23,365.42,278.13,297.31,107.23,229.36,242.71,161.06,112.55,74.65,153.4,117.05,258.65,83.15,95.53,106.34,94.9,164.72,42.09,242.29,80.95,125.81,63.5,109.23,89.8,72.75,33.21,182.99,63.33,213.98,82.88,342.15,44.53,376.06,80.98,250.52,144.33,418.68,85.95,73.61,82.28,104.72,196.93,119.7,296.14,324.09,219.06,107.93,115.68,190.58
2002-04-11,91.51,265.65,227.89,370.22,276.55,292.43,106.6,229.38,245.29,161.86,113.74,74.72,153.16,118.2,258.08,83.42,95.34,104.86,94.79,164.68,42.03,242.04,78.89,126.15,63.9,108.59,90.85,73.72,33.26,179.72,63.53,215.88,82.51,336.12,43.95,377.95,79.71,250.75,143.31,421.02,86.72,72.8,84.14,103.75,197.36,118.71,296.05,321.71,216.66,107.48,115.2,186.87
2002-04-12,90.5,267.78,229.75,371.07,274.38,294.52,106.95,235.32,244.78,161.1,113.92,74.23,153.94,119.09,262.55,84.23,94.42,106.63,96.25,163.24,41.98,240.32,79.36,126.23,64.16,108.11,90.7,73.81,33.24,177.45,62.62,217.13,81.09,339.46,43.46,377.36,81.16,252.09,143.73,417.93,87.61,72.27,84.37,104.02,197.56,118.69,298.71,324.22,209.88,107.57,115.95,183.29
2002-04-13,90.2,264.94,228.58,373.42,273.14,296.77,107.02,236.49,247.26,159.48,114.56,72.96,151.28,119.68,262.42,84.21,95.79,107.61,96.9,161.49,42.2,235.35,80.15,126.91,64.3,107.79,89.41,73.44,33.25,177.49,62.84,222.09,80.69,345.5,43.02,375.69,81.54,254.54,145.4,422.34,86.97,72.92,84.61,104.39,194.99,117.03,296.36,325.07,211.02,107.66,113.44,181.01
2002-04-14,90.17,261.41,231.44,373.46,277.7,296.43,107.28,237.47,249.07,161.33,116.21,73.1,150.52,119.87,264.47,83.96,96.77,108.21,96.62,158.9,42.3,234.86,82.66,127.5,63.13,107.27,89.32,72.98,33.22,179.14,62.92,224.07,80.16,346.07,43.48,374.55,80.74,251.22,149.53,418.97,85.5,71.89,84.93,103.77,193.38,118.13,298.61,327.9,212.37,109.77,111.91,180.04
2002-04-15,91.35,263.05,228.38,370.45,280.46,293.8,105.03,239.94,248.76,158.17,115.75,73.4,150.68,119.78,261.12,84.46,97.35,107.67,97.06,158.22,42.12,233.46,83.34,127.46,63.3,107.94,88.63,71.92,32.62,182.61,62.64,225.34,79.76,344.59,43.75,373.12,80.81,251.09,148.46,426.77,86.14,70.89,86.26,104.47,193.71,118.04,299.65,329.48,212.47,110.76,111.23,181.25
2002-04-16,91.77,264.45,230.48,372.0,283.61,293.94,105.68,237.39,252.13,153.73,115.66,73.89,148.57,117.16,261.16,85.52,96.08,108.1,98.56,158.38,41.67,230.99,83.62,126.12,62.99,106.49,88.71,71.9,32.44,180.66,61.56,223.95,80.48,345.23,43.85,376.04,82.06,251.28,146.16,430.49,87.92,70.22,85.39,105.36,193.79,116.76,299.57,330.6,211.09,111.69,111.53,181.26
2002-04-17,91.69,266.25,232.41,368.86,284.51,290.74,107.44,235.59,256.87,153.3,116.52,74.23,149.57,118.4,259.35,84.47,95.11,107.24,97.61,157.17,41.72,230.21,82.98,126.15,63.25,105.63,89.52,71.12,32.18,182.49,61.77,224.43,81.13,348.01,43.64,373.4,82.01,251.04,147.07,432.09,87.21,70.64,86.19,103.96,191.42,116.26,297.25,335.17,210.67,110.75,111.74,179.87
2002-04-18,92.35,265.93,234.85,372.26,282.18,291.0,106.24,236.53,255.13,154.31,115.32,72.38,148.58,120.11,262.63,84.1,96.7,107.96,98.01,156.03,41.52,230.62,81.76,126.35,64.44,106.34,88.06,70.89,32.49,185.06,61.77,223.74,80.9,339.59,43.83,372.62,81.58,249.36,145.76,429.04,86.72,69.36,86.42,104.37,193.02,115.65,301.27,333.29,208.9,110.9,110.79,178.71
2002-04-19,92.95,271.38,232.83,373.1,284.12,290.33,106.7,235.18,254.49,152.49,113.98,71.96,148.83,117.4,266.82,83.58,97.31,109.01,99.06,158.42,41.42,233.36,79.97,127.72,63.93,107.34,89.41,71.07,32.44,185.41,61.0,222.66,82.42,336.37,43.49,372.3,81.72,245.29,148.02,425.43,84.32,69.62,86.62,104.82,193.93,115.07,299.8,331.32,209.01,111.22,110.12,179.6
2002-04-20,91.62,269.44,233.85,372.82,284.7,293.41,106.38,230.92,253.65,148.25,114.29,71.51,148.87,116.21,268.73,83.53,97.54,109.3,100.06,158.22,41.53,233.92,79.92,127.93,63.67,108.75,88.49,70.14,32.25,182.48,61.41,222.13,82.11,334.64,42.93,370.51,80.95,239.87,147.25,424.06,85.86,69.39,88.02,103.85,190.09,114.76,302.93,332.22,208.96,111.3,109.21,182.7
2002-04-21,92.32,269.71,233.08,375.82,283.61,289.82,106.48,228.97,251.66,146.1,113.53,71.21,149.23,115.1,267.89,83.61,97.21,109.77,100.78,158.76,41.67,234.18,79.86,127.51,64.0,108.8,88.86,69.72,31.97,178.91,60.84,221.04,82.08,329.71,44.07,373.01,79.72,238.77,145.27,425.87,86.68,68.04,88.73,104.08,191.08,114.28,303.95,331.14,210.58,111.56,111.2,184.31
2002-04-22,93.76,272.99,235.25,377.93,283.56,287.45,110.79,228.1,252.16,147.56,114.26,70.1,149.14,115.53,266.66,83.77,98.4,110.41,100.35,157.95,41.56,231.76,80.47,127.29,63.28,108.56,88.87,69.5,31.71,174.95,60.81,223.68,82.64,331.7,44.32,375.94,79.93,236.34,146.6,420.46,86.25,67.52,88.51,103.0,188.65,113.85,308.34,336.3,208.29,111.5,110.46,182.91
2002-04-23,93.6,272.83,233.47,371.5,282.61,283.07,111.67,228.62,251.14,147.39,115.63,70.28,147.13,113.8,270.93,84.83,97.69,110.27,101.15,155.38,41.76,232.69,80.05,128.03,64.13,107.81,88.84,70.93,31.94,172.67,60.29,223.58,83.84,333.96,44.83,374.71,80.96,235.23,145.42,415.7,87.61,67.98,87.28,104.68,188.54,112.56,305.15,335.85,209.65,110.9,110.34,181.99
2002-04-24,93.97,274.02,231.75,372.51,284.31,285.55,111.41,227.64,250.23,148.83,116.46,69.04,144.39,112.44,273.05,86.2,96.87,111.51,101.26,156.85,41.26,232.83,79.5,129.13,64.48,108.91,89.49,69.94,32.17,170.4,61.36,225.18,83.95,335.17,45.1,381.23,81.53,235.96,147.39,421.34,88.75,68.42,87.46,105.23,188.33,113.54,302.48,335.02,206.95,109.42,110.36,185.46
2002-04-25,93.85,275.73,230.68,369.12,284.66,284.86,111.85,226.51,254.12,146.97,116.26,68.95,145.02,113.48,271.48,86.27,96.28,110.42,101.04,154.93,41.42,236.78,79.12,128.96,63.91,108.71,89.55,69.96,31.73,169.82,60.5,224.55,82.91,331.8,44.82,383.28,81.3,235.04,147.46,421.98,88.96,69.3,86.07,104.75,191.89,113.51,301.77,339.83,207.23,109.97,110.53,184.21
2002-04-26,92.69,276.1,229.25,366.47,283.56,282.35,113.74,224.29,254.23,147.0,116.58,68.13,146.52,112.23,272.1,85.37,96.25,111.06,100.03,153.63,41.0,240.07,79.37,128.42,63.98,106.94,89.09,70.04,31.86,171.13,61.01,223.71,82.39,330.01,44.56,387.67,81.36,232.62,148.07,423.29,89.39,68.55,85.95,104.69,189.01,113.32,296.36,345.48,204.76,109.1,111.4,183.8
2002-04-27,92.7,274.48,226.15,358.47,282.78,280.85,112.26,225.15,257.58,146.59,117.22,67.68,145.8,112.91,272.5,84.89,97.33,111.26,99.8,152.95,41.37,240.08,78.47,129.65,63.95,106.44,89.13,71.72,32.26,168.24,60.82,221.27,81.43,334.25,45.04,382.74,83.34,233.63,149.83,425.42,89.67,68.21,85.62,104.63,185.96,114.32,298.05,344.45,204.57,107.17,112.03,181.51
2002-04-28,92.57,274.45,228.07,360.14,283.05,278.35,110.32,225.73,257.17,145.45,117.11,67.21,143.98,112.48,274.49,85.36,97.02,110.85,99.47,150.53,41.03,243.78,77.99,130.27,63.86,107.26,87.9,71.42,32.73,166.49,60.89,220.85,79.71,332.59,44.85,386.94,83.98,235.37,150.56,427.75,89.66,67.21,85.46,103.23,185.53,114.26,298.29,346.84,204.19,106.3,112.86,182.36
2002-04-29,92.71,276.71,225.54,355.87,283.93,273.61,108.34,231.32,262.45,145.22,117.88,66.25,144.07,114.79,275.53,85.16,94.27,109.39,97.66,150.78,41.16,241.11,77.52,131.59,63.37,107.33,89.61,70.55,32.71,167.89,60.21,219.85,79.69,328.28,44.5,387.46,83.75,234.36,149.33,429.88,89.02,67.39,86.69,102.17,184.38,114.89,295.71,344.55,206.01,105.53,113.15,183.49
2002-04-30,90.98,284.06,225.02,358.57,278.46,271.38,107.71,230.33,262.09,145.5,118.02,66.3,143.12,115.39,281.97,85.67,94.6,107.91,96.71,152.14,41.67,241.53,78.34,131.7,63.12,108.58,88.67,70.56,32.79,169.38,60.35,220.77,77.93,330.08,44.44,383.81,84.28,230.41,151.6,430.8,88.92,67.8,86.8,102.93,185.53,114.48,295.94,348.3,208.73,106.24,111.2,184.46
2002-05-01,90.09,284.66,225.82,356.95,283.14,274.92,106.69,229.51,259.1,145.82,118.56,66.3,140.48,116.31,276.59,86.77,95.56,108.73,95.54,149.19,41.36,242.04,78.81,129.24,63.47,109.41,88.86,70.71,32.31,168.51,61.16,219.14,79.79,325.91,44.53,382.14,84.8,231.15,149.76,434.15,90.9,69.09,86.36,101.13,187.42,113.15,297.37,353.36,208.02,105.4,110.8,186.93
2002-05-02,90.19,285.41,222.39,357.14,279.89,269.0,107.84,231.94,258.85,145.85,119.56,67.58,142.49,116.48,277.34,87.1,94.8,108.85,93.93,147.96,41.36,240.78,78.67,128.35,63.32,109.11,88.08,70.94,32.24,170.6,60.86,219.77,80.3,323.11,44.2,377.28,85.08,228.17,150.57,437.48,91.93,67.68,88.72,101.83,188.92,114.27,297.2,355.02,207.55,105.98,111.31,187.44
2002-05-03,91.12,282.74,223.63,348.75,281.72,273.12,108.53,230.44,256.68,145.05,120.36,66.99,143.52,116.91,274.23,86.92,94.54,108.69,93.19,149.7,41.12,237.42,79.74,126.46,62.29,109.6,89.02,70.66,31.84,170.55,60.27,221.41,79.02,326.41,43.52,382.99,84.71,228.27,150.53,440.22,91.62,67.59,88.23,102.71,190.17,113.51,301.58,354.36,210.11,105.72,111.35,186.36
2002-05-04,91.9,283.55,222.14,352.24,282.72,272.9,109.4,231.96,251.67,144.97,119.55,67.61,141.81,116.07,274.6,87.25,93.89,108.82,93.39,150.08,41.08,238.97,79.44,126.95,62.4,109.87,90.86,71.32,31.82,169.62,61.18,223.36,79.29,328.94,43.13,385.57,84.19,228.43,152.16,449.21,93.09,67.39,88.93,103.19,189.41,113.93,301.36,353.61,212.86,105.14,110.79,186.09
2002-05-05,91.34,285.65,220.4,355.48,281.52,270.19,109.96,229.56,251.94,144.06,120.85,67.4,140.76,114.75,275.22,87.15,94.13,108.33,93.57,148.74,41.71,239.91,79.6,128.74,62.52,110.71,90.13,70.51,31.31,169.54,62.03,222.52,78.07,327.21,43.01,391.9,84.03,226.95,151.81,453.86,93.06,66.76,88.85,104.22,190.12,113.7,296.67,343.18,211.53,104.98,113.41,183.5
2002-05-06,90.87,286.73,219.66,356.27,279.2,270.08,109.44,230.35,253.15,146.51,119.99,67.97,140.68,114.64,274.71,87.53,95.03,107.85,93.31,150.95,41.89,236.61,81.58,128.11,62.3,110.44,90.19,70.26,31.24,167.85,61.88,223.41,77.12,330.67,43.01,391.68,82.88,224.81,153.02,454.52,94.2,66.7,89.69,104.74,189.01,112.51,295.52,339.95,211.9,106.1,113.09,180.01
2002-05-07,90.74,283.12,219.31,362.58,275.83,269.15,109.3,233.91,253.54,145.29,119.08,67.43,142.0,113.12,277.33,87.58,95.74,107.21,91.61,151.0,41.9,236.51,81.91,127.84,62.01,110.6,89.68,69.8,30.94,169.6,61.46,221.23,76.79,331.45,43.01,389.4,82.25,216.85,155.08,456.98,94.52,66.36,88.5,103.35,189.7,114.09,296.08,336.59,210.06,107.77,113.67,179.36
2002-05-08,92.56,287.59,215.97,368.39,274.09,274.39,108.98,233.4,254.28,142.88,118.83,66.92,142.36,113.02,275.0,89.56,95.64,108.39,90.23,148.88,41.68,237.45,82.19,129.1,61.21,111.54,88.68,70.7,30.89,170.06,61.36,219.48,76.48,335.73,42.93,389.33,82.53,216.25,155.07,466.75,92.69,66.97,89.27,102.46,191.53,114.13,295.72,334.62,208.26,109.04,113.2,179.24
2002-05-09,93.01,287.31,217.88,375.33,274.17,276.91,110.67,232.43,253.85,143.67,119.3,66.37,143.41,110.86,270.08,89.36,94.86,109.35,91.31,149.31,40.84,237.11,83.92,129.55,62.1,110.06,88.5,70.81,30.62,171.93,61.04,221.44,77.4,337.23,42.27,386.03,82.86,219.93,154.63,462.96,95.09,66.18,88.06,102.05,188.95,115.4,297.55,328.61,208.7,107.71,111.98,180.19
2002-05-10,93.33,284.28,218.15,381.01,271.68,274.44,109.44,232.97,260.05,143.03,118.73,66.1,141.71,113.15,268.16,90.7,93.85,109.87,90.78,147.09,40.76,235.39,84.11,129.7,62.98,108.55,88.18,71.15,30.85,174.26,60.16,222.66,78.14,338.38,42.51,389.5,82.16,220.67,153.23,457.86,95.43,66.39,88.43,102.66,189.53,115.47,299.47,325.0,210.06,106.15,111.01,180.33
2002-05-11,92.16,286.22,217.6,381.19,272.9,273.14,109.8,233.19,257.36,144.49,118.76,66.39,140.3,115.56,264.41,89.68,95.56,110.9,90.07,147.28,40.72,233.96,83.96,128.56,63.28,109.29,87.67,70.74,31.29,173.78,60.64,223.32,78.95,342.66,41.8,390.11,82.9,219.3,156.04,453.38,96.51,66.68,89.2,102.76,190.54,115.18,303.43,325.16,207.04,107.26,111.36,180.83
2002-05-12,92.26,286.83,219.55,378.53,268.99,272.06,110.5,231.99,253.14,144.55,118.26,65.61,137.62,117.81,266.18,90.13,95.46,110.13,89.61,148.04,40.8,234.22,85.82,126.58,62.1,108.88,88.5,69.68,30.89,172.54,61.11,227.68,78.78,348.6,42.01,390.57,82.27,218.48,156.44,446.19,96.12,67.75,88.48,103.04,190.89,115.37,300.55,324.35,208.89,108.3,110.75,180.61
2002-05-13,92.72,284.92,217.9,383.14,269.67,269.82,108.15,232.47,255.89,143.86,116.52,65.99,137.59,117.55,267.47,90.08,95.45,112.48,88.85,147.48,41.06,231.47,84.72,125.91,62.88,106.96,88.35,69.54,30.65,173.98,61.66,227.45,79.81,349.74,42.6,395.34,80.55,217.95,153.68,447.01,96.88,69.13,89.93,102.33,191.43,114.78,299.61,328.08,205.11,108.7,112.4,183.01
2002-05-14,92.96,286.68,217.93,383.34,273.79,268.32,109.1,233.2,255.57,143.8,116.16,66.7,139.25,117.21,267.23,90.41,95.81,113.58,88.21,146.55,41.02,233.57,85.46,125.82,64.03,109.09,87.06,68.95,31.02,172.07,61.24,230.82,79.89,354.51,42.62,389.06,80.08,218.79,156.52,453.57,99.2,69.42,91.51,101.52,196.27,113.97,299.87,329.62,205.74,109.45,110.9,183.84
2002-05-15,92.24,286.82,223.42,377.38,270.76,274.3,108.92,235.51,252.9,144.73,116.3,67.13,138.89,116.36,262.62,90.67,96.45,112.53,89.62,145.56,40.78,233.11,85.03,127.46,62.67,107.84,87.12,68.97,30.88,171.19,61.48,230.93,80.05,351.59,42.98,388.66,78.39,218.68,157.86,450.83,99.06,69.23,91.81,101.28,196.52,112.78,299.63,328.39,204.33,109.04,110.97,187.49
2002-05-16,91.56,288.66,224.03,373.06,274.92,274.79,108.62,234.12,249.93,145.34,115.31,66.05,138.37,115.2,255.21,89.16,97.4,112.81,90.04,146.24,40.58,231.29,83.93,126.4,62.69,108.53,86.48,69.31,30.83,170.54,61.64,230.22,80.59,352.43,43.34,400.83,78.91,220.27,158.57,449.1,98.41,69.47,93.11,99.2,195.87,113.59,298.38,323.42,201.84,107.59,109.94,187.4
2002-05-17,91.68,282.85,221.22,367.11,271.48,274.0,107.37,233.96,249.44,145.5,114.99,65.76,138.83,113.33,253.9,88.88,99.07,112.54,90.4,145.45,40.15,231.01,83.46,126.49,62.92,107.16,85.9,69.86,30.87,169.34,62.0,227.47,80.66,351.73,42.62,398.11,78.62,219.41,158.1,443.02,98.46,69.87,92.76,99.03,197.84,112.27,299.7,318.97,200.21,107.59,109.45,188.21
2002-05-18,91.54,278.9,221.97,363.75,270.33,278.16,107.97,233.27,244.71,147.99,116.59,65.27,137.06,113.61,253.7,87.91,98.64,113.07,90.94,146.5,39.92,227.88,84.47,128.01,63.67,106.86,87.13,70.1,31.01,167.92,61.12,226.03,79.75,352.19,41.98,394.45,79.38,219.98,158.84,435.31,98.16,71.12,93.29,99.36,195.93,112.46,300.2,318.37,195.53,107.84,107.48,186.4
2002-05-19,91.21,275.47,224.06,359.49,272.66,274.12,107.89,232.76,246.62,146.67,116.64,65.53,137.25,113.03,248.39,87.89,97.79,113.43,90.23,145.88,39.8,229.83,84.29,129.65,63.96,107.1,84.99,70.92,31.38,170.45,61.41,222.83,80.96,354.08,41.32,396.52,80.61,222.58,159.28,437.78,96.55,71.3,93.98,99.35,198.06,110.91,295.0,320.1,196.08,107.91,107.18,186.42
2002-05-20,90.94,272.64,221.22,361.58,270.29,275.63,108.64,233.91,250.26,146.33,117.04,65.12,135.95,114.17,247.72,87.78,98.12,112.84,89.7,142.97,39.45,229.5,85.68,127.13,63.39,106.32,85.27,70.54,30.85,169.61,61.64,225.99,81.06,351.09,41.19,396.65,81.3,221.47,158.21,439.07,96.06,71.07,94.38,100.21,194.25,111.57,295.58,324.6,197.89,106.68,106.06,185.23
2002-05-21,90.4,271.81,222.6,361.01,269.85,274.89,108.63,235.8,250.1,145.34,115.93,63.29,136.71,114.93,243.47,88.59,98.33,116.56,89.27,141.52,39.86,232.4,87.32,127.91,63.45,106.45,85.14,70.45,30.6,170.11,61.2,222.24,80.23,358.53,42.07,395.9,81.29,220.69,159.35,437.41,98.18,70.02,94.51,99.63,195.03,112.65,293.47,326.23,196.55,106.88,107.13,185.64
2002-05-22,90.97,273.87,223.57,363.19,273.28,272.7,109.4,236.03,247.24,146.51,115.21,64.31,137.81,115.89,246.29,88.14,98.91,116.06,89.78,140.11,39.22,228.99,88.02,128.38,63.66,105.25,85.63,70.62,30.57,169.59,61.47,223.16,78.97,360.93,41.69,393.43,81.16,218.99,160.68,435.05,98.11,70.52,92.53,100.3,196.69,112.66,290.31,328.26,197.24,107.17,106.95,185.86
2002-05-23,90.13,274.28,222.73,362.66,271.84,272.84,109.98,235.45,239.75,147.42,115.52,63.43,137.8,116.59,250.19,88.26,100.63,116.48,91.02,139.17,38.87,232.87,88.08,129.51,64.38,105.05,84.89,70.09,30.34,168.86,62.19,217.73,79.07,362.63,41.61,387.5,79.54,218.26,162.3,436.73,97.49,70.06,92.78,101.44,197.68,111.73,294.34,330.05,194.79,106.69,105.78,183.92
2002-05-24,91.12,273.67,222.38,362.48,271.12,267.45,111.52,233.29,240.75,146.02,115.65,64.49,136.9,117.11,247.98,88.83,99.72,114.67,90.5,142.52,38.86,230.27,87.33,127.3,64.03,104.95,83.16,70.04,30.03,170.42,62.68,218.24,78.16,364.74,42.11,385.14,78.8,223.15,160.92,432.85,97.83,70.48,93.12,100.07,198.71,111.09,293.21,328.71,193.06,105.79,104.17,180.62
2002-05-25,91.53,277.68,226.01,363.61,271.85,267.38,109.97,236.04,239.83,147.55,115.47,63.69,136.31,119.02,248.29,89.15,98.72,114.83,88.62,143.05,38.62,228.39,87.16,127.66,62.42,105.11,82.95,70.15,29.72,172.57,62.84,216.53,78.21,354.09,42.06,384.52,79.65,221.94,160.66,436.25,98.15,70.65,92.7,99.54,198.96,111.27,294.57,328.86,191.61,104.77,105.04,178.1
2002-05-26,91.43,280.67,228.76,361.15,268.76,264.45,110.99,235.64,241.51,149.38,115.35,63.62,136.41,119.35,250.08,89.29,98.68,114.24,89.27,141.25,39.01,230.31,86.59,127.31,61.29,106.9,82.8,69.89,29.65,170.28,63.5,214.67,76.53,357.17,41.66,386.63,80.44,217.59,160.15,439.48,100.34,70.45,91.78,99.95,199.65,110.95,296.51,335.41,189.76,103.66,104.53,179.29
2002-05-27,91.29,281.41,226.8,359.03,272.73,265.19,111.19,235.02,238.61,151.67,115.89,63.96,135.74,117.35,251.05,89.5,98.68,115.05,88.15,141.41,39.65,233.79,87.81,126.09,61.85,107.98,83.55,69.76,29.51,171.91,62.76,214.64,75.72,354.59,41.88,385.76,80.04,215.46,163.05,442.24,100.66,69.08,90.64,99.01,198.62,112.32,295.03,332.11,190.85,105.31,105.55,178.34
2002-05-28,92.81,279.56,226.27,356.96,270.18,264.98,109.85,236.21,239.97,152.28,116.89,62.83,133.04,118.72,252.68,90.52,97.77,115.55,89.27,140.95,39.73,232.29,87.65,129.45,62.49,107.77,83.21,70.98,29.49,173.14,62.11,211.69,76.99,352.82,41.52,380.47,80.11,216.39,165.87,435.36,100.84,69.49,92.69,98.42,199.54,110.19,293.08,327.45,190.26,105.59,105.97,178.45
2002-05-29,91.87,278.99,224.18,366.6,266.97,268.31,109.67,236.45,238.03,152.45,117.08,62.39,134.08,117.37,250.04,89.83,97.32,116.93,88.73,139.02,38.96,232.92,87.96,127.07,62.86,107.31,80.78,71.21,29.4,173.86,61.55,206.23,76.09,349.39,41.62,381.92,78.86,215.3,166.18,430.65,101.34,70.08,92.21,96.4,203.16,111.32,290.41,325.38,192.24,105.82,105.87,179.11
2002-05-30,91.28,277.67,223.33,361.09,266.9,268.57,110.27,238.21,238.8,155.94,117.41,62.67,135.21,116.63,251.72,90.79,98.05,115.9,90.46,138.23,39.31,233.99,88.97,126.03,62.7,108.75,80.74,71.0,29.7,174.32,61.69,209.43,77.12,340.65,41.94,383.0,78.63,214.83,166.6,426.52,103.4,70.34,91.41,96.43,203.84,112.37,286.17,326.75,192.31,106.75,103.1,179.68
2002-05-31,91.21,278.45,227.2,365.04,265.84,268.58,109.36,238.87,242.74,153.86,117.47,62.01,134.66,117.68,251.57,90.93,98.24,114.69,88.73,137.16,38.87,232.47,89.62,126.27,63.47,108.45,80.59,70.91,29.89,174.75,60.8,208.38,75.59,338.36,42.03,380.91,78.48,213.28,165.4,423.49,103.77,69.63,90.34,97.24,203.11,112.82,288.3,328.31,193.61,105.18,104.22,179.2
2002-06-01,90.42,280.13,228.66,367.04,264.48,267.7,108.32,238.5,242.68,154.8,117.51,62.16,136.08,118.43,250.39,90.44,97.8,114.71,90.07,138.81,38.83,231.5,88.68,126.81,62.0,111.14,80.98,71.03,30.27,174.11,60.26,210.46,75.45,338.85,42.55,385.67,79.81,211.78,165.87,422.42,102.39,70.49,90.31,96.74,204.09,112.51,285.91,325.5,197.01,104.68,106.16,177.43
2002-06-02,90.18,278.42,229.72,364.69,267.52,270.44,108.43,240.14,242.1,156.42,119.09,62.76,133.55,117.27,246.02,90.12,96.6,114.96,88.27,138.6,39.46,228.38,87.79,125.62,63.11,112.78,80.56,69.63,30.33,173.55,60.7,211.18,74.6,339.37,42.32,383.95,79.72,210.39,165.43,419.36,101.55,71.6,88.74,97.38,204.27,112.3,286.28,326.82,195.51,104.8,106.23,176.32
2002-06-03,89.52,278.2,231.3,361.26,273.04,264.38,108.84,240.7,245.54,158.25,120.39,63.27,132.81,116.74,245.16,91.58,96.9,116.36,87.39,137.24,39.38,230.19,86.46,125.93,64.15,114.69,81.07,69.4,30.92,173.37,61.12,210.27,74.53,333.22,41.79,376.4,79.3,211.61,166.6,419.63,102.01,72.91,88.09,97.51,206.13,112.56,285.88,324.24,194.2,105.55,106.22,176.7
2002-06-04,89.61,281.86,228.36,354.35,276.39,265.56,106.57,241.06,247.77,157.8,120.31,63.14,134.07,116.35,242.72,92.25,97.32,117.5,87.17,136.32,39.27,228.84,86.42,125.23,63.24,113.99,80.62,68.52,30.55,173.09,61.57,208.09,73.6,337.57,41.95,372.12,79.43,214.73,166.98,421.67,102.74,73.42,87.87,98.99,203.76,112.79,284.12,320.42,196.7,105.02,105.49,179.42
2002-06-05,87.64,283.55,228.65,347.12,272.32,262.29,107.28,241.71,249.43,157.76,120.61,62.85,134.35,115.39,239.7,92.44,97.74,114.95,87.79,137.43,38.91,226.02,86.62,126.01,63.16,114.97,79.89,67.23,29.95,174.19,61.6,210.71,73.61,334.86,41.83,373.32,79.55,216.62,163.77,424.87,104.43,74.14,87.05,98.55,200.89,114.53,283.23,323.35,195.06,104.67,107.2,181.06
2002-06-06,89.38,283.28,224.26,352.81,273.29,261.15,106.03,244.7,246.58,158.25,119.55,63.01,133.13,117.18,240.14,93.25,97.86,116.25,87.94,138.74,39.23,228.71,86.03,127.72,62.11,116.13,80.82,66.51,29.49,169.96,61.7,206.66,73.85,333.88,41.65,373.77,79.14,216.37,163.29,430.76,104.45,74.29,86.56,98.97,202.4,113.09,284.25,323.56,192.72,105.53,108.53,183.35
2002-06-07,88.76,281.44,223.42,356.67,272.16,258.45,104.79,243.11,247.56,159.59,121.26,63.1,131.38,117.6,240.05,93.57,96.71,115.85,87.38,138.66,38.71,234.12,87.2,126.14,63.32,115.26,80.38,66.2,29.19,168.72,60.83,203.59,73.64,335.17,41.24,367.58,78.11,216.52,162.46,428.11,103.81,73.81,87.28,99.01,200.97,112.54,281.71,322.27,192.2,106.08,107.63,184.42
2002-06-08,88.43,285.6,224.45,357.81,270.17,258.63,104.98,243.53,246.09,157.88,122.62,63.5,131.57,117.71,241.54,93.18,96.13,115.01,87.61,138.91,39.03,234.35,87.67,123.8,62.47,116.2,81.4,66.2,28.83,169.62,60.17,203.59,73.69,332.9,41.83,367.95,79.17,215.88,162.99,426.66,103.51,74.6,87.88,98.81,197.67,114.84,280.27,318.46,188.55,106.83,106.05,183.85
2002-06-09,89.28,287.7,219.26,364.5,267.51,260.45,102.76,244.88,248.02,160.54,123.2,63.78,131.86,117.54,243.82,95.39,96.06,116.54,86.43,136.51,39.21,229.63,87.62,122.61,61.14,114.03,81.95,66.14,29.0,168.97,60.23,202.12,74.53,330.96,42.28,367.51,80.49,215.19,162.61,430.47,103.97,74.15,87.79,98.3,198.88,114.41,281.0,315.56,187.38,106.99,106.98,183.84
2002-06-10,89.65,286.94,214.87,358.99,265.93,262.77,103.08,243.92,245.3,161.06,124.87,65.4,131.72,117.68,247.52,94.54,95.1,114.05,87.17,136.41,39.49,226.13,86.73,120.31,61.63,114.66,82.35,66.74,29.15,171.06,60.89,203.43,74.85,325.66,41.27,366.41,80.49,213.94,163.22,434.66,104.34,74.18,88.05,98.69,197.75,114.73,281.7,313.03,189.78,106.31,107.4,181.34
2002-06-11,89.22,286.75,216.19,358.34,262.87,262.78,102.98,246.35,241.75,161.61,123.26,66.13,129.46,117.92,249.07,93.97,94.89,115.24,88.51,137.39,39.47,226.57,85.68,119.82,61.21,114.88,82.82,64.96,29.46,171.62,61.43,205.83,74.97,322.84,41.32,367.12,81.24,215.34,165.54,438.96,103.71,74.98,88.48,99.45,198.6,115.52,276.46,311.21,191.22,104.56,107.81,180.31
2002-06-12,89.11,285.7,215.3,360.18,265.93,265.04,103.47,242.85,239.24,163.58,124.1,68.05,130.51,118.57,246.82,92.63,94.75,113.74,89.16,136.83,39.48,227.3,85.89,119.39,60.76,116.04,82.71,64.19,29.33,169.33,61.29,204.11,75.89,328.66,41.38,362.35,80.45,214.43,162.6,441.93,102.94,74.22,88.41,99.59,198.13,114.24,275.63,311.57,191.25,104.39,108.79,181.94
2002-06-13,86.69,282.85,218.33,354.0,268.21,265.06,103.49,246.19,237.94,163.61,123.41,67.36,130.5,117.8,253.41,93.65,92.54,114.46,89.73,138.22,39.51,226.01,86.18,118.51,61.91,116.77,81.89,62.97,29.17,165.66,61.06,201.73,75.77,328.66,41.7,366.4,81.4,211.49,162.26,438.11,102.76,74.46,88.76,98.8,198.44,114.16,279.4,309.28,189.2,104.12,108.37,183.37
2002-06-14,86.78,281.53,216.55,356.81,268.41,262.37,102.45,251.13,238.66,160.42,124.16,66.89,132.67,117.57,253.47,92.93,91.72,112.53,89.61,138.81,39.91,227.21,85.31,118.52,61.45,115.85,82.26,62.14,29.27,166.34,61.43,203.4,75.7,330.03,42.46,365.63,81.22,207.91,163.4,440.77,102.85,74.73,90.02,97.43,197.78,113.83,277.79,316.08,187.15,102.46,109.6,182.51
2002-06-15,86.53,282.56,213.54,363.55,264.23,263.34,103.24,249.18,235.9,161.79,123.18,67.42,130.3,117.33,254.22,93.2,90.14,113.96,90.6,141.36,40.29,224.29,85.04,119.27,60.53,116.97,82.1,62.55,29.15,167.5,62.06,206.37,77.71,333.08,42.04,366.13,81.49,203.3,159.09,433.23,101.98,73.9,89.28,99.13,195.63,115.91,275.96,319.99,187.2,101.87,109.05,180.82
2002-06-16,86.78,282.58,212.32,369.88,260.93,263.86,103.01,247.25,231.18,161.44,122.71,65.72,130.37,115.22,252.73,94.13,89.58,112.49,90.45,140.55,40.47,221.98,87.5,118.74,58.93,116.17,82.3,62.83,29.17,168.64,62.53,207.22,78.07,331.58,41.57,363.85,80.94,206.17,157.07,436.22,101.55,72.91,89.06,100.58,196.58,116.63,278.84,319.28,183.86,100.36,109.1,179.22
2002-06-17,87.08,287.5,211.38,375.34,262.08,260.75,103.7,245.05,235.41,161.3,120.1,66.38,129.54,117.12,248.86,95.04,88.36,112.85,89.09,139.81,39.9,219.37,87.38,115.37,58.21,117.99,82.26,63.46,28.65,168.92,61.33,210.28,77.73,336.53,41.15,365.86,81.59,209.12,155.66,432.15,100.44,72.27,89.93,101.79,193.25,114.63,275.89,323.02,184.94,99.87,110.38,179.88
2002-06-18,87.59,285.82,212.58,376.89,264.85,255.9,102.81,247.88,241.6,163.15,118.86,65.79,130.49,114.97,249.29,93.78,88.18,112.51,89.54,141.53,40.43,215.35,86.36,115.5,59.78,118.09,81.0,64.21,28.52,169.8,60.52,210.08,79.3,333.8,41.08,361.24,81.22,207.93,154.02,438.2,102.31,71.83,90.49,103.19,195.46,114.58,276.21,324.09,184.59,100.17,109.69,182.69
2002-06-19,87.62,287.45,211.88,378.1,263.32,256.66,103.88,247.21,242.31,166.4,119.45,65.01,128.21,114.92,248.29,93.11,88.44,114.5,88.62,139.08,40.0,214.24,84.95,116.11,59.93,118.37,81.48,64.5,28.46,171.5,60.32,209.93,78.95,335.86,40.61,358.78,80.9,204.56,153.58,433.16,103.29,71.63,90.8,103.44,194.04,113.83,272.64,322.74,180.9,102.08,110.15,179.52
2002-06-20,88.14,291.57,214.84,374.78,262.55,259.71,105.92,249.95,239.25,167.43,117.72,65.16,128.55,114.02,253.35,93.23,88.41,114.3,88.0,139.69,40.64,215.38,84.7,115.74,59.1,116.86,82.67,64.47,28.4,168.56,60.07,209.65,79.37,334.04,40.65,355.96,80.17,206.7,154.06,437.17,103.17,71.55,91.27,102.79,191.2,114.7,271.56,322.15,179.61,101.25,109.25,176.8
2002-06-21,87.3,290.61,214.23,381.39,260.95,253.8,105.07,252.11,239.56,165.11,117.92,64.72,128.84,114.27,258.32,90.91,89.46,114.18,87.91,139.54,40.96,216.1,84.9,114.81,59.93,117.71,81.34,65.01,28.73,169.57,60.14,209.7,78.04,334.33,40.44,363.52,79.32,207.54,154.16,435.7,104.6,71.49,90.79,102.99,189.49,113.71,274.58,326.21,177.34,99.49,110.7,179.58
2002-06-22,85.92,293.79,211.68,377.14,266.04,260.9,104.4,253.83,238.6,166.81,117.04,64.63,129.38,113.31,259.55,90.04,89.06,114.52,88.09,141.91,40.5,217.13,84.26,113.19,59.9,115.59,81.54,65.51,29.03,169.38,60.93,210.55,78.52,333.09,40.82,362.62,80.56,205.21,155.94,437.92,104.72,71.6,92.07,101.7,187.9,113.23,276.83,323.88,180.11,98.05,109.72,180.95
2002-06-23,85.23,288.3,215.82,374.21,265.12,259.21,103.98,249.7,238.45,165.52,116.09,64.56,130.09,113.83,259.26,89.39,89.9,113.71,86.96,141.43,41.06,220.35,83.54,113.16,59.21,116.02,82.25,65.99,28.81,170.61,62.09,208.19,78.42,335.37,41.09,368.37,80.28,205.9,154.96,436.07,105.43,71.95,91.72,103.72,189.61,114.55,275.83,323.07,182.19,98.29,111.12,178.34
2002-06-24,84.56,291.3,215.81,373.19,265.51,258.61,105.25,250.96,237.4,163.82,117.23,65.37,130.16,115.14,254.73,90.61,90.46,113.21,86.01,140.15,41.29,220.9,83.01,112.3,59.16,116.49,81.81,65.6,28.91,167.37,61.48,210.55,78.46,337.52,41.08,361.95,80.03,206.6,153.51,440.2,106.23,72.96,92.98,103.49,189.97,113.35,278.97,319.21,182.15,98.68,111.45,175.99
2002-06-25,85.62,294.94,217.54,373.38,262.64,258.44,104.04,243.65,237.25,165.52,116.01,65.39,131.54,115.83,251.58,90.05,89.7,113.37,84.26,138.38,41.31,218.83,81.72,113.28,60.31,115.46,82.29,65.96,28.93,165.81,61.55,210.97,79.04,334.12,41.71,361.32,81.43,203.56,155.2,449.2,105.79,72.63,93.75,103.36,189.84,113.73,279.87,322.13,181.61,100.14,111.53,174.12
2002-06-26,85.25,295.33,218.39,375.84,265.33,258.93,103.96,244.24,236.67,165.31,116.08,64.61,133.32,116.52,252.36,89.96,88.71,115.11,84.6,136.26,40.83,215.48,82.57,113.74,60.07,115.76,83.99,66.1,28.65,166.65,62.02,212.09,79.37,335.11,41.72,362.39,78.73,202.31,154.75,443.74,108.0,72.64,95.18,105.19,187.51,112.74,281.15,317.36,183.23,100.56,112.86,175.49
2002-06-27,84.32,295.53,217.68,378.27,263.44,261.1,104.13,244.0,234.74,166.5,116.78,64.14,134.93,117.34,251.58,91.7,87.62,114.01,84.58,136.89,40.29,213.74,82.6,113.63,59.56,116.35,84.06,65.55,28.92,166.11,61.69,210.45,79.97,334.56,41.55,364.7,79.06,203.31,153.56,443.32,106.06,72.84,94.61,106.41,187.41,114.51,274.78,314.76,180.46,100.17,111.98,173.05
2002-06-28,85.25,292.93,216.24,375.33,261.13,259.83,101.22,248.64,232.81,165.93,118.07,63.83,135.0,118.11,250.41,91.37,86.83,115.92,85.51,134.95,40.38,208.49,82.15,111.76,59.33,115.66,83.57,66.01,29.35,164.48,62.01,208.54,80.31,332.33,41.55,368.62,78.85,203.1,150.73,449.48,107.23,72.58,94.48,107.15,186.97,114.44,279.4,316.74,178.62,100.16,110.54,172.39
2002-06-29,85.48,292.07,214.21,376.36,261.86,265.01,101.84,251.69,231.07,165.78,116.96,63.53,135.16,118.06,247.6,90.04,85.97,116.7,84.32,136.87,40.28,211.62,83.39,111.81,59.53,115.79,82.9,65.88,28.92,164.8,62.16,205.82,78.91,330.16,42.09,368.4,79.44,205.64,150.26,443.92,106.99,73.01,94.83,108.77,182.81,113.74,281.24,315.65,177.84,100.34,111.35,173.14
2002-06-30,85.75,289.94,212.75,377.54,267.87,263.35,100.22,249.44,232.28,166.37,117.56,63.4,135.03,119.05,245.06,89.51,83.43,118.65,83.63,135.88,40.79,211.12,83.09,110.71,59.28,117.63,81.79,65.36,28.68,162.61,61.87,202.26,79.22,328.32,41.94,367.86,80.14,205.27,151.38,441.96,106.14,73.51,93.65,108.95,183.22,115.43,277.57,325.02,179.77,99.4,113.41,174.85
2002-07-01,86.22,288.71,214.03,379.41,268.83,264.97,99.34,244.88,231.35,167.49,114.9,63.46,136.65,119.69,244.14,88.11,84.57,119.61,83.01,136.74,41.31,208.72,82.35,111.27,59.47,118.32,82.97,66.19,28.43,158.65,61.63,202.8,80.09,330.61,42.72,369.18,80.12,207.33,148.81,437.48,104.74,72.9,93.77,108.51,182.87,113.83,280.07,320.5,179.78,98.15,113.97,173.79
2002-07-02,85.09,290.92,215.68,376.53,268.61,263.63,99.94,244.72,229.3,164.21,114.57,62.71,134.41,120.12,246.05,87.59,84.47,118.81,83.12,138.26,41.09,213.6,81.02,110.98,59.8,119.75,81.89,65.64,27.85,159.11,61.55,203.77,80.59,331.31,43.23,368.41,79.92,204.69,150.18,433.82,103.38,72.51,93.79,108.0,183.97,114.07,283.81,318.66,181.83,96.75,113.14,172.48
2002-07-03,85.09,297.31,214.92,377.97,271.78,260.51,99.24,244.45,231.19,159.87,115.4,62.04,133.97,120.63,248.08,88.6,83.99,119.21,82.91,139.91,41.08,214.45,81.24,108.92,59.78,118.11,82.03,65.79,27.76,159.19,61.5,199.85,80.25,333.12,43.45,367.3,80.01,205.08,151.6,438.19,103.28,72.74,94.04,107.06,186.78,114.31,289.26,318.23,180.78,97.14,114.24,170.99
2002-07-04,85.47,298.98,215.09,379.55,267.39,266.66,98.79,242.29,229.62,163.03,115.62,63.14,134.32,119.78,245.77,89.6,84.41,118.51,84.02,139.63,40.99,212.16,81.63,108.73,59.39,117.73,81.92,65.93,28.04,161.04,61.31,197.1,80.8,335.74,43.38,367.24,80.11,206.62,149.09,434.7,103.0,71.96,92.9,106.93,185.79,113.9,292.87,319.3,181.04,96.68,114.41,171.07
2002-07-05,85.15,295.91,214.59,385.24,267.71,267.98,97.88,241.46,231.09,163.47,115.89,62.96,135.29,120.69,245.27,90.12,84.32,118.14,84.42,141.05,40.18,213.75,82.46,110.33,60.05,118.38,82.39,66.21,28.08,161.51,61.29,197.07,80.61,333.25,43.26,364.47,80.3,210.88,151.24,436.55,103.88,72.75,93.49,106.25,187.01,115.14,294.04,319.93,179.27,95.87,113.29,171.21
2002-07-06,84.56,291.23,214.21,388.6,277.42,272.55,96.8,242.78,236.94,163.97,116.46,63.73,133.36,119.66,244.08,89.54,83.84,120.36,84.05,141.42,40.06,213.68,83.71,109.02,60.11,117.13,82.44,66.0,27.7,160.99,61.48,192.5,79.19,332.01,42.97,367.78,80.27,209.83,149.02,437.01,105.07,73.14,92.85,105.82,184.63,113.15,297.27,324.45,180.05,95.73,114.56,168.16
2002-07-07,86.05,288.48,212.36,391.3,279.98,273.15,94.63,249.19,236.72,164.29,116.04,65.39,131.41,116.58,243.56,90.71,83.89,119.58,85.28,141.38,39.76,217.52,84.43,108.84,60.26,117.6,82.66,65.9,27.45,160.15,61.53,190.14,78.68,335.37,43.23,372.07,80.43,207.96,152.36,436.0,104.29,74.24,93.65,104.68,182.71,111.66,295.25,324.77,178.49,95.45,114.19,174.05
2002-07-08,85.91,288.27,209.92,394.17,277.53,276.25,93.8,249.46,235.95,164.02,116.73,65.87,131.77,114.84,243.1,91.64,84.27,119.95,85.44,139.89,39.84,218.01,84.34,108.8,60.08,117.2,81.34,65.65,27.07,160.99,62.29,190.26,77.26,338.99,43.17,367.87,80.29,206.11,153.17,433.63,105.96,73.09,92.48,104.62,182.63,112.63,296.8,323.59,174.75,96.26,112.76,173.55
2002-07-09,86.69,291.23,208.29,395.58,275.55,275.55,93.73,251.86,232.72,164.63,118.23,64.64,133.95,113.4,242.75,90.5,84.05,120.13,86.0,137.2,39.92,220.75,82.6,107.87,59.7,116.18,82.63,65.99,27.54,162.87,62.37,190.67,77.26,338.59,43.07,362.42,81.23,206.26,154.68,435.96,107.15,73.12,92.29,104.83,183.18,112.16,290.05,323.58,176.21,95.27,114.7,174.39
2002-07-10,87.66,292.38,208.85,401.38,275.75,270.65,94.65,253.48,230.28,167.91,117.51,64.76,133.18,113.59,245.48,89.34,83.66,120.75,86.45,134.41,40.01,218.71,82.32,106.85,59.02,114.76,83.34,65.97,27.42,164.28,61.91,188.39,76.49,341.41,42.74,363.58,81.68,206.98,154.26,433.72,106.39,73.86,92.39,106.1,180.59,112.55,290.62,319.38,172.51,95.21,114.95,174.79
2002-07-11,87.79,293.27,210.02,400.95,278.78,265.37,96.22,257.18,227.39,168.03,116.59,64.07,135.03,114.99,248.65,89.78,83.33,121.02,86.12,136.15,39.98,216.88,81.04,107.28,58.71,114.77,83.13,65.25,27.85,163.27,62.01,192.63,77.25,338.11,42.02,363.03,80.06,202.81,155.23,437.68,105.7,73.12,92.73,106.94,179.37,113.34,286.97,319.22,174.67,94.29,114.62,175.21
2002-07-12,87.38,292.62,207.99,406.6,275.13,260.31,96.39,262.61,226.99,167.78,114.18,64.74,133.21,113.8,249.98,89.72,82.22,120.15,87.61,136.98,39.67,217.57,80.57,106.04,58.74,114.78,82.84,65.91,27.77,164.79,61.4,190.08,77.3,334.8,41.41,364.92,80.33,203.21,155.59,441.2,107.67,72.73,91.53,106.85,178.11,111.66,286.47,316.1,174.32,93.48,114.99,175.47
2002-07-13,86.77,293.38,208.49,410.53,276.09,258.22,99.14,265.23,226.7,166.09,114.8,64.26,133.62,113.7,250.46,92.21,80.39,121.27,87.39,138.17,39.46,217.17,81.04,104.83,58.09,116.97,82.61,66.46,27.91,165.48,60.88,190.95,78.07,332.48,42.25,367.76,79.85,202.94,153.48,444.83,107.86,72.31,92.6,108.94,172.45,111.88,283.41,318.07,175.82,94.25,115.16,173.92
2002-07-14,86.23,292.18,211.28,416.01,276.77,261.0,99.17,264.57,227.83,166.67,114.9,64.05,133.08,115.46,250.79,91.58,80.0,122.89,87.76,139.95,39.34,217.27,81.18,106.89,58.95,115.28,82.74,66.31,27.72,166.37,59.96,189.78,79.0,327.27,41.39,363.54,79.18,202.38,152.88,444.96,108.34,72.55,93.39,108.86,174.63,111.48,282.13,319.14,177.95,92.76,114.74,174.96
2002-07-15,84.11,290.81,208.8,414.72,275.47,262.11,98.86,263.95,227.36,169.04,114.07,64.78,134.19,111.83,249.17,90.36,80.76,122.37,86.59,138.03,39.1,222.8,80.56,107.66,58.39,117.35,81.32,66.34,27.75,168.75,60.8,193.5,79.12,332.58,41.58,355.81,78.47,199.41,154.83,442.96,109.04,71.96,94.87,108.81,173.29,112.4,278.14,319.49,178.55,93.36,114.36,175.03
2002-07-16,83.7,288.99,210.38,420.18,275.1,265.43,96.94,265.75,225.03,167.29,114.27,65.12,132.74,112.36,248.97,90.35,81.2,121.3,85.97,136.12,38.68,225.76,81.21,106.63,59.47,118.57,81.66,65.93,27.22,168.3,60.04,190.04,78.85,325.51,41.14,352.96,78.06,197.25,156.21,441.89,110.12,70.28,94.76,108.1,173.1,112.13,279.8,316.92,177.99,93.26,112.21,177.33
2002-07-17,82.89,287.48,209.96,433.62,277.47,268.29,98.43,267.82,229.2,168.27,111.98,66.25,134.62,110.63,248.55,90.37,80.0,118.9,85.97,136.28,38.33,228.18,81.43,107.65,59.33,118.23,80.58,65.34,27.02,167.67,59.8,189.44,80.41,327.2,41.63,352.68,77.9,194.94,156.69,439.66,110.59,69.45,93.91,107.09,170.13,109.38,277.11,315.19,175.63,93.41,111.75,175.03
2002-07-18,83.95,289.96,209.25,435.92,277.97,268.9,98.34,263.88,224.41,169.46,111.44,67.09,135.31,110.42,248.44,88.89,79.16,117.59,85.59,134.97,38.28,225.52,80.41,107.83,60.17,120.53,79.86,64.65,27.13,167.67,59.7,191.83,80.54,328.62,40.8,361.24,78.65,195.41,154.65,438.81,109.04,69.08,93.61,105.56,173.59,108.33,277.64,314.3,174.58,93.5,111.91,174.69
2002-07-19,82.02,287.37,210.3,430.74,276.68,266.55,97.05,265.03,223.49,169.94,110.65,68.25,136.06,109.62,247.1,88.84,80.19,118.37,84.44,136.73,39.38,225.81,81.96,106.37,59.92,120.25,80.24,65.61,27.19,166.47,58.57,193.11,80.42,331.24,40.91,354.85,78.37,193.8,154.5,444.28,107.9,69.93,94.67,107.56,170.01,108.27,276.62,308.93,173.96,93.52,113.01,175.6
2002-07-20,81.87,292.12,213.09,430.41,276.63,263.61,95.23,264.58,223.71,170.2,109.96,69.28,135.74,110.02,246.26,89.45,79.99,118.07,83.29,137.41,39.29,224.44,81.18,105.44,60.71,119.57,79.75,64.62,26.95,167.77,58.33,190.46,80.05,332.67,40.63,353.22,77.74,193.6,155.5,444.69,108.43,68.23,95.02,107.49,169.22,108.86,273.39,310.25,174.17,93.52,112.21,175.01
2002-07-21,81.81,292.96,208.81,425.58,278.74,261.59,94.68,264.78,224.51,170.8,106.62,68.4,137.74,109.26,243.52,90.53,80.49,119.24,82.72,139.12,38.64,225.4,81.56,103.76,61.01,120.98,79.29,64.76,26.51,164.9,58.45,190.92,78.79,338.62,40.66,346.54,78.46,192.82,154.52,438.71,110.14,67.93,95.14,108.13,168.23,108.01,273.52,312.75,173.15,93.51,111.93,174.49
2002-07-22,81.97,292.2,207.06,415.93,275.85,261.52,94.45,265.42,224.4,175.41,105.59,67.97,139.13,107.67,244.96,89.02,82.33,117.5,83.33,141.66,38.56,228.46,82.61,102.82,60.82,120.09,78.47,64.82,27.16,165.33,58.67,194.19,79.11,341.31,40.44,343.3,77.79,193.96,152.85,442.65,110.92,67.6,95.76,107.79,168.79,107.51,274.38,311.01,173.93,93.03,113.0,175.55
2002-07-23,81.0,291.87,206.48,417.33,279.65,262.05,95.14,262.74,219.91,178.48,105.69,67.79,138.46,108.47,246.63,89.11,82.69,117.13,83.97,143.08,39.02,227.72,81.42,103.0,60.54,118.31,77.02,65.3,27.2,165.43,58.03,194.49,78.96,345.4,41.05,347.49,76.12,192.69,155.79,438.43,112.37,68.28,95.04,106.65,167.71,106.72,275.71,307.53,175.78,95.38,114.8,175.32
2002-07-24,83.0,287.66,207.6,422.89,278.08,264.6,94.56,261.15,221.04,172.4,106.09,67.98,136.95,106.08,248.51,89.56,82.14,117.23,85.68,141.6,38.84,227.99,83.24,103.96,60.52,118.99,77.8,64.88,27.11,165.94,58.68,194.27,79.86,338.63,41.04,343.07,78.12,194.58,158.96,440.44,112.47,69.68,94.74,107.64,167.07,107.94,272.38,309.43,175.4,95.87,116.52,177.89
2002-07-25,83.33,286.47,207.11,427.32,278.34,262.07,93.3,258.85,218.18,169.63,104.93,68.05,135.39,105.26,252.44,89.4,83.52,117.24,86.07,140.42,38.74,224.13,83.79,103.46,60.51,121.35,77.36,63.87,27.05,166.23,58.71,191.02,79.96,340.34,40.81,342.87,77.54,193.94,158.5,439.69,111.75,69.34,94.53,107.12,165.56,108.48,272.33,307.28,176.3,95.78,115.97,177.02
2002-07-26,81.93,287.95,208.12,424.68,276.7,262.72,93.71,259.37,221.25,169.87,104.52,68.91,134.28,106.05,248.57,87.9,83.32,117.95,84.16,141.74,38.67,225.92,84.31,104.11,60.3,121.96,77.5,63.48,27.61,168.27,57.57,188.34,79.98,338.57,40.99,341.21,76.0,190.69,157.2,441.27,111.24,69.2,94.76,108.16,167.11,110.17,269.21,309.1,176.76,94.56,116.38,176.47
2002-07-27,83.04,282.87,205.01,423.13,276.68,260.43,93.64,262.46,221.87,168.23,104.52,69.24,134.15,106.6,248.71,87.81,84.32,117.5,84.4,140.57,38.96,228.45,84.13,102.04,60.27,122.14,76.82,63.95,27.68,170.49,57.74,188.87,80.7,341.03,40.85,346.58,75.78,189.76,157.32,440.35,110.55,68.96,94.7,108.7,171.54,109.33,266.71,312.43,174.18,93.81,116.6,178.69
2002-07-28,82.47,284.74,205.68,427.2,272.48,267.02,92.57,262.44,222.81,169.85,103.59,68.73,134.77,107.98,251.95,87.35,84.48,117.83,84.15,141.56,38.76,230.01,84.2,101.19,60.59,121.88,76.75,63.37,28.23,172.95,57.23,189.47,79.47,344.72,40.76,343.5,76.17,188.04,160.82,435.75,111.0,69.99,96.19,107.72,169.44,110.12,266.39,310.64,176.18,93.8,114.66,180.23
2002-07-29,82.65,281.81,206.45,428.48,270.56,271.07,91.61,265.73,222.42,168.75,103.73,69.51,134.07,108.38,249.49,87.7,84.38,118.9,84.78,144.04,39.11,231.73,84.81,98.69,61.25,122.27,76.16,62.67,28.64,171.13,57.81,186.28,79.68,346.4,40.79,347.67,76.05,187.82,162.05,434.06,111.56,69.27,96.61,108.16,170.99,109.67,264.55,312.78,177.27,93.52,115.6,183.17
2002-07-30,81.04,282.11,205.43,423.94,273.19,270.79,91.61,264.39,221.31,167.22,102.19,69.92,136.54,107.85,246.57,88.6,83.84,117.52,84.28,143.5,39.06,232.75,84.89,98.94,60.93,121.51,75.78,61.82,28.59,172.81,57.94,187.3,80.27,344.94,40.37,347.16,75.45,188.59,160.6,438.88,112.67,69.94,95.38,107.29,171.79,110.38,266.34,316.7,176.45,93.12,115.47,183.7
2002-07-31,80.72,280.56,203.33,426.09,271.29,268.57,92.5,265.99,219.95,169.95,100.67,70.67,138.2,106.37,247.05,90.12,83.9,118.32,83.62,143.5,38.58,229.74,84.46,97.2,60.58,124.64,75.59,62.38,28.78,172.02,58.16,184.71,80.04,341.89,40.08,344.65,74.1,186.27,163.35,434.71,112.57,69.93,95.74,108.47,172.53,109.99,265.74,316.36,176.53,93.72,115.67,179.62
2002-08-01,81.52,279.89,198.69,417.3,272.21,266.44,92.31,265.3,217.67,165.75,100.45,69.98,138.96,104.56,249.33,90.11,85.41,115.9,83.32,142.77,39.16,227.33,84.5,97.52,59.93,121.6,75.34,62.69,28.96,169.93,57.66,185.96,79.85,343.37,40.51,347.54,74.62,187.8,162.16,433.45,113.75,69.45,96.44,108.97,172.54,112.15,266.23,312.36,176.33,93.36,116.93,179.48
2002-08-02,82.64,280.15,198.18,413.72,273.7,262.27,91.25,266.05,213.06,164.28,100.47,69.79,140.1,105.33,250.43,90.08,85.45,115.9,84.06,144.15,39.18,224.38,85.71,97.36,60.14,122.1,75.48,62.84,29.24,170.0,56.68,181.71,79.71,347.99,40.27,351.94,75.31,186.62,162.28,429.2,114.9,69.42,96.19,109.42,170.62,113.43,261.43,310.49,177.58,94.46,113.2,181.54
2002-08-03,82.53,283.07,194.61,415.0,277.81,265.74,91.25,273.23,215.38,162.57,99.54,69.77,140.87,107.42,247.83,89.68,85.22,116.32,84.43,144.4,39.37,224.22,85.18,98.99,59.86,125.6,75.14,64.14,29.66,172.59,57.15,180.39,78.64,348.11,40.38,340.37,74.6,186.68,161.34,426.54,115.48,70.18,96.22,106.67,170.1,112.3,264.97,308.73,177.52,96.42,112.35,182.54
2002-08-04,82.17,283.27,197.43,408.03,272.7,260.33,92.58,270.69,218.39,158.08,99.9,69.7,140.81,108.08,242.89,88.86,85.3,116.24,83.2,146.17,38.95,222.53,84.52,98.76,59.4,126.84,74.18,63.85,29.75,169.52,57.14,181.7,78.38,344.77,40.59,334.35,74.47,188.88,161.86,430.36,115.19,69.83,96.26,106.86,170.0,111.11,263.78,313.08,177.51,96.74,111.98,184.65
2002-08-05,80.87,283.59,198.91,409.2,269.12,258.77,93.92,271.3,217.2,158.13,98.96,69.18,140.04,109.7,247.3,88.83,85.74,115.25,82.48,144.95,39.09,222.58,84.97,98.59,59.84,126.15,74.22,63.42,29.49,171.74,56.48,179.82,77.95,344.72,40.67,339.61,74.21,189.69,160.88,429.84,116.18,69.58,96.99,105.89,168.27,111.39,263.98,315.97,178.14,97.19,111.06,183.71
2002-08-06,81.66,276.74,196.98,404.49,271.85,253.67,93.91,272.33,217.54,156.66,98.51,69.5,139.87,107.92,249.97,88.53,84.44,114.22,82.24,146.24,38.61,223.56,86.36,98.14,59.23,125.25,73.9,62.77,30.01,174.74,56.31,176.72,76.46,340.23,40.87,333.12,72.57,190.14,158.38,437.59,117.42,69.86,97.74,107.06,169.36,110.28,260.18,314.84,175.38,95.56,112.01,183.56
2002-08-07,82.16,276.31,195.97,408.15,273.51,251.15,94.55,273.08,218.51,155.24,98.72,69.57,139.46,109.15,252.38,88.84,84.24,114.7,81.74,147.18,38.34,225.09,85.78,97.0,59.2,125.31,73.91,63.77,29.61,175.59,57.05,175.47,76.37,340.2,40.75,340.54,73.14,193.78,158.11,437.42,116.62,69.66,96.81,107.87,170.38,109.21,258.4,315.25,175.16,96.01,112.36,182.46
2002-08-08,81.31,275.75,193.38,405.56,270.37,253.3,94.16,271.84,216.55,155.57,98.8,68.79,138.65,108.58,256.39,90.06,84.31,114.9,81.05,147.11,38.16,222.45,86.18,97.34,59.03,125.96,73.25,62.35,29.33,176.58,56.99,171.32,76.31,343.45,41.09,342.38,73.29,192.13,158.89,442.61,116.18,69.44,97.74,107.43,172.96,107.49,256.9,315.96,174.24,95.75,111.78,184.41
2002-08-09,81.0,269.43,192.98,409.77,264.08,250.99,94.71,267.78,221.64,156.45,98.61,69.34,141.15,109.06,256.33,90.52,82.59,113.41,80.09,147.37,38.1,224.66,86.1,96.7,57.98,126.73,74.15,61.91,29.61,177.39,57.87,174.92,75.54,347.46,40.85,339.03,73.42,193.54,160.11,440.79,116.89,69.4,96.78,107.93,175.01,106.24,261.08,312.92,172.27,94.84,112.67,185.67
2002-08-10,79.83,271.57,194.56,405.73,264.75,250.75,94.04,270.59,219.97,152.53,97.05,69.56,140.13,106.8,256.07,91.14,82.47,111.79,79.28,146.03,37.65,223.44,85.45,98.15,57.43,127.01,74.53,61.28,29.8,174.45,57.31,177.09,75.42,349.29,41.02,338.92,72.03,192.72,160.89,439.49,117.1,67.65,97.95,107.24,176.29,106.81,258.11,315.81,168.66,94.61,111.98,187.1
2002-08-11,79.81,269.56,194.39,400.99,266.28,248.01,93.68,269.03,221.11,151.76,96.0,70.13,140.33,106.81,253.55,92.44,82.51,112.34,79.14,147.26,37.33,221.89,85.1,98.82,57.91,126.99,74.01,60.27,29.9,175.29,56.74,179.5,75.15,349.7,41.13,340.2,71.62,194.09,161.51,437.64,118.14,67.45,97.26,107.17,179.67,106.7,260.02,316.29,168.22,93.98,113.2,187.06
2002-08-12,79.48,270.38,193.48,404.23,268.41,252.65,92.96,267.88,221.73,155.07,94.62,69.73,139.6,106.35,256.56,92.46,82.41,111.38,78.22,147.21,37.3,220.37,84.8,98.68,58.66,128.03,73.89,59.37,29.3,175.26,57.15,179.71,74.69,354.08,41.28,338.0,72.41,192.67,160.2,426.93,118.92,68.74,98.39,107.43,181.64,104.58,260.1,318.55,165.34,94.67,112.93,186.04
2002-08-13,77.94,269.87,195.31,404.79,265.1,253.25,91.22,269.22,220.04,155.26,93.62,68.99,139.84,105.09,255.84,92.33,83.4,109.91,76.65,148.26,37.21,220.82,85.09,98.14,58.75,128.33,74.27,59.35,29.38,176.17,57.06,174.99,74.53,366.52,41.21,336.1,74.1,191.06,159.56,424.29,118.63,68.66,98.6,106.85,183.35,102.43,260.2,317.59,165.5,95.08,112.9,187.95
2002-08-14,76.1,271.96,196.85,404.58,265.19,251.64,89.24,271.81,220.64,155.99,93.79,67.34,136.77,105.02,257.93,93.22,83.03,110.39,75.27,148.28,37.37,222.68,85.52,96.81,58.49,129.16,73.43,60.21,29.32,172.02,56.64,174.54,72.93,367.41,41.06,335.78,74.24,192.55,160.47,420.57,119.11,70.03,99.0,108.19,180.53,101.65,257.37,318.09,166.78,94.71,111.79,189.55
2002-08-15,77.32,272.94,197.58,398.25,265.77,252.54,87.84,267.62,222.38,154.62,94.16,66.52,136.9,105.05,258.92,93.0,82.39,110.24,76.79,145.81,37.16,222.74,85.92,96.77,58.85,130.0,72.47,59.86,29.48,174.72,56.63,178.49,73.0,366.14,41.62,336.2,75.0,197.2,162.4,414.39,119.29,69.67,98.95,105.96,182.4,101.64,255.86,317.94,166.4,94.19,110.88,187.93
2002-08-16,75.71,274.68,194.55,400.56,264.35,252.77,88.44,268.18,222.18,153.08,93.89,66.0,136.47,105.59,258.67,91.71,81.78,109.83,76.4,143.49,36.97,225.98,86.06,97.13,57.94,128.35,72.24,60.45,29.45,174.68,56.5,179.45,72.5,356.56,42.13,341.29,76.38,198.7,164.06,415.59,121.53,70.08,101.19,105.52,181.93,99.9,251.6,317.05,166.35,94.21,110.27,189.12
2002-08-17,74.89,273.59,193.74,402.31,263.55,251.16,87.9,267.74,220.94,155.87,94.61,65.57,135.83,105.44,259.39,92.38,81.0,109.56,75.95,143.67,36.9,223.56,86.49,96.23,58.12,128.72,71.44,59.88,29.5,173.15,56.42,180.49,73.43,357.83,42.08,347.9,75.5,199.23,162.71,410.75,122.57,69.98,101.0,105.36,180.63,99.64,252.57,314.69,170.34,93.63,111.27,189.33
2002-08-18,74.31,273.76,195.16,402.92,259.46,246.23,89.52,269.62,222.4,157.54,93.58,65.81,134.46,104.2,258.43,92.76,80.7,106.65,77.14,142.11,37.08,220.41,85.3,96.35,57.78,128.12,72.2,60.71,29.39,176.51,56.3,176.52,73.26,361.06,42.62,342.0,76.48,200.49,163.81,413.91,122.66,69.77,100.84,105.6,184.03,100.6,253.61,311.47,171.36,93.9,110.48,191.85
2002-08-19,73.96,275.3,196.76,407.02,259.75,245.66,89.55,269.79,219.05,159.69,93.28,65.15,135.21,102.31,260.29,94.51,81.03,105.04,76.55,142.04,36.67,220.55,84.84,96.76,58.28,129.22,73.99,60.96,29.28,175.05,55.84,179.41,73.76,364.34,42.44,342.8,75.75,203.06,166.5,403.61,123.61,67.97,100.03,104.78,182.15,100.82,246.17,318.99,170.65,94.52,110.56,193.11
2002-08-20,73.97,272.3,197.66,403.73,261.06,249.79,88.75,266.61,222.32,158.85,93.45,65.25,132.77,104.34,258.21,93.78,81.39,104.3,76.94,143.46,36.91,223.68,84.73,96.32,57.68,128.92,73.93,60.23,29.44,175.02,55.52,176.55,72.3,364.98,41.96,339.09,75.44,203.48,164.21,411.86,125.64,67.51,100.42,105.1,185.73,100.16,245.2,321.16,172.62,94.22,110.28,196.35
2002-08-21,74.43,275.09,196.22,403.9,261.75,252.17,88.09,272.57,224.51,156.85,94.82,66.1,133.72,105.4,263.03,93.22,82.85,104.48,75.82,139.68,37.3,223.96,86.32,97.21,58.38,126.77,73.11,61.99,29.18,174.58,56.09,175.69,71.36,361.15,41.38,344.14,74.69,202.74,163.72,418.96,126.27,66.34,101.27,105.87,188.74,98.53,244.17,324.21,171.18,94.21,108.5,194.85
2002-08-22,75.29,275.04,197.13,405.72,263.49,252.82,89.47,271.29,225.57,155.3,95.68,65.38,134.78,105.9,263.03,94.1,83.53,103.02,76.15,139.36,37.39,226.3,86.26,96.1,57.54,126.39,73.41,61.32,29.58,174.15,57.0,175.19,72.21,362.4,41.59,346.6,74.48,198.66,161.79,422.94,126.46,66.25,100.54,105.58,188.66,98.45,245.05,322.96,173.41,95.34,108.79,197.66
2002-08-23,75.98,273.22,199.2,404.3,262.49,251.94,86.55,268.46,222.95,154.45,95.89,65.19,136.43,104.25,257.86,94.18,82.63,103.9,76.6,138.82,37.75,225.73,85.62,96.3,56.8,127.99,73.48,61.15,29.23,175.61,56.8,174.66,72.39,359.38,41.41,337.62,75.02,199.3,162.85,432.08,126.6,67.23,100.1,107.37,192.36,98.85,246.52,323.03,174.43,94.44,108.84,196.03
2002-08-24,78.14,278.35,199.27,404.82,264.64,255.25,86.52,270.62,225.88,153.71,95.77,64.76,135.86,104.66,260.72,94.22,83.59,103.65,76.26,140.6,36.9,222.43,84.29,96.05,56.89,126.58,72.96,60.3,29.3,173.83,56.78,174.69,73.17,361.23,41.35,334.13,75.04,201.77,165.34,429.43,125.44,66.15,99.2,106.05,193.13,99.44,248.83,328.1,171.7,94.04,108.17,193.49
2002-08-25,77.15,278.26,199.18,397.46,265.73,253.06,86.09,271.24,222.11,153.91,97.44,63.05,136.82,103.7,261.9,93.83,84.22,103.14,77.8,142.59,37.38,219.05,84.57,95.88,56.05,126.18,73.35,61.17,29.09,172.92,56.69,172.78,72.35,353.23,40.76,329.86,75.45,204.09,167.72,431.34,126.27,66.03,100.83,105.82,194.76,100.35,248.82,321.97,171.85,93.38,108.31,195.66
2002-08-26,77.23,274.11,199.2,390.41,262.89,248.86,85.44,274.28,223.73,154.04,96.91,63.38,136.84,104.53,262.78,95.84,84.37,103.1,77.14,143.12,38.17,217.88,82.89,96.83,56.0,128.24,73.12,60.49,29.2,173.2,55.83,173.47,73.09,347.29,41.45,328.76,75.2,206.7,168.73,441.2,125.66,66.34,100.78,106.16,196.51,100.4,249.06,323.38,172.55,93.56,109.43,197.35
2002-08-27,78.12,269.04,198.42,386.1,266.27,251.44,86.13,272.77,222.46,153.08,97.9,64.16,136.74,105.87,263.04,96.43,85.63,103.41,77.8,144.99,37.3,215.22,82.33,95.48,56.38,127.64,72.66,61.5,29.58,172.75,55.4,172.24,73.66,341.99,41.3,320.49,75.62,205.55,168.31,439.42,125.71,66.23,100.11,106.15,195.53,99.56,245.96,330.96,173.08,94.43,109.7,196.72
2002-08-28,79.29,269.49,197.41,387.03,263.65,247.6,86.63,269.66,221.24,155.1,96.98,64.21,136.07,106.73,268.69,96.62,84.71,104.2,78.02,142.96,36.67,212.71,82.67,96.59,55.65,127.39,71.72,60.63,29.44,174.18,55.1,172.15,74.66,343.0,41.5,322.63,75.7,207.03,167.17,437.78,127.34,67.34,100.52,105.97,194.42,100.84,248.08,336.55,174.15,95.68,110.82,199.66
2002-08-29,79.53,268.65,196.55,390.16,258.89,251.31,85.65,270.85,223.47,157.13,98.56,64.21,133.55,103.92,269.34,96.7,84.66,106.29,78.15,145.37,36.75,213.76,82.54,95.37,56.67,127.02,72.58,60.93,29.87,175.08,55.25,172.19,72.85,341.17,41.39,326.02,75.72,207.77,170.52,433.8,127.56,67.95,100.96,103.79,197.99,100.8,250.3,335.77,173.78,94.78,111.82,199.03
2002-08-30,79.19,267.03,199.91,392.64,260.54,248.81,85.55,272.42,224.31,156.65,97.86,63.19,131.96,104.94,271.04,96.14,85.32,106.54,77.89,146.11,36.11,214.56,82.2,93.99,55.31,125.94,72.55,61.81,29.51,177.37,54.98,172.41,73.23,337.09,41.83,323.75,74.61,209.4,170.65,432.63,126.61,68.02,100.72,104.11,198.37,99.44,248.6,338.58,173.22,94.7,112.51,199.14
2002-08-31,78.51,266.99,197.06,391.68,260.47,249.68,84.75,274.71,228.11,156.06,98.47,63.85,131.85,104.98,271.83,94.33,84.56,107.74,77.13,146.7,36.23,214.3,81.73,92.51,55.17,125.49,70.6,62.61,29.42,176.87,55.1,172.08,72.74,335.34,40.87,327.74,75.27,210.41,171.27,422.79,125.21,68.95,100.51,103.58,197.34,99.17,248.44,339.08,172.07,96.6,113.97,198.64
2002-09-01,79.83,266.94,196.05,388.26,262.06,249.18,84.78,274.45,229.23,154.67,97.28,63.47,132.07,103.69,268.84,96.0,84.85,106.11,76.45,144.76,36.72,213.85,82.44,92.49,55.16,126.25,70.65,62.45,30.04,177.29,54.54,173.51,71.92,339.26,40.78,326.77,74.92,213.64,172.43,434.47,125.65,68.62,101.39,103.23,196.21,98.72,242.08,335.06,170.04,96.67,114.22,197.58
2002-09-02,81.19,270.4,194.44,388.8,265.71,248.2,84.94,273.77,228.64,154.76,95.43,63.21,132.54,103.31,267.87,95.44,84.04,104.7,75.76,145.92,36.54,213.16,82.8,93.43,55.28,127.14,72.0,62.91,30.09,176.48,54.74,173.67,70.54,341.83,41.2,326.94,73.83,215.36,173.61,438.46,125.1,67.61,98.95,102.97,195.11,100.13,242.34,339.36,170.27,96.16,113.2,196.68
2002-09-03,81.69,273.48,194.94,386.24,262.44,248.69,84.48,275.92,225.59,155.28,96.44,63.32,134.28,102.46,266.59,96.14,83.51,104.07,76.52,143.41,36.64,212.33,81.55,92.33,54.67,126.87,73.02,63.2,30.31,178.81,54.6,172.18,70.01,342.61,41.13,325.47,72.97,213.82,173.64,446.24,125.91,68.28,99.82,99.96,197.9,101.19,243.73,341.8,170.72,95.97,113.17,193.94
2002-09-04,81.75,273.52,194.73,384.46,267.63,248.21,84.22,271.84,224.86,156.79,95.98,63.12,134.75,104.45,268.51,96.98,82.72,106.81,76.44,145.27,36.71,211.57,80.75,90.28,55.55,125.57,73.1,62.63,30.26,177.94,54.11,170.05,69.72,345.55,40.52,321.96,74.2,215.6,174.95,444.56,128.88,67.52,99.56,101.25,199.15,102.23,243.62,349.93,172.92,94.97,112.32,194.06
2002-09-05,81.77,275.47,195.25,387.29,265.17,248.58,83.87,272.02,221.8,155.86,96.09,62.97,132.24,102.46,266.23,96.32,83.24,105.9,75.98,142.68,36.68,210.1,81.16,89.33,54.93,124.24,72.2,62.39,30.75,179.78,53.72,166.66,68.75,338.38,40.4,317.6,75.25,215.89,175.92,444.56,128.61,67.92,99.92,100.94,201.84,101.38,238.16,350.63,172.61,95.28,113.93,192.31
2002-09-06,82.37,275.25,190.31,388.25,269.04,250.48,83.79,271.84,219.56,154.9,96.98,64.47,133.28,104.79,264.71,98.23,83.02,108.2,76.53,143.65,36.3,211.32,81.88,91.07,54.9,124.66,72.6,62.47,30.38,178.72,54.03,166.78,68.62,340.12,40.28,318.79,75.71,209.86,177.7,442.25,127.16,69.2,99.42,102.23,200.84,102.98,238.53,353.58,172.07,95.7,113.22,191.88
2002-09-07,82.68,270.86,189.89,384.68,265.36,251.5,83.79,268.85,219.31,155.03,97.59,63.71,135.05,104.24,268.33,98.83,83.67,108.13,76.8,143.08,36.58,208.8,81.82,90.67,55.1,123.9,72.33,62.06,30.86,180.68,52.91,165.94,68.23,338.36,40.46,317.17,75.92,208.15,175.24,443.22,126.28,68.73,100.48,100.91,198.74,100.3,237.86,351.55,172.69,96.65,111.64,187.57
2002-09-08,82.8,269.38,192.18,385.37,269.66,253.28,82.19,266.42,220.49,156.32,96.43,63.66,134.17,103.96,270.67,100.87,84.42,109.1,77.28,143.65,36.91,209.15,81.29,91.3,55.18,124.02,72.62,61.99,30.93,180.17,53.63,169.05,67.5,346.84,41.66,311.37,75.3,207.11,175.58,442.53,123.69,68.33,100.85,100.72,199.77,99.15,239.67,353.68,174.19,95.5,111.55,185.06
2002-09-09,82.26,271.39,189.64,382.33,270.46,251.68,82.43,262.54,227.15,159.56,97.57,64.64,133.33,103.0,268.67,102.42,85.84,110.87,77.55,143.59,36.69,206.13,79.44,90.41,55.32,126.46,71.81,61.4,30.81,177.85,54.08,167.89,67.59,344.04,41.72,310.82,75.32,204.39,176.83,438.82,122.82,68.1,100.63,101.62,196.98,97.95,236.53,352.53,172.0,96.75,112.25,186.49
2002-09-10,81.12,271.83,190.27,382.03,269.92,251.47,82.21,262.6,227.25,159.4,96.76,63.77,135.13,102.75,269.12,104.05,86.73,110.87,77.78,143.7,36.35,206.2,79.62,89.93,55.53,126.91,72.03,60.73,30.55,179.17,53.37,166.69,67.45,339.83,41.57,314.0,74.13,202.59,178.71,448.92,121.67,68.33,101.29,101.17,197.46,97.88,235.58,350.9,174.07,97.12,111.9,185.89
2002-09-11,81.66,272.0,190.63,390.45,271.8,248.37,81.3,262.25,224.26,163.57,96.52,63.43,133.26,101.59,274.44,103.54,86.67,110.8,78.11,142.93,36.4,205.86,80.47,89.05,55.49,129.33,73.57,61.28,31.03,178.61,53.76,165.47,66.6,336.71,41.94,314.42,74.43,203.17,178.73,441.07,123.36,69.34,101.01,101.19,197.39,98.7,238.34,353.2,173.94,96.19,112.16,186.13
2002-09-12,80.16,274.1,189.76,386.18,270.12,249.0,81.72,264.72,222.79,165.21,97.18,62.8,134.35,101.29,275.99,103.87,87.1,111.12,77.35,141.57,36.42,204.25,80.59,87.71,55.31,130.51,73.55,62.32,31.03,177.47,54.6,166.69,67.11,339.36,42.66,314.55,74.72,203.55,177.97,446.18,123.47,69.45,100.61,100.53,196.82,98.22,238.65,342.02,171.22,93.7,111.1,186.51
2002-09-13,78.86,272.28,191.36,388.62,273.81,248.02,82.61,261.28,220.36,167.08,96.45,63.16,134.99,101.45,277.41,103.32,87.13,110.22,77.42,139.53,36.9,202.96,81.11,87.21,54.96,130.26,74.78,62.37,31.27,177.56,53.88,167.2,66.34,341.25,43.15,313.32,73.99,201.82,177.26,443.37,121.3,68.74,100.52,101.12,198.22,97.95,232.49,343.66,171.89,94.93,111.61,187.8
2002-09-14,78.85,271.38,195.76,386.78,278.41,251.17,81.62,257.87,220.2,167.54,95.6,63.23,136.44,101.61,278.95,101.94,87.58,110.64,77.37,140.12,37.2,204.69,81.14,86.99,53.83,131.92,75.48,61.55,31.62,177.04,53.88,165.24,67.76,343.79,43.32,313.03,73.87,199.5,179.33,435.75,121.19,69.24,100.01,102.26,197.56,97.44,233.82,342.93,170.25,94.81,112.57,187.82
2002-09-15,79.49,271.33,194.96,382.01,279.6,251.31,81.21,257.37,223.68,168.4,95.44,62.67,135.67,102.69,277.53,101.85,86.53,111.42,77.72,139.81,37.31,204.39,82.01,88.0,54.62,134.07,75.89,61.16,31.06,176.99,53.41,164.7,69.27,338.33,43.43,315.64,74.53,200.12,179.01,437.57,122.58,68.94,99.2,102.83,200.49,97.97,233.42,341.83,170.38,95.79,110.7,186.6
2002-09-16,80.47,274.9,195.93,378.01,281.41,249.43,81.88,258.45,227.77,168.3,95.81,62.26,137.79,102.03,275.43,102.24,87.11,112.7,76.44,141.23,37.41,206.92,81.69,87.62,54.38,132.85,76.79,60.67,31.11,173.9,52.57,165.54,70.14,336.86,43.31,310.39,73.76,196.48,181.27,436.6,122.53,69.35,100.26,104.11,199.78,98.09,235.84,338.57,171.84,94.47,110.44,188.52
2002-09-17,81.01,275.82,194.46,377.33,282.78,247.92,80.51,255.41,227.0,166.92,96.07,61.08,138.83,102.57,276.56,101.14,85.19,112.05,75.2,140.41,37.92,205.52,82.12,87.0,55.12,131.93,77.65,61.2,31.52,175.47,52.49,164.09,71.05,335.12,43.82,306.71,73.57,195.51,180.28,445.26,121.19,69.54,101.77,104.15,205.76,98.07,241.05,338.2,173.3,94.15,110.64,189.67
2002-09-18,79.27,276.87,192.83,379.19,278.68,243.12,80.27,251.57,226.81,169.01,96.04,61.33,143.04,104.74,276.98,101.29,85.26,110.37,74.41,141.34,37.69,204.9,80.89,86.59,55.79,131.87,77.59,61.42,31.52,174.51,52.12,163.59,71.77,332.22,43.21,306.24,74.06,196.49,182.13,438.05,120.05,68.28,101.21,104.55,200.77,96.43,239.19,337.83,173.08,95.15,111.25,187.64
2002-09-19,78.63,276.06,188.82,388.22,278.29,245.03,79.09,245.04,224.61,166.41,94.08,61.16,142.91,104.92,277.1,98.51,84.85,109.15,73.21,141.28,37.78,206.66,79.13,86.3,56.67,133.88,78.61,61.28,30.85,177.01,52.03,160.97,72.23,333.77,43.12,309.61,74.66,199.67,181.51,434.86,119.25,67.91,100.58,104.81,197.08,97.73,241.31,334.67,171.23,94.63,110.58,186.48
2002-09-20,78.66,270.17,191.16,390.41,273.0,246.79,78.87,243.62,226.19,166.63,94.29,60.85,144.1,104.03,275.49,97.24,85.43,108.57,73.73,141.92,37.38,205.61,78.64,86.14,55.52,133.16,80.08,62.02,30.82,177.46,52.41,161.28,72.96,330.63,42.65,309.34,75.66,197.34,184.06,434.58,118.61,68.57,101.55,105.31,197.3,98.72,235.52,334.93,172.4,96.4,110.42,184.4
2002-09-21,77.71,273.28,191.47,390.85,271.73,244.92,78.76,242.53,225.48,163.24,93.74,61.07,148.03,103.12,275.8,97.69,85.75,109.51,73.63,141.05,36.82,205.87,80.35,85.83,56.23,133.09,80.17,61.6,30.64,176.38,52.39,164.2,74.09,328.7,42.43,306.48,75.72,195.87,184.61,438.61,117.34,69.9,102.16,106.51,199.52,97.37,233.86,336.58,169.09,98.51,110.0,184.21
2002-09-22,78.67,268.2,190.51,389.51,274.67,247.49,78.86,244.5,226.25,164.98,94.46,60.61,148.7,103.79,277.49,95.19,86.95,110.25,73.99,142.08,36.82,207.27,79.14,86.38,56.15,132.12,81.4,60.74,31.02,176.26,52.55,163.43,74.13,327.39,42.45,308.82,75.15,197.72,186.95,434.17,117.84,69.85,101.23,106.19,198.46,96.82,231.02,336.05,168.5,99.09,112.94,187.39
2002-09-23,79.38,268.09,192.97,384.41,268.26,247.13,79.4,246.9,229.03,164.27,95.73,60.63,149.6,104.41,280.38,94.28,87.54,109.23,73.65,143.54,36.76,206.28,80.06,86.31,56.83,130.8,81.25,60.76,30.72,175.49,52.43,164.78,74.77,330.45,42.81,307.31,74.97,196.79,186.11,436.42,117.42,68.54,100.95,105.87,192.78,96.14,228.29,338.37,168.58,99.29,112.77,185.75
2002-09-24,79.25,267.64,192.55,384.69,262.24,245.56,78.93,250.57,231.68,161.87,95.88,60.12,149.21,102.75,280.13,95.67,88.03,109.2,74.57,140.86,36.71,208.53,80.27,85.75,57.0,129.68,80.35,60.66,29.94,173.19,52.78,164.96,75.36,331.58,43.18,297.83,75.25,194.43,184.26,438.3,116.15,68.67,100.58,105.4,192.64,96.15,228.21,340.8,168.47,99.2,114.86,187.47
2002-09-25,79.34,269.17,192.85,386.18,261.8,251.03,79.12,252.2,229.63,162.82,95.44,61.16,146.56,100.63,277.59,96.0,86.21,108.28,73.93,140.15,36.88,208.9,80.2,85.26,56.6,131.32,80.58,61.78,30.36,172.45,53.0,164.71,75.71,327.31,42.88,296.74,76.26,193.1,184.47,430.43,115.6,67.96,99.59,104.99,194.32,96.47,230.71,334.39,168.45,100.27,115.32,187.52
2002-09-26,80.61,270.09,193.85,391.65,261.84,251.85,78.73,251.16,235.08,161.76,96.57,60.73,145.84,101.11,280.82,96.31,86.52,108.73,74.41,138.54,37.16,209.22,81.23,83.24,56.12,130.75,81.2,62.1,30.6,173.22,53.62,166.8,74.8,328.79,43.04,301.0,76.72,194.57,184.4,432.42,114.73,66.95,98.2,105.97,194.68,96.63,232.29,337.63,168.64,100.86,115.35,186.64
